-- =============================================================================
-- ERIS Data
-- Generated from Rust definitions
-- =============================================================================

BEGIN TRANSACTION;

-- Entity Categories
INSERT INTO entity_categories (id, name) VALUES (1, 'Primary');
INSERT INTO entity_categories (id, name) VALUES (2, 'Institutional');
INSERT INTO entity_categories (id, name) VALUES (3, 'Conceptual');
INSERT INTO entity_categories (id, name) VALUES (4, 'Relational');
INSERT INTO entity_categories (id, name) VALUES (5, 'Process');
INSERT INTO entity_categories (id, name) VALUES (6, 'Compound');
INSERT INTO entity_categories (id, name) VALUES (7, 'UserDefined');

-- Operator Modules
INSERT INTO operator_modules (id, name, description) VALUES (1, 'armenian', 'Property vectors (0-9 scale)');
INSERT INTO operator_modules (id, name, description) VALUES (2, 'chronos', 'Temporal/teleological operators');
INSERT INTO operator_modules (id, name, description) VALUES (3, 'georgian', 'Workflow state operators');
INSERT INTO operator_modules (id, name, description) VALUES (4, 'logical', 'Mathematical notation');
INSERT INTO operator_modules (id, name, description) VALUES (5, 'meta', 'Self-referential operators');
INSERT INTO operator_modules (id, name, description) VALUES (6, 'ontology', 'Constitution/grounding operators');
INSERT INTO operator_modules (id, name, description) VALUES (7, 'semantic', 'Meaning dynamics operators');

-- Entities
INSERT INTO entities (id, symbol, name, description, category_id, sort_order) VALUES (1, '⚘', 'Person', 'Named individual, human agent, biographical subject', 1, 1);
INSERT INTO symbols (symbol, codepoint, symbol_type, name) VALUES ('⚘', 'U+2698', 'entity', 'Person');
INSERT INTO entity_definition_lines (id, entity_id, prefix, content, line_order) VALUES (1, 1, '≡', 'person ∧ named individual', 1);
INSERT INTO entity_definition_lines (id, entity_id, prefix, content, line_order) VALUES (2, 1, '≝', 'human agent ∧ biographical subject ∧ attributed author', 2);
INSERT INTO entity_definition_lines (id, entity_id, prefix, content, line_order) VALUES (3, 1, '∂', '⚘⊅{⧈,⧊,fictional} ∧ ◻ historical attestation', 3);
INSERT INTO entity_definition_lines (id, entity_id, prefix, content, line_order) VALUES (4, 1, '⊛', '⚘⦑Full Name|Name of Place⦒ ∧ ⚘∈{⚘⊕⊙⊕⊳,⚘⊕⊙⊕𝄏⊕⊳}', 4);
INSERT INTO entity_definition_lines (id, entity_id, prefix, content, line_order) VALUES (5, 1, '⊛', '⚘→proper_name ∧ ⚘∈historical_record', 5);
INSERT INTO entity_definition_lines (id, entity_id, prefix, content, line_order) VALUES (6, 1, '◻', 'Scholarly standard ∂¬uniform:', 6);
INSERT INTO entity_definition_lines (id, entity_id, prefix, content, line_order) VALUES (7, 1, '◻', '  Initials: {C.S. Peirce, W.E.B. Du Bois, J.L. Austin}', 7);
INSERT INTO entity_definition_lines (id, entity_id, prefix, content, line_order) VALUES (8, 1, '◻', '  Full: {William James, John Stuart Mill, Karl Marx}', 8);
INSERT INTO entity_definition_lines (id, entity_id, prefix, content, line_order) VALUES (9, 1, '◻', '  Mixed: {Thomas S. Kuhn}', 9);
INSERT INTO entity_definition_lines (id, entity_id, prefix, content, line_order) VALUES (10, 1, '◻', 'Toponym: ⚘⦑Pytheas of Massalia⦒≡complete_id', 10);
INSERT INTO entity_definition_lines (id, entity_id, prefix, content, line_order) VALUES (11, 1, '◻', '  ∂{¬⚘⦑Pytheas⦒, ¬separate ⌖}', 11);
INSERT INTO entity_definition_lines (id, entity_id, prefix, content, line_order) VALUES (12, 1, '◻', '  ∂{¬parentheses, ¬⚘⦑Person (Disambiguation)⦒}', 12);
INSERT INTO entity_definition_lines (id, entity_id, prefix, content, line_order) VALUES (13, 1, '◻', 'Compound: {⚘⊕⊙⊕⊳, ⚘⊕⊙⊕𝄏⊕⊳}', 13);
INSERT INTO entity_definition_lines (id, entity_id, prefix, content, line_order) VALUES (14, 1, '◻', 'Co-authors: →∧', 14);
INSERT INTO entity_definition_lines (id, entity_id, prefix, content, line_order) VALUES (15, 1, '≟', '"the [occupation]"→⧈', 15);
INSERT INTO entity_definition_lines (id, entity_id, prefix, content, line_order) VALUES (16, 1, '≟', 'collective→⧈', 16);
INSERT INTO entity_definition_lines (id, entity_id, prefix, content, line_order) VALUES (17, 1, '≟', 'role→⧊', 17);
INSERT INTO entity_definition_lines (id, entity_id, prefix, content, line_order) VALUES (18, 1, '≟', 'fictional→∅', 18);
INSERT INTO entity_definition_lines (id, entity_id, prefix, content, line_order) VALUES (19, 1, '⊨', '⚘⊂historically attested individuals', 19);
INSERT INTO entities (id, symbol, name, description, category_id, sort_order) VALUES (2, '⌖', 'Place', 'Geographic entity, spatial extent, physical location', 1, 2);
INSERT INTO symbols (symbol, codepoint, symbol_type, name) VALUES ('⌖', 'U+2316', 'entity', 'Place');
INSERT INTO entity_definition_lines (id, entity_id, prefix, content, line_order) VALUES (20, 2, '≡', 'geographic entity ∧ spatial extent', 1);
INSERT INTO entity_definition_lines (id, entity_id, prefix, content, line_order) VALUES (21, 2, '≝', 'geographic specificity ∧ spatial boundaries ∧ physical location', 2);
INSERT INTO entity_definition_lines (id, entity_id, prefix, content, line_order) VALUES (22, 2, '∂', '⌖⊅{metonymic concept, ⚘ name component} ∧ ◻ spatial referent', 3);
INSERT INTO entity_definition_lines (id, entity_id, prefix, content, line_order) VALUES (23, 2, '⊛', '⌖⦑Place|Region|Feature⦒ ∧ rivers∧mountains∧seas', 4);
INSERT INTO entity_definition_lines (id, entity_id, prefix, content, line_order) VALUES (24, 2, '◻', 'Simple name ∂¬tag disambiguation:', 5);
INSERT INTO entity_definition_lines (id, entity_id, prefix, content, line_order) VALUES (25, 2, '◻', '  Single: {Rome, England, Africa}', 6);
INSERT INTO entity_definition_lines (id, entity_id, prefix, content, line_order) VALUES (26, 2, '◻', '  Comma: {St. Augustine, FL | Watts, Los Angeles}', 7);
INSERT INTO entity_definition_lines (id, entity_id, prefix, content, line_order) VALUES (27, 2, '◻', '  ∂¬country suffix: {Ottawa}', 8);
INSERT INTO entity_definition_lines (id, entity_id, prefix, content, line_order) VALUES (28, 2, '◻', 'Scale continents→streets:', 9);
INSERT INTO entity_definition_lines (id, entity_id, prefix, content, line_order) VALUES (29, 2, '◻', '  Continent: {Africa}', 10);
INSERT INTO entity_definition_lines (id, entity_id, prefix, content, line_order) VALUES (30, 2, '◻', '  Region: {Midwest}', 11);
INSERT INTO entity_definition_lines (id, entity_id, prefix, content, line_order) VALUES (31, 2, '◻', '  City: {Rome}', 12);
INSERT INTO entity_definition_lines (id, entity_id, prefix, content, line_order) VALUES (32, 2, '◻', '  Street: {Hudson Street}', 13);
INSERT INTO entity_definition_lines (id, entity_id, prefix, content, line_order) VALUES (33, 2, '◻', '  Features: {Gulf Stream, Northwest Passage, Ohio River}', 14);
INSERT INTO entity_definition_lines (id, entity_id, prefix, content, line_order) VALUES (34, 2, '◻', '  ◻ historically significant ∂¬buildings', 15);
INSERT INTO entity_definition_lines (id, entity_id, prefix, content, line_order) VALUES (35, 2, '◻', 'Historical contextual:', 16);
INSERT INTO entity_definition_lines (id, entity_id, prefix, content, line_order) VALUES (36, 2, '◻', '  Regime: {Nazi Germany, Soviet Union}', 17);
INSERT INTO entity_definition_lines (id, entity_id, prefix, content, line_order) VALUES (37, 2, '◻', '  Cultural: {Silicon Valley, New England}', 18);
INSERT INTO entity_definition_lines (id, entity_id, prefix, content, line_order) VALUES (38, 2, '◻', '  Archaeological: {Troy, Sodom and Gomorrah}', 19);
INSERT INTO entity_definition_lines (id, entity_id, prefix, content, line_order) VALUES (39, 2, '◻', '∂ Metonymic {¬place→concept/event/system}:', 20);
INSERT INTO entity_definition_lines (id, entity_id, prefix, content, line_order) VALUES (40, 2, '◻', '  monetary→⧖⦑Bretton Woods Era⦒', 21);
INSERT INTO entity_definition_lines (id, entity_id, prefix, content, line_order) VALUES (41, 2, '◻', '  sovereignty→⧊⦑Westphalian System⦒', 22);
INSERT INTO entity_definition_lines (id, entity_id, prefix, content, line_order) VALUES (42, 2, '◻', '  financial→⍚⦑Wall Street⦒', 23);
INSERT INTO entity_definition_lines (id, entity_id, prefix, content, line_order) VALUES (43, 2, '◻', '  "in/at [Place]"→likely ⌖', 24);
INSERT INTO entity_definition_lines (id, entity_id, prefix, content, line_order) VALUES (44, 2, '◻', '  "[Place] system/model"→⧊', 25);
INSERT INTO entity_definition_lines (id, entity_id, prefix, content, line_order) VALUES (45, 2, '◻', '  "[Place] era"→⧖', 26);
INSERT INTO entity_definition_lines (id, entity_id, prefix, content, line_order) VALUES (46, 2, '◻', '  "[Place] believes"→⍚', 27);
INSERT INTO entity_definition_lines (id, entity_id, prefix, content, line_order) VALUES (47, 2, '◻', 'Toponym exclusion:', 28);
INSERT INTO entity_definition_lines (id, entity_id, prefix, content, line_order) VALUES (48, 2, '◻', '  ∂¬separate ⌖ when ∈⚘ name', 29);
INSERT INTO entity_definition_lines (id, entity_id, prefix, content, line_order) VALUES (49, 2, '≟', 'literal spatial→⌖', 30);
INSERT INTO entity_definition_lines (id, entity_id, prefix, content, line_order) VALUES (50, 2, '≟', 'metonymic system→⧊', 31);
INSERT INTO entity_definition_lines (id, entity_id, prefix, content, line_order) VALUES (51, 2, '≟', 'metonymic institution→⍚', 32);
INSERT INTO entity_definition_lines (id, entity_id, prefix, content, line_order) VALUES (52, 2, '≟', 'temporal period→⧖', 33);
INSERT INTO entity_definition_lines (id, entity_id, prefix, content, line_order) VALUES (53, 2, '≟', 'specific event→⌁', 34);
INSERT INTO entity_definition_lines (id, entity_id, prefix, content, line_order) VALUES (54, 2, '⊨', '⌖⊂literal spatial referents ∧ physical geography', 35);
INSERT INTO entities (id, symbol, name, description, category_id, sort_order) VALUES (3, '⧖', 'Era', 'Named temporal span with historiographic legitimacy', 1, 3);
INSERT INTO symbols (symbol, codepoint, symbol_type, name) VALUES ('⧖', 'U+29D6', 'entity', 'Era');
INSERT INTO entity_definition_lines (id, entity_id, prefix, content, line_order) VALUES (55, 3, '≡', 'named temporal span ∧ historiographic period', 1);
INSERT INTO entity_definition_lines (id, entity_id, prefix, content, line_order) VALUES (56, 3, '≝', 'bounded duration ∧ scholarly legitimacy ∧ temporal marker', 2);
INSERT INTO entity_definition_lines (id, entity_id, prefix, content, line_order) VALUES (57, 3, '∂', '⧖⊅{⊙,⌁} ∧ ◻ 4 criteria{named,bounded,geographic,citable}', 3);
INSERT INTO entity_definition_lines (id, entity_id, prefix, content, line_order) VALUES (58, 3, '⊛', '⧖⦑Era|Century|Decade⦒', 4);
INSERT INTO entity_definition_lines (id, entity_id, prefix, content, line_order) VALUES (59, 3, '◻', '4 criteria ◻□∀⧖:', 5);
INSERT INTO entity_definition_lines (id, entity_id, prefix, content, line_order) VALUES (60, 3, '◻', '  named: {historiographic designation ∃scholars reference}', 6);
INSERT INTO entity_definition_lines (id, entity_id, prefix, content, line_order) VALUES (61, 3, '◻', '  bounded: {temporal limits start∧end}', 7);
INSERT INTO entity_definition_lines (id, entity_id, prefix, content, line_order) VALUES (62, 3, '◻', '  geographic: {spatial context implicit∨explicit}', 8);
INSERT INTO entity_definition_lines (id, entity_id, prefix, content, line_order) VALUES (63, 3, '◻', '  citable: {scholarly legitimacy academic∨conventional}', 9);
INSERT INTO entity_definition_lines (id, entity_id, prefix, content, line_order) VALUES (64, 3, '◻', 'Century:', 10);
INSERT INTO entity_definition_lines (id, entity_id, prefix, content, line_order) VALUES (65, 3, '◻', '  Spell out ∂¬abbreviations', 11);
INSERT INTO entity_definition_lines (id, entity_id, prefix, content, line_order) VALUES (66, 3, '◻', '  ✓⧖⦑Eighteenth Century|Nineteenth Century|Early Twentieth Century⦒', 12);
INSERT INTO entity_definition_lines (id, entity_id, prefix, content, line_order) VALUES (67, 3, '◻', '  ∂✗⧖⦑18th Century|19th C.⦒', 13);
INSERT INTO entity_definition_lines (id, entity_id, prefix, content, line_order) VALUES (68, 3, '◻', '  Modifiers: {Early, Late, Mid-}', 14);
INSERT INTO entity_definition_lines (id, entity_id, prefix, content, line_order) VALUES (69, 3, '◻', 'Decade:', 15);
INSERT INTO entity_definition_lines (id, entity_id, prefix, content, line_order) VALUES (70, 3, '◻', '  Numeric primary|written valid', 16);
INSERT INTO entity_definition_lines (id, entity_id, prefix, content, line_order) VALUES (71, 3, '◻', '  ⧖⦑1970s|1980s|1920s⦒', 17);
INSERT INTO entity_definition_lines (id, entity_id, prefix, content, line_order) VALUES (72, 3, '◻', '  ⧖⦑The Sixties|The Twenties⦒', 18);
INSERT INTO entity_definition_lines (id, entity_id, prefix, content, line_order) VALUES (73, 3, '◻', 'Era suffixes:', 19);
INSERT INTO entity_definition_lines (id, entity_id, prefix, content, line_order) VALUES (74, 3, '◻', '  Era consistent|conventional→variant', 20);
INSERT INTO entity_definition_lines (id, entity_id, prefix, content, line_order) VALUES (75, 3, '◻', '  ⧖⦑Victorian Era|Nazi Era|Industrial Era⦒', 21);
INSERT INTO entity_definition_lines (id, entity_id, prefix, content, line_order) VALUES (76, 3, '◻', '  ⧖⦑Pre-Socratic Period|Interwar Period⦒', 22);
INSERT INTO entity_definition_lines (id, entity_id, prefix, content, line_order) VALUES (77, 3, '◻', '  ⧖⦑Archaic Greece|Renaissance⦒', 23);
INSERT INTO entity_definition_lines (id, entity_id, prefix, content, line_order) VALUES (78, 3, '◻', 'War:', 24);
INSERT INTO entity_definition_lines (id, entity_id, prefix, content, line_order) VALUES (79, 3, '◻', '  Δt>1yr∧sustained→⧖', 25);
INSERT INTO entity_definition_lines (id, entity_id, prefix, content, line_order) VALUES (80, 3, '◻', '  specific battles→⌁', 26);
INSERT INTO entity_definition_lines (id, entity_id, prefix, content, line_order) VALUES (81, 3, '◻', '  ⧖⦑World War I|World War II⦒', 27);
INSERT INTO entity_definition_lines (id, entity_id, prefix, content, line_order) VALUES (82, 3, '◻', 'Geographic specificity:', 28);
INSERT INTO entity_definition_lines (id, entity_id, prefix, content, line_order) VALUES (83, 3, '◻', '  global→implicit|regional→explicit', 29);
INSERT INTO entity_definition_lines (id, entity_id, prefix, content, line_order) VALUES (84, 3, '◻', '  ⧖⦑Renaissance⦒(European implied)', 30);
INSERT INTO entity_definition_lines (id, entity_id, prefix, content, line_order) VALUES (85, 3, '◻', '  ⧖⦑Italian Renaissance|Northern Renaissance⦒', 31);
INSERT INTO entity_definition_lines (id, entity_id, prefix, content, line_order) VALUES (86, 3, '◻', 'Composite:', 32);
INSERT INTO entity_definition_lines (id, entity_id, prefix, content, line_order) VALUES (87, 3, '◻', '  single ⧖ ∂¬separate events', 33);
INSERT INTO entity_definition_lines (id, entity_id, prefix, content, line_order) VALUES (88, 3, '◻', '  ⧖⦑Post-World War II Era⦒', 34);
INSERT INTO entity_definition_lines (id, entity_id, prefix, content, line_order) VALUES (89, 3, '◻', '  ∂¬⌁⦑World War II⦒(unless event discussed)', 35);
INSERT INTO entity_definition_lines (id, entity_id, prefix, content, line_order) VALUES (90, 3, '≟', 'Δt<1yr∧discrete→⌁', 36);
INSERT INTO entity_definition_lines (id, entity_id, prefix, content, line_order) VALUES (91, 3, '≟', 'Δt>1yr∧sustained→⧖', 37);
INSERT INTO entity_definition_lines (id, entity_id, prefix, content, line_order) VALUES (92, 3, '≟', 'point→⊙', 38);
INSERT INTO entity_definition_lines (id, entity_id, prefix, content, line_order) VALUES (93, 3, '≟', 'unbounded→∅', 39);
INSERT INTO entity_definition_lines (id, entity_id, prefix, content, line_order) VALUES (94, 3, '⊨', '⧖⊂historiographic legitimacy ∧ □4 criteria', 40);
INSERT INTO entities (id, symbol, name, description, category_id, sort_order) VALUES (4, '⊙', 'Date', 'Temporal point, publication metadata (YYYY, YYYY-MM, YYYY-MM-DD)', 1, 4);
INSERT INTO symbols (symbol, codepoint, symbol_type, name) VALUES ('⊙', 'U+2299', 'entity', 'Date');
INSERT INTO entity_definition_lines (id, entity_id, prefix, content, line_order) VALUES (95, 4, '≡', 'temporal point ∧ publication metadata', 1);
INSERT INTO entity_definition_lines (id, entity_id, prefix, content, line_order) VALUES (96, 4, '≝', 'date specificity ∧ citation component ∧ bibliographic temporal marker', 2);
INSERT INTO entity_definition_lines (id, entity_id, prefix, content, line_order) VALUES (97, 4, '∂', '⊙⊅{⧖,spans} ∧ ◻ compound context(primary usage)', 3);
INSERT INTO entity_definition_lines (id, entity_id, prefix, content, line_order) VALUES (98, 4, '⊛', '⊙⦑Year⦒ ∧ ⊙∈{⚘⊕⊙⊕⊳,⚘⊕⊙⊕𝄏⊕⊳}', 4);
INSERT INTO entity_definition_lines (id, entity_id, prefix, content, line_order) VALUES (99, 4, '◻', 'Numeric dates ∂¬written:', 5);
INSERT INTO entity_definition_lines (id, entity_id, prefix, content, line_order) VALUES (100, 4, '◻', '  year: ⊙⦑1809|1995|2024⦒', 6);
INSERT INTO entity_definition_lines (id, entity_id, prefix, content, line_order) VALUES (101, 4, '◻', '  month: ⊙⦑1848-03|2024-11⦒', 7);
INSERT INTO entity_definition_lines (id, entity_id, prefix, content, line_order) VALUES (102, 4, '◻', '  day: ⊙⦑1776-07-04|2024-03-15⦒', 8);
INSERT INTO entity_definition_lines (id, entity_id, prefix, content, line_order) VALUES (103, 4, '◻', '  ∂✗written{✗⊙⦑March 2024⦒}', 9);
INSERT INTO entity_definition_lines (id, entity_id, prefix, content, line_order) VALUES (104, 4, '◻', '  format: {YYYY|YYYY-MM|YYYY-MM-DD}', 10);
INSERT INTO entity_definition_lines (id, entity_id, prefix, content, line_order) VALUES (105, 4, '◻', 'Primary usage compound citations ◻□mandatory for works:', 11);
INSERT INTO entity_definition_lines (id, entity_id, prefix, content, line_order) VALUES (106, 4, '◻', '  books: {⚘⊙⊳⦑Author⦒⦑Year⦒⦑Title⦒}', 12);
INSERT INTO entity_definition_lines (id, entity_id, prefix, content, line_order) VALUES (107, 4, '◻', '  articles: {⚘⊙𝄏⊳⦑Author⦒⦑Year⦒⦑Journal⦒⦑Article⦒}', 13);
INSERT INTO entity_definition_lines (id, entity_id, prefix, content, line_order) VALUES (108, 4, '◻', '  partial: {⚘⊙⦑Author⦒⦑Year⦒}', 14);
INSERT INTO entity_definition_lines (id, entity_id, prefix, content, line_order) VALUES (109, 4, '◻', '  ◻ compound structure: ⊙ never standalone in citations', 15);
INSERT INTO entity_definition_lines (id, entity_id, prefix, content, line_order) VALUES (110, 4, '◻', 'Standalone:', 16);
INSERT INTO entity_definition_lines (id, entity_id, prefix, content, line_order) VALUES (111, 4, '◻', '  publication metadata only', 17);
INSERT INTO entity_definition_lines (id, entity_id, prefix, content, line_order) VALUES (112, 4, '◻', '  when: {temporal reference needed∧¬work citation}', 18);
INSERT INTO entity_definition_lines (id, entity_id, prefix, content, line_order) VALUES (113, 4, '◻', '  rare: {most dates appear in compounds}', 19);
INSERT INTO entity_definition_lines (id, entity_id, prefix, content, line_order) VALUES (114, 4, '◻', 'Precision levels context determines granularity:', 20);
INSERT INTO entity_definition_lines (id, entity_id, prefix, content, line_order) VALUES (115, 4, '◻', '  year sufficient: {publication year|general temporal reference}', 21);
INSERT INTO entity_definition_lines (id, entity_id, prefix, content, line_order) VALUES (116, 4, '◻', '  month needed: {periodical issues|temporal specificity}', 22);
INSERT INTO entity_definition_lines (id, entity_id, prefix, content, line_order) VALUES (117, 4, '◻', '  day needed: {specific publication date|event date metadata}', 23);
INSERT INTO entity_definition_lines (id, entity_id, prefix, content, line_order) VALUES (118, 4, '≟', 'point→⊙', 24);
INSERT INTO entity_definition_lines (id, entity_id, prefix, content, line_order) VALUES (119, 4, '≟', 'named period→⧖', 25);
INSERT INTO entity_definition_lines (id, entity_id, prefix, content, line_order) VALUES (120, 4, '≟', 'span→⧖', 26);
INSERT INTO entity_definition_lines (id, entity_id, prefix, content, line_order) VALUES (121, 4, '≟', 'event→⌁(¬separate ⊙)', 27);
INSERT INTO entity_definition_lines (id, entity_id, prefix, content, line_order) VALUES (122, 4, '⊨', '⊙⊂temporal points ∧ □citation component', 28);
INSERT INTO entities (id, symbol, name, description, category_id, sort_order) VALUES (5, '⌁', 'Event', 'Discrete historical occurrence with bounded causality', 1, 5);
INSERT INTO symbols (symbol, codepoint, symbol_type, name) VALUES ('⌁', 'U+2301', 'entity', 'Event');
INSERT INTO entity_definition_lines (id, entity_id, prefix, content, line_order) VALUES (123, 5, '≡', 'discrete occurrence', 1);
INSERT INTO entity_definition_lines (id, entity_id, prefix, content, line_order) VALUES (124, 5, '≡', 'historical significance', 2);
INSERT INTO entity_definition_lines (id, entity_id, prefix, content, line_order) VALUES (125, 5, '≝', 'specific occurrence', 3);
INSERT INTO entity_definition_lines (id, entity_id, prefix, content, line_order) VALUES (126, 5, '≝', 'precise timing', 4);
INSERT INTO entity_definition_lines (id, entity_id, prefix, content, line_order) VALUES (127, 5, '≝', 'bounded causality', 5);
INSERT INTO entity_definition_lines (id, entity_id, prefix, content, line_order) VALUES (128, 5, '≝', 'unique temporal placement', 6);
INSERT INTO entity_definition_lines (id, entity_id, prefix, content, line_order) VALUES (129, 5, '∂', '⌁⊅{⧖ sustained spans, ⊙ bare dates}', 7);
INSERT INTO entity_definition_lines (id, entity_id, prefix, content, line_order) VALUES (130, 5, '∂', '⌁⊅⧊_event_categories (types of events ≠ discrete occurrences)', 8);
INSERT INTO entity_definition_lines (id, entity_id, prefix, content, line_order) VALUES (131, 5, '∂', 'occurred→⌁ | category of occurrences→⧊', 9);
INSERT INTO entity_definition_lines (id, entity_id, prefix, content, line_order) VALUES (132, 5, '⊡', 'typical: Շ5Չ8Ֆ6', 10);
INSERT INTO entity_definition_lines (id, entity_id, prefix, content, line_order) VALUES (133, 5, '⊡', '⌁⦑Soviet Atomic Bomb Test⦒: Շ8Չ9Ֆ9', 11);
INSERT INTO entity_definition_lines (id, entity_id, prefix, content, line_order) VALUES (134, 5, '⊡', '⌁⦑Battle of Amorgos⦒: Շ4Չ9Ֆ5', 12);
INSERT INTO entity_definition_lines (id, entity_id, prefix, content, line_order) VALUES (135, 5, '⊡', '⌁⦑French Revolution⦒: Շ7Չ6Ֆ9', 13);
INSERT INTO entity_definition_lines (id, entity_id, prefix, content, line_order) VALUES (136, 5, '⊛', '⌁⦑World War II|French Revolution|Battle of Amorgos⦒', 14);
INSERT INTO entity_definition_lines (id, entity_id, prefix, content, line_order) VALUES (137, 5, '⊛', '⌁⦑Bandung Conference|Soviet Atomic Bomb Test⦒', 15);
INSERT INTO entity_definition_lines (id, entity_id, prefix, content, line_order) VALUES (138, 5, '⧠', '''Car Accidents''→⧊ (category of events)', 16);
INSERT INTO entity_definition_lines (id, entity_id, prefix, content, line_order) VALUES (139, 5, '⧠', '''the 1955 Le Mans disaster''→⌁ (discrete occurrence)', 17);
INSERT INTO entity_definition_lines (id, entity_id, prefix, content, line_order) VALUES (140, 5, '⧠', '''Mining Accidents''→⧊ (type)', 18);
INSERT INTO entity_definition_lines (id, entity_id, prefix, content, line_order) VALUES (141, 5, '⧠', '''Sago Mine disaster''→⌁ (specific)', 19);
INSERT INTO entity_definition_lines (id, entity_id, prefix, content, line_order) VALUES (142, 5, '⧠', '''Cold War''→⧖ (sustained competition)', 20);
INSERT INTO entity_definition_lines (id, entity_id, prefix, content, line_order) VALUES (143, 5, '⧠', '''Cuban Missile Crisis''→⌁ (discrete within Cold War)', 21);
INSERT INTO entity_definition_lines (id, entity_id, prefix, content, line_order) VALUES (144, 5, '◻', 'naming: descriptive ∂¬dates in names', 22);
INSERT INTO entity_definition_lines (id, entity_id, prefix, content, line_order) VALUES (145, 5, '◻', '  ✓⌁⦑Battle of Amorgos⦒ ✗⌁⦑March 15, 1963⦒', 23);
INSERT INTO entity_definition_lines (id, entity_id, prefix, content, line_order) VALUES (146, 5, '◻', 'duration: causal unity > temporal length', 24);
INSERT INTO entity_definition_lines (id, entity_id, prefix, content, line_order) VALUES (147, 5, '◻', '  ⌁⦑WWII⦒ 6yrs single causal chain = one event', 25);
INSERT INTO entity_definition_lines (id, entity_id, prefix, content, line_order) VALUES (148, 5, '◻', '  ⧖⦑Space Race⦒ sustained competition = era', 26);
INSERT INTO entity_definition_lines (id, entity_id, prefix, content, line_order) VALUES (149, 5, '◻', 'vs ⧖: test{Δt<1yr∧discrete→⌁ | Δt>10yr∧sustained→⧖}', 27);
INSERT INTO entity_definition_lines (id, entity_id, prefix, content, line_order) VALUES (150, 5, '◻', '  1yr<Δt<10yr→test causal structure', 28);
INSERT INTO entity_definition_lines (id, entity_id, prefix, content, line_order) VALUES (151, 5, '◻', '  grammatical: ''X occurred''→⌁ | ''during X''→⧖', 29);
INSERT INTO entity_definition_lines (id, entity_id, prefix, content, line_order) VALUES (152, 5, '◻', 'vs ⧊: test{specific occurrence?→⌁ | category of occurrences?→⧊}', 30);
INSERT INTO entity_definition_lines (id, entity_id, prefix, content, line_order) VALUES (153, 5, '≟', '○₁ specificity: discrete occurrence?→continue | category/type?→⧊', 31);
INSERT INTO entity_definition_lines (id, entity_id, prefix, content, line_order) VALUES (154, 5, '≟', '○₂ duration: Δt<1yr∧discrete?→⌁ | sustained?→continue', 32);
INSERT INTO entity_definition_lines (id, entity_id, prefix, content, line_order) VALUES (155, 5, '≟', '○₃ structure: single causal chain?→⌁ | ongoing competition?→⧖', 33);
INSERT INTO entity_definition_lines (id, entity_id, prefix, content, line_order) VALUES (156, 5, '≟', '○₄ temporal: bare date?→⊙ | named occurrence?→⌁', 34);
INSERT INTO entity_definition_lines (id, entity_id, prefix, content, line_order) VALUES (157, 5, '⊨', '⌁⊂discrete occurrences ∧ ∂start ∧ ∂end ∧ ∃t₀happened(event,t₀)', 35);
INSERT INTO entities (id, symbol, name, description, category_id, sort_order) VALUES (6, '❖', 'Field', 'Academic discipline with institutional markers (departments, degrees, journals)', 1, 6);
INSERT INTO symbols (symbol, codepoint, symbol_type, name) VALUES ('❖', 'U+2756', 'entity', 'Field');
INSERT INTO entity_definition_lines (id, entity_id, prefix, content, line_order) VALUES (158, 6, '≡', 'academic discipline ∧ institutionalized domain', 1);
INSERT INTO entity_definition_lines (id, entity_id, prefix, content, line_order) VALUES (159, 6, '≝', 'knowledge container ∧ institutional boundaries ∧ scholarly legitimacy', 2);
INSERT INTO entity_definition_lines (id, entity_id, prefix, content, line_order) VALUES (160, 6, '∂', '❖⊅{⧏procedures,⧊abstractions} ∧ ◻ institutional markers', 3);
INSERT INTO entity_definition_lines (id, entity_id, prefix, content, line_order) VALUES (161, 6, '⊛', '❖⦑Philosophy|Sociology|Quantum Mechanics|Knowledge Engineering⦒', 4);
INSERT INTO entity_definition_lines (id, entity_id, prefix, content, line_order) VALUES (162, 6, '◻', 'Descriptive field names ∂¬abbreviations:', 5);
INSERT INTO entity_definition_lines (id, entity_id, prefix, content, line_order) VALUES (163, 6, '◻', '  core: {❖⦑Physics|Sociology|Philosophy|History⦒}', 6);
INSERT INTO entity_definition_lines (id, entity_id, prefix, content, line_order) VALUES (164, 6, '◻', '  subdisciplines: {❖⦑Quantum Mechanics|Knowledge Engineering|Epistemology⦒}', 7);
INSERT INTO entity_definition_lines (id, entity_id, prefix, content, line_order) VALUES (165, 6, '◻', '  interdisciplines: {❖⦑Cognitive Science|Science and Technology Studies|Computational Linguistics⦒}', 8);
INSERT INTO entity_definition_lines (id, entity_id, prefix, content, line_order) VALUES (166, 6, '◻', '  specialized: {❖⦑Mormon History|Classical Philology|Media Theory⦒}', 9);
INSERT INTO entity_definition_lines (id, entity_id, prefix, content, line_order) VALUES (167, 6, '◻', 'Institutional criterion ◻□markers:', 10);
INSERT INTO entity_definition_lines (id, entity_id, prefix, content, line_order) VALUES (168, 6, '◻', '  departments: {"Department of X"exists}', 11);
INSERT INTO entity_definition_lines (id, entity_id, prefix, content, line_order) VALUES (169, 6, '◻', '  degrees: {"PhD in X"granted}', 12);
INSERT INTO entity_definition_lines (id, entity_id, prefix, content, line_order) VALUES (170, 6, '◻', '  journals: {"Journal of X"published}', 13);
INSERT INTO entity_definition_lines (id, entity_id, prefix, content, line_order) VALUES (171, 6, '◻', '  conferences: {"Conference on X"convenes}', 14);
INSERT INTO entity_definition_lines (id, entity_id, prefix, content, line_order) VALUES (172, 6, '◻', '  one marker sufficient|multiple typical', 15);
INSERT INTO entity_definition_lines (id, entity_id, prefix, content, line_order) VALUES (173, 6, '◻', 'Subdiscipline vs field both valid ❖:', 16);
INSERT INTO entity_definition_lines (id, entity_id, prefix, content, line_order) VALUES (174, 6, '◻', '  core: {❖⦑Physics⦒parent discipline}', 17);
INSERT INTO entity_definition_lines (id, entity_id, prefix, content, line_order) VALUES (175, 6, '◻', '  sub: {❖⦑Theoretical Physics|Quantum Mechanics⦒specializations}', 18);
INSERT INTO entity_definition_lines (id, entity_id, prefix, content, line_order) VALUES (176, 6, '◻', '  specialization level ∂¬type discrimination', 19);
INSERT INTO entity_definition_lines (id, entity_id, prefix, content, line_order) VALUES (177, 6, '◻', 'Compound fields natural compounds valid:', 20);
INSERT INTO entity_definition_lines (id, entity_id, prefix, content, line_order) VALUES (178, 6, '◻', '  ❖⦑Philosophy of Language|Sociology of Science⦒', 21);
INSERT INTO entity_definition_lines (id, entity_id, prefix, content, line_order) VALUES (179, 6, '◻', '  ❖⦑History of Mathematics|Social Studies of Science⦒', 22);
INSERT INTO entity_definition_lines (id, entity_id, prefix, content, line_order) VALUES (180, 6, '◻', '  ∂descriptive compounds(¬format violations)', 23);
INSERT INTO entity_definition_lines (id, entity_id, prefix, content, line_order) VALUES (181, 6, '◻', 'Hyphenated fields single ❖:', 24);
INSERT INTO entity_definition_lines (id, entity_id, prefix, content, line_order) VALUES (182, 6, '◻', '  ❖⦑Science and Technology Studies⦒(interdisciplinary field)', 25);
INSERT INTO entity_definition_lines (id, entity_id, prefix, content, line_order) VALUES (183, 6, '◻', '  ∂¬separate tags for components(STS=unified field)', 26);
INSERT INTO entity_definition_lines (id, entity_id, prefix, content, line_order) VALUES (184, 6, '≟', 'institutional→❖', 27);
INSERT INTO entity_definition_lines (id, entity_id, prefix, content, line_order) VALUES (185, 6, '≟', 'procedural→⧏', 28);
INSERT INTO entity_definition_lines (id, entity_id, prefix, content, line_order) VALUES (186, 6, '≟', 'abstract→⧊:', 29);
INSERT INTO entity_definition_lines (id, entity_id, prefix, content, line_order) VALUES (187, 6, '≟', '  test{"Department of X"exists?→YES:❖|NO:continue}', 30);
INSERT INTO entity_definition_lines (id, entity_id, prefix, content, line_order) VALUES (188, 6, '≟', '  test{"Apply X method"?→YES:⧏|NO:continue}', 31);
INSERT INTO entity_definition_lines (id, entity_id, prefix, content, line_order) VALUES (189, 6, '≟', '  test{"X is concept/idea"?→YES:⧊|NO:review}', 32);
INSERT INTO entity_definition_lines (id, entity_id, prefix, content, line_order) VALUES (190, 6, '≟', '  context-dependent{"study phenomenology"→❖, "apply phenomenological method"→⧏}', 33);
INSERT INTO entity_definition_lines (id, entity_id, prefix, content, line_order) VALUES (191, 6, '⊨', '❖⊂institutionalized domains ∧ □academic legitimacy', 34);
INSERT INTO entities (id, symbol, name, description, category_id, sort_order) VALUES (7, '⧈', 'Group', 'Human classification (occupational, legal, diagnostic, social categories)', 1, 7);
INSERT INTO symbols (symbol, codepoint, symbol_type, name) VALUES ('⧈', 'U+29C8', 'entity', 'Group');
INSERT INTO entity_definition_lines (id, entity_id, prefix, content, line_order) VALUES (192, 7, '≡', 'human classification ∧ social category', 1);
INSERT INTO entity_definition_lines (id, entity_id, prefix, content, line_order) VALUES (193, 7, '≝', 'classificatory systems ∧ group identities ∧ collective labels', 2);
INSERT INTO entity_definition_lines (id, entity_id, prefix, content, line_order) VALUES (194, 7, '∂', '⧈⊅{⧊abstractions,⚘individuals,⍚organizations} ∧ ◻ human reference', 3);
INSERT INTO entity_definition_lines (id, entity_id, prefix, content, line_order) VALUES (195, 7, '⊛', '⧈⦑Engineers|Citizens|Patients|Sociologists⦒', 4);
INSERT INTO entity_definition_lines (id, entity_id, prefix, content, line_order) VALUES (196, 7, '◻', 'emic ∧ actors'' categories ∧ historical discourse terms ∂ etic judgments', 5);
INSERT INTO entity_definition_lines (id, entity_id, prefix, content, line_order) VALUES (197, 7, '◻', 'Collective nouns plural∨singular:', 6);
INSERT INTO entity_definition_lines (id, entity_id, prefix, content, line_order) VALUES (198, 7, '◻', '  occupational: {⧈⦑Engineers|Priests|Bureaucrats|Chemist⦒}', 7);
INSERT INTO entity_definition_lines (id, entity_id, prefix, content, line_order) VALUES (199, 7, '◻', '  legal/political: {⧈⦑Citizens|Metics|Slaves|Kings⦒}', 8);
INSERT INTO entity_definition_lines (id, entity_id, prefix, content, line_order) VALUES (200, 7, '◻', '  diagnostic: {⧈⦑Patients|Schizophrenics|Depressive Maniacs⦒}', 9);
INSERT INTO entity_definition_lines (id, entity_id, prefix, content, line_order) VALUES (201, 7, '◻', '  social roles: {⧈⦑Early Adopters|Elites|Radicals⦒}', 10);
INSERT INTO entity_definition_lines (id, entity_id, prefix, content, line_order) VALUES (202, 7, '◻', '  ethnic/cultural: {⧈⦑Hebrews|Bushmen|Puritans⦒}', 11);
INSERT INTO entity_definition_lines (id, entity_id, prefix, content, line_order) VALUES (203, 7, '◻', '  classificatory reference≫abstract property', 12);
INSERT INTO entity_definition_lines (id, entity_id, prefix, content, line_order) VALUES (204, 7, '◻', 'Occupational categories ALWAYS⧈(NEVER⧊):', 13);
INSERT INTO entity_definition_lines (id, entity_id, prefix, content, line_order) VALUES (205, 7, '◻', '  ✓⧈⦑Engineers|Computer Programmers|Technical Professionals⦒', 14);
INSERT INTO entity_definition_lines (id, entity_id, prefix, content, line_order) VALUES (206, 7, '◻', '  ∂✗⧊⦑Engineers⦒', 15);
INSERT INTO entity_definition_lines (id, entity_id, prefix, content, line_order) VALUES (207, 7, '◻', '  occupational⊅⧊', 16);
INSERT INTO entity_definition_lines (id, entity_id, prefix, content, line_order) VALUES (208, 7, '◻', '  ◻CRITICAL: {"the [occupation]"→⧈people≠concept}', 17);
INSERT INTO entity_definition_lines (id, entity_id, prefix, content, line_order) VALUES (209, 7, '◻', 'Diagnostic categories medical/psychological classifications:', 18);
INSERT INTO entity_definition_lines (id, entity_id, prefix, content, line_order) VALUES (210, 7, '◻', '  ⧈⦑Patients|Schizophrenics|Depressive Maniacs⦒', 19);
INSERT INTO entity_definition_lines (id, entity_id, prefix, content, line_order) VALUES (211, 7, '◻', '  medical categories legitimate', 20);
INSERT INTO entity_definition_lines (id, entity_id, prefix, content, line_order) VALUES (212, 7, '◻', 'Context-dependent "the[X]":', 21);
INSERT INTO entity_definition_lines (id, entity_id, prefix, content, line_order) VALUES (213, 7, '◻', '  {"the engineers"→⧈people, "engineering mindset"→⧊concept}', 22);
INSERT INTO entity_definition_lines (id, entity_id, prefix, content, line_order) VALUES (214, 7, '◻', '  {"the citizens"→⧈people, "citizenship as legal status"→⧊abstraction}', 23);
INSERT INTO entity_definition_lines (id, entity_id, prefix, content, line_order) VALUES (215, 7, '≟', '"the[X]"=people?→⧈', 24);
INSERT INTO entity_definition_lines (id, entity_id, prefix, content, line_order) VALUES (216, 7, '≟', 'collective noun?→⧈', 25);
INSERT INTO entity_definition_lines (id, entity_id, prefix, content, line_order) VALUES (217, 7, '≟', 'occupational category?→⧈(◻□)', 26);
INSERT INTO entity_definition_lines (id, entity_id, prefix, content, line_order) VALUES (218, 7, '≟', 'diagnostic classification?→⧈', 27);
INSERT INTO entity_definition_lines (id, entity_id, prefix, content, line_order) VALUES (219, 7, '≟', 'abstract property without people reference?→⧊', 28);
INSERT INTO entity_definition_lines (id, entity_id, prefix, content, line_order) VALUES (220, 7, '⊨', '⧈⊂human classifications ∧ □occupational⊂⧈', 29);
INSERT INTO entities (id, symbol, name, description, category_id, sort_order) VALUES (8, '⍚', 'Organization', 'Non-governmental coordination body with formal institutional structure', 1, 8);
INSERT INTO symbols (symbol, codepoint, symbol_type, name) VALUES ('⍚', 'U+235A', 'entity', 'Organization');
INSERT INTO entity_definition_lines (id, entity_id, prefix, content, line_order) VALUES (221, 8, '≡', 'organization', 1);
INSERT INTO entity_definition_lines (id, entity_id, prefix, content, line_order) VALUES (222, 8, '≡', 'coordinated_group', 2);
INSERT INTO entity_definition_lines (id, entity_id, prefix, content, line_order) VALUES (223, 8, '≡', 'structured_collective', 3);
INSERT INTO entity_definition_lines (id, entity_id, prefix, content, line_order) VALUES (224, 8, '≝', '⛫_coordination ∧ voluntary∨chartered membership ∧ shared purpose ∧ ¬enforcement_authority', 4);
INSERT INTO entity_definition_lines (id, entity_id, prefix, content, line_order) VALUES (225, 8, '∂', '⍚⊅⎈ (⍚ ⛫_coordination | ⎈ ⛫_enforcement)', 5);
INSERT INTO entity_definition_lines (id, entity_id, prefix, content, line_order) VALUES (226, 8, '∂', '⍚⊅⍢ (⍚ ⛫_general | ⍢ ⛫_educational)', 6);
INSERT INTO entity_definition_lines (id, entity_id, prefix, content, line_order) VALUES (227, 8, '∂', '⍚⊅⌯ (⍚ ⛫_institutional | ⌯ ¬⛫_diffuse)', 7);
INSERT INTO entity_definition_lines (id, entity_id, prefix, content, line_order) VALUES (228, 8, '∂', '⍚⊅⧈ (⍚ membership_voluntary | ⧈ category_ascribed)', 8);
INSERT INTO entity_definition_lines (id, entity_id, prefix, content, line_order) VALUES (229, 8, '⊡', '⍚: Բ7Փ7Ֆ6Պ5Հ6Շ5Ի6Ղ7Ց5', 9);
INSERT INTO entity_definition_lines (id, entity_id, prefix, content, line_order) VALUES (230, 8, '⊡', '⎈: Բ9Փ9Ֆ9Պ3Հ8Շ7Ի7Ղ9Ց3', 10);
INSERT INTO entity_definition_lines (id, entity_id, prefix, content, line_order) VALUES (231, 8, '⊡', '⍢: Բ7Փ8Ֆ7Պ6Հ7Շ5Ի7Ղ6Ց4', 11);
INSERT INTO entity_definition_lines (id, entity_id, prefix, content, line_order) VALUES (232, 8, '⊡', '⌯: Բ3Փ4Ֆ2Պ8Հ2Շ6Ի4Ղ5Ց7', 12);
INSERT INTO entity_definition_lines (id, entity_id, prefix, content, line_order) VALUES (233, 8, '⊡', 'gradients:', 13);
INSERT INTO entity_definition_lines (id, entity_id, prefix, content, line_order) VALUES (234, 8, '⊡', '⍚→⎈: Բ↑Փ↑Ֆ↑Պ↓Հ↑Ղ↑Ց↓ (boundary hardens, formalization increases, closes, hierarchy deepens, gains sovereignty, stabilizes)', 14);
INSERT INTO entity_definition_lines (id, entity_id, prefix, content, line_order) VALUES (235, 8, '⊡', '⍚→⌯: Բ↓Ֆ↓Պ↑Հ↓Ի↓Ց↑ (boundary dissolves, informality, opens, flattens, fragments, destabilizes)', 15);
INSERT INTO entity_definition_lines (id, entity_id, prefix, content, line_order) VALUES (236, 8, '⊡', '⍚→⍢: Փ↑Ֆ↑ (specializes educational, formalizes mission)', 16);
INSERT INTO entity_definition_lines (id, entity_id, prefix, content, line_order) VALUES (237, 8, '⊛', 'corporations: ⍚⦑Apple⦒ ∧ ⍚⦑Toyota⦒ ∧ ⍚⦑Goldman Sachs⦒', 17);
INSERT INTO entity_definition_lines (id, entity_id, prefix, content, line_order) VALUES (238, 8, '⊛', 'nonprofits: ⍚⦑Red Cross⦒ ∧ ⍚⦑Doctors Without Borders⦒ ∧ ⍚⦑ACLU⦒', 18);
INSERT INTO entity_definition_lines (id, entity_id, prefix, content, line_order) VALUES (239, 8, '⊛', 'research_orgs: ⍚⦑Bell Labs⦒ ∧ ⍚⦑RAND Corporation⦒ ∧ ⍚⦑Santa Fe Institute⦒', 19);
INSERT INTO entity_definition_lines (id, entity_id, prefix, content, line_order) VALUES (240, 8, '⊛', 'professional: ⍚⦑American Bar Association⦒ ∧ ⍚⦑IEEE⦒ ∧ ⍚⦑Royal Society⦒', 20);
INSERT INTO entity_definition_lines (id, entity_id, prefix, content, line_order) VALUES (241, 8, '⊛', 'trade_unions: ⍚⦑AFL-CIO⦒ ∧ ⍚⦑UAW⦒', 21);
INSERT INTO entity_definition_lines (id, entity_id, prefix, content, line_order) VALUES (242, 8, '⊛', 'historical: ⍚⦑East India Company⦒ ∧ ⍚⦑Hanseatic League⦒ ∧ ⍚⦑Académie française⦒', 22);
INSERT INTO entity_definition_lines (id, entity_id, prefix, content, line_order) VALUES (243, 8, '≟', 'test{⛫_enforcement?→YES:⎈|NO:continue}', 23);
INSERT INTO entity_definition_lines (id, entity_id, prefix, content, line_order) VALUES (244, 8, '≟', 'test{⛫_educational_primary?→YES:⍢|NO:continue}', 24);
INSERT INTO entity_definition_lines (id, entity_id, prefix, content, line_order) VALUES (245, 8, '≟', 'test{⛫_coordination∧membership?→YES:⍚|NO:continue}', 25);
INSERT INTO entity_definition_lines (id, entity_id, prefix, content, line_order) VALUES (246, 8, '≟', 'test{¬⛫_diffuse_ideological?→YES:⌯|NO:continue}', 26);
INSERT INTO entity_definition_lines (id, entity_id, prefix, content, line_order) VALUES (247, 8, '≟', 'test{ascribed_category?→YES:⧈|NO:review}', 27);
INSERT INTO entity_definition_lines (id, entity_id, prefix, content, line_order) VALUES (248, 8, '≟', 'vector_test:', 28);
INSERT INTO entity_definition_lines (id, entity_id, prefix, content, line_order) VALUES (249, 8, '≟', 'Բ≥6∧Ֆ≥5∧Պ≤6→⍚∨⎈∨⍢ (institutional)', 29);
INSERT INTO entity_definition_lines (id, entity_id, prefix, content, line_order) VALUES (250, 8, '≟', 'Բ≤4∧Ֆ≤3∧Պ≥7→⌯ (movement)', 30);
INSERT INTO entity_definition_lines (id, entity_id, prefix, content, line_order) VALUES (251, 8, '≟', 'Փ9∧Ղ9→⎈ (enforcement∧sovereignty)', 31);
INSERT INTO entity_definition_lines (id, entity_id, prefix, content, line_order) VALUES (252, 8, '≟', 'Փ8∧Շ5∧educational→⍢', 32);
INSERT INTO entity_definition_lines (id, entity_id, prefix, content, line_order) VALUES (253, 8, '≟', 'ancient_governing_bodies→⎈:', 33);
INSERT INTO entity_definition_lines (id, entity_id, prefix, content, line_order) VALUES (254, 8, '≟', '  ⎈⦑Athenian Assembly⦒ ∧ ⎈⦑Roman Senate⦒ ∧ ⎈⦑Spartan Council⦒', 34);
INSERT INTO entity_definition_lines (id, entity_id, prefix, content, line_order) VALUES (255, 8, '≟', '  Փ9Ղ9: ⛫_enforcement∧legislative_authority', 35);
INSERT INTO entity_definition_lines (id, entity_id, prefix, content, line_order) VALUES (256, 8, '≟', 'historical_orgs→⍚:', 36);
INSERT INTO entity_definition_lines (id, entity_id, prefix, content, line_order) VALUES (257, 8, '≟', '  ⍚⦑Royal Society⦒ ∧ ⍚⦑East India Company⦒ ∧ ⍚⦑Hanseatic League⦒', 37);
INSERT INTO entity_definition_lines (id, entity_id, prefix, content, line_order) VALUES (258, 8, '≟', '  Բ7Փ7Ղ7: ⛫_coordination∧¬state_authority', 38);
INSERT INTO entity_definition_lines (id, entity_id, prefix, content, line_order) VALUES (259, 8, '≟', 'historical_educational→⍢:', 39);
INSERT INTO entity_definition_lines (id, entity_id, prefix, content, line_order) VALUES (260, 8, '≟', '  ⍢⦑Academy of Athens⦒ ∧ ⍢⦑University of Bologna⦒ ∧ ⍢⦑University of Paris⦒', 40);
INSERT INTO entity_definition_lines (id, entity_id, prefix, content, line_order) VALUES (261, 8, '≟', '  Փ8Ֆ7: ⛫_educational∧degree_granting', 41);
INSERT INTO entity_definition_lines (id, entity_id, prefix, content, line_order) VALUES (262, 8, '≟', 'central_banks→⎈:', 42);
INSERT INTO entity_definition_lines (id, entity_id, prefix, content, line_order) VALUES (263, 8, '≟', '  ⎈⦑Federal Reserve⦒ ∧ ⎈⦑ECB⦒ ∧ ⎈⦑Bank of England⦒', 43);
INSERT INTO entity_definition_lines (id, entity_id, prefix, content, line_order) VALUES (264, 8, '≟', '  Փ9Ղ9Ֆ9: monetary_policy∧regulatory_authority', 44);
INSERT INTO entity_definition_lines (id, entity_id, prefix, content, line_order) VALUES (265, 8, '≟', 'commercial_banks→⍚:', 45);
INSERT INTO entity_definition_lines (id, entity_id, prefix, content, line_order) VALUES (266, 8, '≟', '  ⍚⦑JPMorgan Chase⦒ ∧ ⍚⦑Deutsche Bank⦒', 46);
INSERT INTO entity_definition_lines (id, entity_id, prefix, content, line_order) VALUES (267, 8, '≟', '  Փ7Ղ7: ¬enforcement∧profit_motive', 47);
INSERT INTO entity_definition_lines (id, entity_id, prefix, content, line_order) VALUES (268, 8, '≟', 'research_institutes:', 48);
INSERT INTO entity_definition_lines (id, entity_id, prefix, content, line_order) VALUES (269, 8, '≟', '  ⛫_educational_primary→⍢: ⍢⦑Caltech⦒ ∧ ⍢⦑Georgia Tech⦒', 49);
INSERT INTO entity_definition_lines (id, entity_id, prefix, content, line_order) VALUES (270, 8, '≟', '  ⛫_coordination_research→⍚: ⍚⦑Bell Labs⦒ ∧ ⍚⦑RAND⦒ ∧ ⍚⦑Brookings⦒', 50);
INSERT INTO entity_definition_lines (id, entity_id, prefix, content, line_order) VALUES (271, 8, '≟', 'international_bodies:', 51);
INSERT INTO entity_definition_lines (id, entity_id, prefix, content, line_order) VALUES (272, 8, '≟', '  Փ9Ղ8→⎈: ⎈⦑WTO⦒ ∧ ⎈⦑ICC⦒ (can_compel)', 52);
INSERT INTO entity_definition_lines (id, entity_id, prefix, content, line_order) VALUES (273, 8, '≟', '  Փ6Ղ5→⍚: ⍚⦑United Nations⦒ ∧ ⍚⦑WHO⦒ ∧ ⍚⦑IMF⦒ (facilitates)', 53);
INSERT INTO entity_definition_lines (id, entity_id, prefix, content, line_order) VALUES (274, 8, '⊨', '⍚ ≡ ⛫_coordination∧membership∧¬⛫_enforcement ∧ Բ7Փ7Ֆ6Պ5', 54);
INSERT INTO entities (id, symbol, name, description, category_id, sort_order) VALUES (9, '⎈', 'Governmental Authority', 'State entity with enforcement power and sovereign or delegated authority', 1, 9);
INSERT INTO symbols (symbol, codepoint, symbol_type, name) VALUES ('⎈', 'U+2388', 'entity', 'Governmental Authority');
INSERT INTO entity_definition_lines (id, entity_id, prefix, content, line_order) VALUES (275, 9, '≡', 'state entity', 1);
INSERT INTO entity_definition_lines (id, entity_id, prefix, content, line_order) VALUES (276, 9, '≡', 'enforcement power', 2);
INSERT INTO entity_definition_lines (id, entity_id, prefix, content, line_order) VALUES (277, 9, '≝', 'sovereign or delegated authority', 3);
INSERT INTO entity_definition_lines (id, entity_id, prefix, content, line_order) VALUES (278, 9, '≝', 'public sector', 4);
INSERT INTO entity_definition_lines (id, entity_id, prefix, content, line_order) VALUES (279, 9, '≝', 'enforcement capacity', 5);
INSERT INTO entity_definition_lines (id, entity_id, prefix, content, line_order) VALUES (280, 9, '∂', '⎈⊅{⍚ non-governmental, ⧈ human categories}', 6);
INSERT INTO entity_definition_lines (id, entity_id, prefix, content, line_order) VALUES (281, 9, '∂', '⎈⊅⧊_power_concepts (power relations ≠ power-wielding entities)', 7);
INSERT INTO entity_definition_lines (id, entity_id, prefix, content, line_order) VALUES (282, 9, '∂', 'specific entity→⎈ | abstract power concept→⧊', 8);
INSERT INTO entity_definition_lines (id, entity_id, prefix, content, line_order) VALUES (283, 9, '⊡', 'typical: Փ9Ֆ8Հ7Ղ8', 9);
INSERT INTO entity_definition_lines (id, entity_id, prefix, content, line_order) VALUES (284, 9, '⊡', '⎈⦑EPA⦒: Փ8Ֆ9Հ6Ղ6 (regulatory, delegated)', 10);
INSERT INTO entity_definition_lines (id, entity_id, prefix, content, line_order) VALUES (285, 9, '⊡', '⎈⦑U.S. Congress⦒: Փ9Ֆ9Հ8Ղ9 (legislative, sovereign)', 11);
INSERT INTO entity_definition_lines (id, entity_id, prefix, content, line_order) VALUES (286, 9, '⊡', '⎈⦑NATO⦒: Փ8Ֆ7Հ7Ղ7 (supranational, coordinated)', 12);
INSERT INTO entity_definition_lines (id, entity_id, prefix, content, line_order) VALUES (287, 9, '⊛', '⎈⦑Congress|EPA|Federal Reserve|Supreme Court⦒', 13);
INSERT INTO entity_definition_lines (id, entity_id, prefix, content, line_order) VALUES (288, 9, '⊛', '⎈⦑United States Army|NATO|European Union⦒', 14);
INSERT INTO entity_definition_lines (id, entity_id, prefix, content, line_order) VALUES (289, 9, '⧠', '''European Powers''→⧊ (concept about power relations)', 15);
INSERT INTO entity_definition_lines (id, entity_id, prefix, content, line_order) VALUES (290, 9, '⧠', '''European Union''→⎈ (specific governmental entity)', 16);
INSERT INTO entity_definition_lines (id, entity_id, prefix, content, line_order) VALUES (291, 9, '⧠', '''Great Powers''→⧊ (IR theory concept)', 17);
INSERT INTO entity_definition_lines (id, entity_id, prefix, content, line_order) VALUES (292, 9, '⧠', '''UN Security Council''→⎈ (specific body)', 18);
INSERT INTO entity_definition_lines (id, entity_id, prefix, content, line_order) VALUES (293, 9, '⧠', '''the state''→⧊ (abstract)', 19);
INSERT INTO entity_definition_lines (id, entity_id, prefix, content, line_order) VALUES (294, 9, '⧠', '''the French state''→⎈ (specific polity)', 20);
INSERT INTO entity_definition_lines (id, entity_id, prefix, content, line_order) VALUES (295, 9, '◻', 'enforcement authority ◻□discriminator:', 21);
INSERT INTO entity_definition_lines (id, entity_id, prefix, content, line_order) VALUES (296, 9, '◻', '  statutory/regulatory: {⎈⦑EPA|FDA|FCC|SEC⦒}', 22);
INSERT INTO entity_definition_lines (id, entity_id, prefix, content, line_order) VALUES (297, 9, '◻', '  monetary: {⎈⦑Federal Reserve⦒} (regulatory powers required)', 23);
INSERT INTO entity_definition_lines (id, entity_id, prefix, content, line_order) VALUES (298, 9, '◻', '  military: {⎈⦑United States Army|NATO⦒}', 24);
INSERT INTO entity_definition_lines (id, entity_id, prefix, content, line_order) VALUES (299, 9, '◻', '  legislative: {⎈⦑Congress|Parliament⦒}', 25);
INSERT INTO entity_definition_lines (id, entity_id, prefix, content, line_order) VALUES (300, 9, '◻', '  judicial: {⎈⦑Supreme Court⦒}', 26);
INSERT INTO entity_definition_lines (id, entity_id, prefix, content, line_order) VALUES (301, 9, '◻', '  supranational: {⎈⦑European Union|OECD⦒}', 27);
INSERT INTO entity_definition_lines (id, entity_id, prefix, content, line_order) VALUES (302, 9, '◻', 'vs ⍚: test{enforcement power?→⎈ | advisory only?→⍚}', 28);
INSERT INTO entity_definition_lines (id, entity_id, prefix, content, line_order) VALUES (303, 9, '◻', '  ✓⎈⦑Federal Reserve⦒ ✗⍚⦑National Academy of Sciences⦒', 29);
INSERT INTO entity_definition_lines (id, entity_id, prefix, content, line_order) VALUES (304, 9, '◻', 'vs ⧈: test{institution?→⎈ | partisan faction?→⧈}', 30);
INSERT INTO entity_definition_lines (id, entity_id, prefix, content, line_order) VALUES (305, 9, '◻', '  ✓⎈⦑U.S. Senate⦒ ✗⧈⦑Senate Republicans⦒', 31);
INSERT INTO entity_definition_lines (id, entity_id, prefix, content, line_order) VALUES (306, 9, '◻', 'vs ⧊: test{specific entity?→⎈ | power concept?→⧊}', 32);
INSERT INTO entity_definition_lines (id, entity_id, prefix, content, line_order) VALUES (307, 9, '≟', '○₁ specificity: specific entity?→continue | power concept?→⧊', 33);
INSERT INTO entity_definition_lines (id, entity_id, prefix, content, line_order) VALUES (308, 9, '≟', '○₂ enforcement: statutory/regulatory power?→⎈ | advisory?→⍚', 34);
INSERT INTO entity_definition_lines (id, entity_id, prefix, content, line_order) VALUES (309, 9, '≟', '○₃ governmental: public sector?→continue | private?→⍚', 35);
INSERT INTO entity_definition_lines (id, entity_id, prefix, content, line_order) VALUES (310, 9, '≟', '○₄ human: institution?→⎈ | faction/caucus?→⧈', 36);
INSERT INTO entity_definition_lines (id, entity_id, prefix, content, line_order) VALUES (311, 9, '⊨', '⎈⊂governmental authority ∧ enforcement power ∧ ⎈⊂⍚', 37);
INSERT INTO entities (id, symbol, name, description, category_id, sort_order) VALUES (10, '⌬', 'Tech', 'Technology with material/computational realization and operational capability', 1, 10);
INSERT INTO symbols (symbol, codepoint, symbol_type, name) VALUES ('⌬', 'U+232C', 'entity', 'Tech');
INSERT INTO entity_definition_lines (id, entity_id, prefix, content, line_order) VALUES (312, 10, '≡', 'technology ∧ technical artifact', 1);
INSERT INTO entity_definition_lines (id, entity_id, prefix, content, line_order) VALUES (313, 10, '≝', 'implemented systems ∧ operational capability ∧ material|computational realization', 2);
INSERT INTO entity_definition_lines (id, entity_id, prefix, content, line_order) VALUES (314, 10, '∂', '⌬⊅{⧊abstract frameworks,⧏analytical methods,⍚organizations providing tech}', 3);
INSERT INTO entity_definition_lines (id, entity_id, prefix, content, line_order) VALUES (315, 10, '◻', '◻{material implementation∨computational realization,operational capability,technical infrastructure}', 4);
INSERT INTO entity_definition_lines (id, entity_id, prefix, content, line_order) VALUES (316, 10, '⊛', '⌬⦑Computer|Internet|AI|Feedback Control|Facebook⦒', 5);
INSERT INTO entity_definition_lines (id, entity_id, prefix, content, line_order) VALUES (317, 10, '◻', 'Technical specification ≫ generic description:', 6);
INSERT INTO entity_definition_lines (id, entity_id, prefix, content, line_order) VALUES (318, 10, '◻', '  hardware{⌬⦑Computer|Microprocessor|TRS-80|ENIAC⦒}', 7);
INSERT INTO entity_definition_lines (id, entity_id, prefix, content, line_order) VALUES (319, 10, '◻', '  software{⌬⦑Operating System|UNIX|Multics|LISP⦒}', 8);
INSERT INTO entity_definition_lines (id, entity_id, prefix, content, line_order) VALUES (320, 10, '◻', '  networks{⌬⦑Internet|Arpanet|SAGE System|ChaosNet⦒}', 9);
INSERT INTO entity_definition_lines (id, entity_id, prefix, content, line_order) VALUES (321, 10, '◻', '  platforms{⌬⦑Facebook|Tinder|MUD|Chat Room⦒}', 10);
INSERT INTO entity_definition_lines (id, entity_id, prefix, content, line_order) VALUES (322, 10, '◻', '  technical domains{⌬⦑AI|Nanotechnology|Large Language Models⦒}', 11);
INSERT INTO entity_definition_lines (id, entity_id, prefix, content, line_order) VALUES (323, 10, '◻', '  acronyms{expand when ambiguous:⌬⦑Terminal Interface Message Processor (TIP)⦒}', 12);
INSERT INTO entity_definition_lines (id, entity_id, prefix, content, line_order) VALUES (324, 10, '◻', 'Technical vs conceptual implementation→⌬|abstraction→⧊:', 13);
INSERT INTO entity_definition_lines (id, entity_id, prefix, content, line_order) VALUES (325, 10, '◻', '  ⌬⦑AI⦒(technology domain with implementations)', 14);
INSERT INTO entity_definition_lines (id, entity_id, prefix, content, line_order) VALUES (326, 10, '◻', '  ⌬⦑Feedback Control⦒(technical system with servomechanisms)', 15);
INSERT INTO entity_definition_lines (id, entity_id, prefix, content, line_order) VALUES (327, 10, '◻', '  ⌬⦑Numerical Control⦒(implemented manufacturing system)', 16);
INSERT INTO entity_definition_lines (id, entity_id, prefix, content, line_order) VALUES (328, 10, '◻', '  ∂when purely abstract framework without implementation→⧊', 17);
INSERT INTO entity_definition_lines (id, entity_id, prefix, content, line_order) VALUES (329, 10, '◻', '  operational capability criterion(must have material|computational realization)', 18);
INSERT INTO entity_definition_lines (id, entity_id, prefix, content, line_order) VALUES (330, 10, '◻', 'Technology vs method system→⌬|procedure→⧏:', 19);
INSERT INTO entity_definition_lines (id, entity_id, prefix, content, line_order) VALUES (331, 10, '◻', '  ⌬⦑Collaborative Filtering⦒(implemented algorithmic system)', 20);
INSERT INTO entity_definition_lines (id, entity_id, prefix, content, line_order) VALUES (332, 10, '◻', '  ⌬⦑General Circulation Model⦒(computational modeling system)', 21);
INSERT INTO entity_definition_lines (id, entity_id, prefix, content, line_order) VALUES (333, 10, '◻', '  ∂pure analytical frameworks without technical infrastructure→⧏', 22);
INSERT INTO entity_definition_lines (id, entity_id, prefix, content, line_order) VALUES (334, 10, '◻', '  technical infrastructure discriminator', 23);
INSERT INTO entity_definition_lines (id, entity_id, prefix, content, line_order) VALUES (335, 10, '◻', 'Platform vs organization technology→⌬|institution→⍚:', 24);
INSERT INTO entity_definition_lines (id, entity_id, prefix, content, line_order) VALUES (336, 10, '◻', '  ⌬⦑Facebook⦒(platform as technical system)', 25);
INSERT INTO entity_definition_lines (id, entity_id, prefix, content, line_order) VALUES (337, 10, '◻', '  ⌬⦑Netscape⦒(software product)', 26);
INSERT INTO entity_definition_lines (id, entity_id, prefix, content, line_order) VALUES (338, 10, '◻', '  ⌬⦑Tinder⦒(dating platform as technical system)', 27);
INSERT INTO entity_definition_lines (id, entity_id, prefix, content, line_order) VALUES (339, 10, '◻', '  ∂when referencing company/organization→⍚(use context)', 28);
INSERT INTO entity_definition_lines (id, entity_id, prefix, content, line_order) VALUES (340, 10, '◻', '  technical artifact emphasis', 29);
INSERT INTO entity_definition_lines (id, entity_id, prefix, content, line_order) VALUES (341, 10, '≟', '"implementation system"→⌬', 30);
INSERT INTO entity_definition_lines (id, entity_id, prefix, content, line_order) VALUES (342, 10, '≟', '"abstract framework"→⧊', 31);
INSERT INTO entity_definition_lines (id, entity_id, prefix, content, line_order) VALUES (343, 10, '≟', '"analytical procedure"→⧏', 32);
INSERT INTO entity_definition_lines (id, entity_id, prefix, content, line_order) VALUES (344, 10, '≟', '"organization providing tech"→⍚:', 33);
INSERT INTO entity_definition_lines (id, entity_id, prefix, content, line_order) VALUES (345, 10, '≟', '  test{material implementation|computational realization?→YES:⌬|NO:continue}', 34);
INSERT INTO entity_definition_lines (id, entity_id, prefix, content, line_order) VALUES (346, 10, '≟', '  test{technical infrastructure|operational system?→YES:⌬|NO:continue}', 35);
INSERT INTO entity_definition_lines (id, entity_id, prefix, content, line_order) VALUES (347, 10, '≟', '  test{abstract concept without implementation?→YES:⧊|NO:continue}', 36);
INSERT INTO entity_definition_lines (id, entity_id, prefix, content, line_order) VALUES (348, 10, '≟', '  test{analytical method without technical system?→YES:⧏|NO:continue}', 37);
INSERT INTO entity_definition_lines (id, entity_id, prefix, content, line_order) VALUES (349, 10, '≟', '  test{organization operating platform?→YES:check context(platform→⌬|company→⍚)}', 38);
INSERT INTO entity_definition_lines (id, entity_id, prefix, content, line_order) VALUES (350, 10, '⊨', '⌬≡technical artifacts ∧ operational capability required ∧ material|computational realization', 39);
INSERT INTO entities (id, symbol, name, description, category_id, sort_order) VALUES (11, '⎚', 'Identifier', 'Standardized persistent identifier with external authority (ISBN, DOI, ORCID)', 2, 11);
INSERT INTO symbols (symbol, codepoint, symbol_type, name) VALUES ('⎚', 'U+239A', 'entity', 'Identifier');
INSERT INTO entity_definition_lines (id, entity_id, prefix, content, line_order) VALUES (351, 11, '≡', 'unique identifier ∧ persistent reference', 1);
INSERT INTO entity_definition_lines (id, entity_id, prefix, content, line_order) VALUES (352, 11, '≝', 'standardized identification systems ∧ canonical entity references ∧ deduplication keys', 2);
INSERT INTO entity_definition_lines (id, entity_id, prefix, content, line_order) VALUES (353, 11, '∂', '⎚⊅{⧊concepts about identity,⧏methods of identification,mere names without standard}', 3);
INSERT INTO entity_definition_lines (id, entity_id, prefix, content, line_order) VALUES (354, 11, '◻', '◻{standardized format,persistent uniqueness,external authority|canonical registry}', 4);
INSERT INTO entity_definition_lines (id, entity_id, prefix, content, line_order) VALUES (355, 11, '⊛', '⎚⦑ISBN 9780691059082|DOI 10.1126/science.123456|ORCID 0000-0002-1234-5678⦒', 5);
INSERT INTO entity_definition_lines (id, entity_id, prefix, content, line_order) VALUES (356, 11, '◻', 'Standard identifier ≫ arbitrary label:', 6);
INSERT INTO entity_definition_lines (id, entity_id, prefix, content, line_order) VALUES (357, 11, '◻', '  bibliographic{⎚⦑ISBN 9780691059082|ISSN 0036-8075|LCCN 2012345678⦒}', 7);
INSERT INTO entity_definition_lines (id, entity_id, prefix, content, line_order) VALUES (358, 11, '◻', '  research{⎚⦑DOI 10.1126/science.123456|ArXiv 2301.12345|PubMed 12345678⦒}', 8);
INSERT INTO entity_definition_lines (id, entity_id, prefix, content, line_order) VALUES (359, 11, '◻', '  personal{⎚⦑ORCID 0000-0002-1234-5678|ResearcherID A-1234-2012⦒}', 9);
INSERT INTO entity_definition_lines (id, entity_id, prefix, content, line_order) VALUES (360, 11, '◻', '  institutional{⎚⦑ROR 05dxps055|ISNI 0000000121032683⦒}', 10);
INSERT INTO entity_definition_lines (id, entity_id, prefix, content, line_order) VALUES (361, 11, '◻', 'Identifier vs concept identity→⎚|notion→⧊:', 11);
INSERT INTO entity_definition_lines (id, entity_id, prefix, content, line_order) VALUES (362, 11, '◻', '  ⎚⦑ISBN 9780691059082⦒(specific book instance identifier)', 12);
INSERT INTO entity_definition_lines (id, entity_id, prefix, content, line_order) VALUES (363, 11, '◻', '  ⧊⦑Identity⦒(philosophical/conceptual notion)', 13);
INSERT INTO entity_definition_lines (id, entity_id, prefix, content, line_order) VALUES (364, 11, '◻', '  ∂conceptual discussions of identity→⧊', 14);
INSERT INTO entity_definition_lines (id, entity_id, prefix, content, line_order) VALUES (365, 11, '◻', '  persistent reference criterion(must have external standard)', 15);
INSERT INTO entity_definition_lines (id, entity_id, prefix, content, line_order) VALUES (366, 11, '◻', 'Identifier vs naming system→⎚|framework→⧏:', 16);
INSERT INTO entity_definition_lines (id, entity_id, prefix, content, line_order) VALUES (367, 11, '◻', '  ⎚⦑DOI 10.1126/science.123456⦒(specific persistent identifier)', 17);
INSERT INTO entity_definition_lines (id, entity_id, prefix, content, line_order) VALUES (368, 11, '◻', '  ⧏⦑Digital Object Identifier (DOI) System⦒(framework/methodology)', 18);
INSERT INTO entity_definition_lines (id, entity_id, prefix, content, line_order) VALUES (369, 11, '◻', '  ∂identification systems as frameworks→⧏', 19);
INSERT INTO entity_definition_lines (id, entity_id, prefix, content, line_order) VALUES (370, 11, '◻', '  standardization discriminator', 20);
INSERT INTO entity_definition_lines (id, entity_id, prefix, content, line_order) VALUES (371, 11, '≟', 'concept about IDs→⧊', 21);
INSERT INTO entity_definition_lines (id, entity_id, prefix, content, line_order) VALUES (372, 11, '≟', 'naming system→⧏', 22);
INSERT INTO entity_definition_lines (id, entity_id, prefix, content, line_order) VALUES (373, 11, '≟', 'organizational ID (without standard)→metadata ∂ERIS', 23);
INSERT INTO entity_definition_lines (id, entity_id, prefix, content, line_order) VALUES (374, 11, '≟', 'test{external standardizing authority?→YES:⎚|NO:review}', 24);
INSERT INTO entity_definition_lines (id, entity_id, prefix, content, line_order) VALUES (375, 11, '≟', 'test{persistent unique reference?→YES:⎚|NO:review}', 25);
INSERT INTO entity_definition_lines (id, entity_id, prefix, content, line_order) VALUES (376, 11, '⊨', '⎚⊂standardized identifiers ∧ deduplication protocol ∧ ⎚→canonical reference', 26);
INSERT INTO entities (id, symbol, name, description, category_id, sort_order) VALUES (12, '⍓', 'Publisher', 'Publishing house with content distribution as primary function', 2, 12);
INSERT INTO symbols (symbol, codepoint, symbol_type, name) VALUES ('⍓', 'U+2353', 'entity', 'Publisher');
INSERT INTO entity_definition_lines (id, entity_id, prefix, content, line_order) VALUES (377, 12, '≡', 'publishing house ∧ content distribution organization', 1);
INSERT INTO entity_definition_lines (id, entity_id, prefix, content, line_order) VALUES (378, 12, '≝', 'editorial function ∧ content production ∧ commercial distribution', 2);
INSERT INTO entity_definition_lines (id, entity_id, prefix, content, line_order) VALUES (379, 12, '∂', '⍓⊂⍚(publishers⊂organizations) ∧ ◻{content distribution as primary function,editorial selection,commercial/institutional publishing}', 3);
INSERT INTO entity_definition_lines (id, entity_id, prefix, content, line_order) VALUES (380, 12, '⊛', '⍓⦑MIT Press|Cambridge University Press|Oxford University Press⦒university presses', 4);
INSERT INTO entity_definition_lines (id, entity_id, prefix, content, line_order) VALUES (381, 12, '⊛', '⍓⦑Faber|Penguin|Random House|Norton⦒commercial publishers', 5);
INSERT INTO entity_definition_lines (id, entity_id, prefix, content, line_order) VALUES (382, 12, '⊛', '⍓⦑IEEE|ACM⦒professional societies as publishers', 6);
INSERT INTO entity_definition_lines (id, entity_id, prefix, content, line_order) VALUES (383, 12, '◻', 'Publisher types all valid when publishing primary:', 7);
INSERT INTO entity_definition_lines (id, entity_id, prefix, content, line_order) VALUES (384, 12, '◻', '  university presses{⍓⦑MIT Press|Cambridge University Press|Oxford University Press|Harvard University Press⦒}', 8);
INSERT INTO entity_definition_lines (id, entity_id, prefix, content, line_order) VALUES (385, 12, '◻', '  commercial publishers{⍓⦑Faber|Penguin Random House|Norton|HarperCollins⦒}', 9);
INSERT INTO entity_definition_lines (id, entity_id, prefix, content, line_order) VALUES (386, 12, '◻', '  professional society publishers{⍓⦑IEEE|ACM|American Physical Society⦒}', 10);
INSERT INTO entity_definition_lines (id, entity_id, prefix, content, line_order) VALUES (387, 12, '◻', '  independent/specialty presses{⍓⦑Verso|O''Reilly|MIT Press⦒}', 11);
INSERT INTO entity_definition_lines (id, entity_id, prefix, content, line_order) VALUES (388, 12, '◻', '  imprints valid when established brand{⍓⦑Vintage|Anchor Books|Knopf⦒}', 12);
INSERT INTO entity_definition_lines (id, entity_id, prefix, content, line_order) VALUES (389, 12, '◻', '  established names≫avoiding over-specificity', 13);
INSERT INTO entity_definition_lines (id, entity_id, prefix, content, line_order) VALUES (390, 12, '◻', 'Name forms follow conventions:', 14);
INSERT INTO entity_definition_lines (id, entity_id, prefix, content, line_order) VALUES (391, 12, '◻', '  university presses{full institutional names:', 15);
INSERT INTO entity_definition_lines (id, entity_id, prefix, content, line_order) VALUES (392, 12, '◻', '    ✓⍓⦑MIT Press|Cambridge University Press|Oxford University Press⦒', 16);
INSERT INTO entity_definition_lines (id, entity_id, prefix, content, line_order) VALUES (393, 12, '◻', '    ✗⍓⦑MIT|Cambridge|Oxford⦒when referring to publisher not university}', 17);
INSERT INTO entity_definition_lines (id, entity_id, prefix, content, line_order) VALUES (394, 12, '◻', '  commercial publishers{', 18);
INSERT INTO entity_definition_lines (id, entity_id, prefix, content, line_order) VALUES (395, 12, '◻', '    ✓⍓⦑Faber|Penguin|Random House|Norton⦒established forms', 19);
INSERT INTO entity_definition_lines (id, entity_id, prefix, content, line_order) VALUES (396, 12, '◻', '    merger handling{⍓⦑Penguin Random House⦒post-merger∧⍓⦑Penguin|Random House⦒historical}', 20);
INSERT INTO entity_definition_lines (id, entity_id, prefix, content, line_order) VALUES (397, 12, '◻', '    conventional usage≫full legal corporate names}', 21);
INSERT INTO entity_definition_lines (id, entity_id, prefix, content, line_order) VALUES (398, 12, '◻', '  professional societies{', 22);
INSERT INTO entity_definition_lines (id, entity_id, prefix, content, line_order) VALUES (399, 12, '◻', '    ✓⍓⦑IEEE|ACM|APS⦒when functioning as publishers', 23);
INSERT INTO entity_definition_lines (id, entity_id, prefix, content, line_order) VALUES (400, 12, '◻', '    acronyms standard when conventional}', 24);
INSERT INTO entity_definition_lines (id, entity_id, prefix, content, line_order) VALUES (401, 12, '◻', 'Discrimination from related entities:', 25);
INSERT INTO entity_definition_lines (id, entity_id, prefix, content, line_order) VALUES (402, 12, '◻', '  publisher vs parent university{⍓⦑MIT Press⦒publisher∧⍢⦑MIT⦒university', 26);
INSERT INTO entity_definition_lines (id, entity_id, prefix, content, line_order) VALUES (403, 12, '◻', '    both valid when contextually relevant:', 27);
INSERT INTO entity_definition_lines (id, entity_id, prefix, content, line_order) VALUES (404, 12, '◻', '    citation context→⍓⦑MIT Press⦒', 28);
INSERT INTO entity_definition_lines (id, entity_id, prefix, content, line_order) VALUES (405, 12, '◻', '    university affiliation→⍢⦑MIT⦒', 29);
INSERT INTO entity_definition_lines (id, entity_id, prefix, content, line_order) VALUES (406, 12, '◻', '    publishing function=discriminator}', 30);
INSERT INTO entity_definition_lines (id, entity_id, prefix, content, line_order) VALUES (407, 12, '◻', '  publisher vs professional society as membership org{', 31);
INSERT INTO entity_definition_lines (id, entity_id, prefix, content, line_order) VALUES (408, 12, '◻', '    ⍓⦑IEEE⦒publishing function∧⍚⦑IEEE⦒membership organization', 32);
INSERT INTO entity_definition_lines (id, entity_id, prefix, content, line_order) VALUES (409, 12, '◻', '    context determines classification}', 33);
INSERT INTO entity_definition_lines (id, entity_id, prefix, content, line_order) VALUES (410, 12, '◻', '  imprint vs parent publisher{both valid when established brands:', 34);
INSERT INTO entity_definition_lines (id, entity_id, prefix, content, line_order) VALUES (411, 12, '◻', '    ⍓⦑Vintage⦒imprint∧⍓⦑Random House⦒parent both legitimate}', 35);
INSERT INTO entity_definition_lines (id, entity_id, prefix, content, line_order) VALUES (412, 12, '◻', 'Generic publishing categories{DELETE:', 36);
INSERT INTO entity_definition_lines (id, entity_id, prefix, content, line_order) VALUES (413, 12, '◻', '  ✗⍓⦑University Presses|Commercial Publishers|Academic Publishers⦒', 37);
INSERT INTO entity_definition_lines (id, entity_id, prefix, content, line_order) VALUES (414, 12, '◻', '  categorical plurals→DELETE}', 38);
INSERT INTO entity_definition_lines (id, entity_id, prefix, content, line_order) VALUES (415, 12, '◻', 'Historical publishers valid:', 39);
INSERT INTO entity_definition_lines (id, entity_id, prefix, content, line_order) VALUES (416, 12, '◻', '  ⍓⦑Faber and Faber⦒(even if name changed/merged)', 40);
INSERT INTO entity_definition_lines (id, entity_id, prefix, content, line_order) VALUES (417, 12, '◻', '  publishing existence≫current operations', 41);
INSERT INTO entity_definition_lines (id, entity_id, prefix, content, line_order) VALUES (418, 12, '◻', 'Self-publishing platforms discrimination:', 42);
INSERT INTO entity_definition_lines (id, entity_id, prefix, content, line_order) VALUES (419, 12, '◻', '  established publishers{⍓⦑MIT Press|Faber⦒editorial selection}', 43);
INSERT INTO entity_definition_lines (id, entity_id, prefix, content, line_order) VALUES (420, 12, '◻', '  platforms{⌬⦑Amazon KDP|Substack⦒technology platforms ∂publishers}', 44);
INSERT INTO entity_definition_lines (id, entity_id, prefix, content, line_order) VALUES (421, 12, '◻', '  editorial function=discriminator', 45);
INSERT INTO entity_definition_lines (id, entity_id, prefix, content, line_order) VALUES (422, 12, '≟', 'content distribution primary function?→⍓', 46);
INSERT INTO entity_definition_lines (id, entity_id, prefix, content, line_order) VALUES (423, 12, '≟', 'parent university not publisher?→⍢', 47);
INSERT INTO entity_definition_lines (id, entity_id, prefix, content, line_order) VALUES (424, 12, '≟', 'professional society not publisher?→⍚', 48);
INSERT INTO entity_definition_lines (id, entity_id, prefix, content, line_order) VALUES (425, 12, '≟', 'self-publishing platform?→⌬:', 49);
INSERT INTO entity_definition_lines (id, entity_id, prefix, content, line_order) VALUES (426, 12, '≟', '  test{editorial selection and content distribution?→YES:⍓|NO:continue}', 50);
INSERT INTO entity_definition_lines (id, entity_id, prefix, content, line_order) VALUES (427, 12, '≟', '  test{university press vs university?→⍓press∧⍢university|NO:continue}', 51);
INSERT INTO entity_definition_lines (id, entity_id, prefix, content, line_order) VALUES (428, 12, '≟', '  test{professional society as publisher?→YES:⍓|NO:⍚membership org}', 52);
INSERT INTO entity_definition_lines (id, entity_id, prefix, content, line_order) VALUES (429, 12, '≟', '  test{platform without editorial function?→YES:⌬|NO:continue}', 53);
INSERT INTO entity_definition_lines (id, entity_id, prefix, content, line_order) VALUES (430, 12, '≟', '  test{non-governmental organization?→YES:⍚|NO:review}', 54);
INSERT INTO entity_definition_lines (id, entity_id, prefix, content, line_order) VALUES (431, 12, '⊨', '⍓⊂⍚ ∧ content distribution≫generic coordination', 55);
INSERT INTO entities (id, symbol, name, description, category_id, sort_order) VALUES (13, '⍢', 'University', 'Educational institution with degree-granting authority and teaching/research mission', 2, 13);
INSERT INTO symbols (symbol, codepoint, symbol_type, name) VALUES ('⍢', 'U+2362', 'entity', 'University');
INSERT INTO entity_definition_lines (id, entity_id, prefix, content, line_order) VALUES (432, 13, '≡', 'educational institution ∧ teaching/research organization', 1);
INSERT INTO entity_definition_lines (id, entity_id, prefix, content, line_order) VALUES (433, 13, '≝', 'higher education ∧ degree-granting ∧ research activity ∧ academic mission', 2);
INSERT INTO entity_definition_lines (id, entity_id, prefix, content, line_order) VALUES (434, 13, '∂', '⍢⊂⍚(universities⊂organizations) ∧ ◻{educational mission as primary function,degree-granting authority,teaching and/or research as institutional purpose}', 3);
INSERT INTO entity_definition_lines (id, entity_id, prefix, content, line_order) VALUES (435, 13, '⊛', '⍢⦑MIT|Harvard University|University of Chicago|Oxford|Cambridge|Stanford University⦒', 4);
INSERT INTO entity_definition_lines (id, entity_id, prefix, content, line_order) VALUES (436, 13, '◻', 'Educational institution types all valid when education primary:', 5);
INSERT INTO entity_definition_lines (id, entity_id, prefix, content, line_order) VALUES (437, 13, '◻', '  universities{⍢⦑Harvard University|MIT|Stanford University|University of Chicago|Oxford|Cambridge⦒}', 6);
INSERT INTO entity_definition_lines (id, entity_id, prefix, content, line_order) VALUES (438, 13, '◻', '  colleges{⍢⦑Williams College|Amherst College|Trinity College⦒}', 7);
INSERT INTO entity_definition_lines (id, entity_id, prefix, content, line_order) VALUES (439, 13, '◻', '  schools standalone{⍢⦑London School of Economics|Juilliard School⦒}', 8);
INSERT INTO entity_definition_lines (id, entity_id, prefix, content, line_order) VALUES (440, 13, '◻', '  institutes educational{⍢⦑California Institute of Technology|Georgia Institute of Technology⦒}', 9);
INSERT INTO entity_definition_lines (id, entity_id, prefix, content, line_order) VALUES (441, 13, '◻', '  subdivisions within universities valid:', 10);
INSERT INTO entity_definition_lines (id, entity_id, prefix, content, line_order) VALUES (442, 13, '◻', '    schools/colleges{⍢⦑Harvard Business School|MIT Sloan School of Management|Yale Law School⦒}', 11);
INSERT INTO entity_definition_lines (id, entity_id, prefix, content, line_order) VALUES (443, 13, '◻', '    departments{⍢⦑MIT Department of Physics|Harvard Department of Philosophy⦒}', 12);
INSERT INTO entity_definition_lines (id, entity_id, prefix, content, line_order) VALUES (444, 13, '◻', '    centers/institutes{⍢⦑Stanford Center for AI|MIT Media Lab⦒}', 13);
INSERT INTO entity_definition_lines (id, entity_id, prefix, content, line_order) VALUES (445, 13, '◻', '    constituent colleges{⍢⦑Trinity College, Cambridge|Balliol College, Oxford⦒}', 14);
INSERT INTO entity_definition_lines (id, entity_id, prefix, content, line_order) VALUES (446, 13, '◻', '    established names≫avoiding over-specificity', 15);
INSERT INTO entity_definition_lines (id, entity_id, prefix, content, line_order) VALUES (447, 13, '◻', 'Name forms follow institutional conventions:', 16);
INSERT INTO entity_definition_lines (id, entity_id, prefix, content, line_order) VALUES (448, 13, '◻', '  universities{full or established short forms:', 17);
INSERT INTO entity_definition_lines (id, entity_id, prefix, content, line_order) VALUES (449, 13, '◻', '    ✓⍢⦑Harvard University|MIT|Stanford|Oxford|Cambridge⦒', 18);
INSERT INTO entity_definition_lines (id, entity_id, prefix, content, line_order) VALUES (450, 13, '◻', '    ✓⍢⦑University of Chicago|University of California, Berkeley⦒', 19);
INSERT INTO entity_definition_lines (id, entity_id, prefix, content, line_order) VALUES (451, 13, '◻', '    ✗⍢⦑Harvard⦒when ambiguous', 20);
INSERT INTO entity_definition_lines (id, entity_id, prefix, content, line_order) VALUES (452, 13, '◻', '    conventional usage≫full legal names}', 21);
INSERT INTO entity_definition_lines (id, entity_id, prefix, content, line_order) VALUES (453, 13, '◻', '  colleges{', 22);
INSERT INTO entity_definition_lines (id, entity_id, prefix, content, line_order) VALUES (454, 13, '◻', '    ✓⍢⦑Williams College|Amherst College|Trinity College⦒', 23);
INSERT INTO entity_definition_lines (id, entity_id, prefix, content, line_order) VALUES (455, 13, '◻', '    ✓⍢⦑Trinity College, Cambridge⦒when disambiguation needed}', 24);
INSERT INTO entity_definition_lines (id, entity_id, prefix, content, line_order) VALUES (456, 13, '◻', '  schools/departments{', 25);
INSERT INTO entity_definition_lines (id, entity_id, prefix, content, line_order) VALUES (457, 13, '◻', '    ✓⍢⦑Harvard Business School|Yale Law School⦒professional schools', 26);
INSERT INTO entity_definition_lines (id, entity_id, prefix, content, line_order) VALUES (458, 13, '◻', '    ✓⍢⦑MIT Department of Physics⦒when specifically relevant', 27);
INSERT INTO entity_definition_lines (id, entity_id, prefix, content, line_order) VALUES (459, 13, '◻', '    subdivision only when contextually meaningful}', 28);
INSERT INTO entity_definition_lines (id, entity_id, prefix, content, line_order) VALUES (460, 13, '◻', 'Discrimination from related entities:', 29);
INSERT INTO entity_definition_lines (id, entity_id, prefix, content, line_order) VALUES (461, 13, '◻', '  university vs university press{⍢⦑MIT⦒university∧⍓⦑MIT Press⦒publisher', 30);
INSERT INTO entity_definition_lines (id, entity_id, prefix, content, line_order) VALUES (462, 13, '◻', '    both valid when contextually relevant:', 31);
INSERT INTO entity_definition_lines (id, entity_id, prefix, content, line_order) VALUES (463, 13, '◻', '    paper discussing MIT research→⍢⦑MIT⦒', 32);
INSERT INTO entity_definition_lines (id, entity_id, prefix, content, line_order) VALUES (464, 13, '◻', '    paper citing MIT Press book→⍓⦑MIT Press⦒', 33);
INSERT INTO entity_definition_lines (id, entity_id, prefix, content, line_order) VALUES (465, 13, '◻', '    educational function=discriminator}', 34);
INSERT INTO entity_definition_lines (id, entity_id, prefix, content, line_order) VALUES (466, 13, '◻', '  university vs research lab{⍢university∧⍚lab as separate entities when distinct}', 35);
INSERT INTO entity_definition_lines (id, entity_id, prefix, content, line_order) VALUES (467, 13, '◻', '  academic system vs institution{⍢⦑UC System⦒system∧⍢⦑UC Berkeley⦒campus both valid}', 36);
INSERT INTO entity_definition_lines (id, entity_id, prefix, content, line_order) VALUES (468, 13, '◻', 'Generic educational categories{DELETE:', 37);
INSERT INTO entity_definition_lines (id, entity_id, prefix, content, line_order) VALUES (469, 13, '◻', '  ✗⍢⦑Universities|Colleges|Business Schools|Law Schools|Engineering Schools⦒', 38);
INSERT INTO entity_definition_lines (id, entity_id, prefix, content, line_order) VALUES (470, 13, '◻', '  categorical plurals→DELETE}', 39);
INSERT INTO entity_definition_lines (id, entity_id, prefix, content, line_order) VALUES (471, 13, '◻', 'Historical institutions valid when institutional:', 40);
INSERT INTO entity_definition_lines (id, entity_id, prefix, content, line_order) VALUES (472, 13, '◻', '  ⍢⦑Academy of Athens|University of Paris⦒(even if defunct/reorganized)', 41);
INSERT INTO entity_definition_lines (id, entity_id, prefix, content, line_order) VALUES (473, 13, '◻', '  institutional existence≫current operations', 42);
INSERT INTO entity_definition_lines (id, entity_id, prefix, content, line_order) VALUES (474, 13, '◻', 'Research institutes discrimination:', 43);
INSERT INTO entity_definition_lines (id, entity_id, prefix, content, line_order) VALUES (475, 13, '◻', '  primarily educational{⍢⦑Caltech|Georgia Tech⦒degree-granting institutions}', 44);
INSERT INTO entity_definition_lines (id, entity_id, prefix, content, line_order) VALUES (476, 13, '◻', '  primarily research{⍚⦑Bell Labs|RAND Corporation⦒non-educational research orgs}', 45);
INSERT INTO entity_definition_lines (id, entity_id, prefix, content, line_order) VALUES (477, 13, '◻', '  educational mission=discriminator', 46);
INSERT INTO entity_definition_lines (id, entity_id, prefix, content, line_order) VALUES (478, 13, '◻', 'International naming:', 47);
INSERT INTO entity_definition_lines (id, entity_id, prefix, content, line_order) VALUES (479, 13, '◻', '  ⍢⦑École Normale Supérieure|Tsinghua University|University of Tokyo⦒', 48);
INSERT INTO entity_definition_lines (id, entity_id, prefix, content, line_order) VALUES (480, 13, '◻', '  use conventional English forms when standard', 49);
INSERT INTO entity_definition_lines (id, entity_id, prefix, content, line_order) VALUES (481, 13, '≟', 'educational mission primary function?→⍢', 50);
INSERT INTO entity_definition_lines (id, entity_id, prefix, content, line_order) VALUES (482, 13, '≟', 'degree-granting institution?→⍢', 51);
INSERT INTO entity_definition_lines (id, entity_id, prefix, content, line_order) VALUES (483, 13, '≟', 'research org without educational mission?→⍚', 52);
INSERT INTO entity_definition_lines (id, entity_id, prefix, content, line_order) VALUES (484, 13, '≟', 'subdivision within university?→⍢both', 53);
INSERT INTO entity_definition_lines (id, entity_id, prefix, content, line_order) VALUES (485, 13, '≟', 'university system vs campus?→⍢both:', 54);
INSERT INTO entity_definition_lines (id, entity_id, prefix, content, line_order) VALUES (486, 13, '≟', '  test{teaching/research primary organizational function?→YES:⍢|NO:continue}', 55);
INSERT INTO entity_definition_lines (id, entity_id, prefix, content, line_order) VALUES (487, 13, '≟', '  test{university vs university press?→⍢university∧⍓press|NO:continue}', 56);
INSERT INTO entity_definition_lines (id, entity_id, prefix, content, line_order) VALUES (488, 13, '≟', '  test{degree-granting authority?→YES:⍢|NO:continue}', 57);
INSERT INTO entity_definition_lines (id, entity_id, prefix, content, line_order) VALUES (489, 13, '≟', '  test{research org without teaching?→YES:⍚|NO:continue}', 58);
INSERT INTO entity_definition_lines (id, entity_id, prefix, content, line_order) VALUES (490, 13, '≟', '  test{non-educational organization?→YES:⍚|NO:review}', 59);
INSERT INTO entity_definition_lines (id, entity_id, prefix, content, line_order) VALUES (491, 13, '⊨', '⍢⊂⍚ ∧ educational mission≫generic coordination', 60);
INSERT INTO entities (id, symbol, name, description, category_id, sort_order) VALUES (14, '⧩', 'Language', 'Natural language with speakers, including historical stages and varieties', 2, 14);
INSERT INTO symbols (symbol, codepoint, symbol_type, name) VALUES ('⧩', 'U+29E9', 'entity', 'Language');
INSERT INTO entity_definition_lines (id, entity_id, prefix, content, line_order) VALUES (492, 14, '≡', 'natural language ∧ linguistic system', 1);
INSERT INTO entity_definition_lines (id, entity_id, prefix, content, line_order) VALUES (493, 14, '≝', 'human communication system ∧ linguistic code', 2);
INSERT INTO entity_definition_lines (id, entity_id, prefix, content, line_order) VALUES (494, 14, '∂', '⧩⊅{⧊(concept),⌬(tech)} ∧ ◻ linguistic system with speakers', 3);
INSERT INTO entity_definition_lines (id, entity_id, prefix, content, line_order) VALUES (495, 14, '⊛', '⧩⦑Greek|Latin|German|French|English|Sanskrit|Arabic⦒', 4);
INSERT INTO entity_definition_lines (id, entity_id, prefix, content, line_order) VALUES (496, 14, '◻', 'Natural languages≫programming languages(→⌬)', 5);
INSERT INTO entity_definition_lines (id, entity_id, prefix, content, line_order) VALUES (497, 14, '◻', '  specific language varieties{⧩⦑Katharevousa|Demotic Greek⦒}', 6);
INSERT INTO entity_definition_lines (id, entity_id, prefix, content, line_order) VALUES (498, 14, '◻', '  historical stages{⧩⦑Classical Latin|Vulgar Latin|Old English⦒}', 7);
INSERT INTO entity_definition_lines (id, entity_id, prefix, content, line_order) VALUES (499, 14, '◻', '  ∂{¬⧊⦑Language⦒abstract,¬⌬programming}', 8);
INSERT INTO entity_definition_lines (id, entity_id, prefix, content, line_order) VALUES (500, 14, '≟', 'natural language with speakers?→⧩', 9);
INSERT INTO entity_definition_lines (id, entity_id, prefix, content, line_order) VALUES (501, 14, '≟', 'programming language?→⌬', 10);
INSERT INTO entity_definition_lines (id, entity_id, prefix, content, line_order) VALUES (502, 14, '≟', 'abstract concept of language?→⧊', 11);
INSERT INTO entity_definition_lines (id, entity_id, prefix, content, line_order) VALUES (503, 14, '⊨', '⧩⊂natural languages ∧ human communication systems', 12);
INSERT INTO entities (id, symbol, name, description, category_id, sort_order) VALUES (15, '𝄏', 'Journal', 'Periodical publication: academic journals, magazines, newspapers', 2, 51);
INSERT INTO symbols (symbol, codepoint, symbol_type, name) VALUES ('𝄏', 'U+1D10F', 'entity', 'Journal');
INSERT INTO entity_definition_lines (id, entity_id, prefix, content, line_order) VALUES (504, 15, '≡', 'periodical publication ∧ serial venue', 1);
INSERT INTO entity_definition_lines (id, entity_id, prefix, content, line_order) VALUES (505, 15, '≝', 'academic journals ∧ magazines ∧ newspapers ∧ serial publications ∧ institutional periodicals', 2);
INSERT INTO entity_definition_lines (id, entity_id, prefix, content, line_order) VALUES (506, 15, '∂', '𝄏⊅{⊳standalone,⍚organizations,books}', 3);
INSERT INTO entity_definition_lines (id, entity_id, prefix, content, line_order) VALUES (507, 15, '◻', '◻{serial format,publication regularity}', 4);
INSERT INTO entity_definition_lines (id, entity_id, prefix, content, line_order) VALUES (508, 15, '⊛', '𝄏⦑Nature|Daedalus|London Review of Books|Harper''s Magazine|Popular Science Monthly⦒', 5);
INSERT INTO entity_definition_lines (id, entity_id, prefix, content, line_order) VALUES (509, 15, '⊛', '𝄏∈⚘⊙𝄏⊳article citations', 6);
INSERT INTO entity_definition_lines (id, entity_id, prefix, content, line_order) VALUES (510, 15, '◻', 'Full journal names ∧ established publication titles:', 7);
INSERT INTO entity_definition_lines (id, entity_id, prefix, content, line_order) VALUES (511, 15, '◻', '  academic{𝄏⦑Nature|Science|Daedalus|Journal of Roman Studies⦒}', 8);
INSERT INTO entity_definition_lines (id, entity_id, prefix, content, line_order) VALUES (512, 15, '◻', '  magazines{𝄏⦑Harper''s Magazine|Fortune|Byte Magazine⦒}', 9);
INSERT INTO entity_definition_lines (id, entity_id, prefix, content, line_order) VALUES (513, 15, '◻', '  newspapers{𝄏⦑Financial Times|Asahi Shinbun|Houston Press⦒}', 10);
INSERT INTO entity_definition_lines (id, entity_id, prefix, content, line_order) VALUES (514, 15, '◻', '  reviews{𝄏⦑London Review of Books|ETC: A Review of General Semantics⦒}', 11);
INSERT INTO entity_definition_lines (id, entity_id, prefix, content, line_order) VALUES (515, 15, '◻', '  historical{𝄏⦑Popular Science Monthly|Der Monat|Anti-Masonic Enquirer⦒}', 12);
INSERT INTO entity_definition_lines (id, entity_id, prefix, content, line_order) VALUES (516, 15, '◻', '  full names≫abbreviations(unless established)', 13);
INSERT INTO entity_definition_lines (id, entity_id, prefix, content, line_order) VALUES (517, 15, '◻', 'Standalone vs compound institutional context→𝄏|specific article→⚘⊙𝄏⊳:', 14);
INSERT INTO entity_definition_lines (id, entity_id, prefix, content, line_order) VALUES (518, 15, '◻', '  standalone{𝄏⦑Nature⦒when discussing journal as institution}', 15);
INSERT INTO entity_definition_lines (id, entity_id, prefix, content, line_order) VALUES (519, 15, '◻', '  compound{⚘⊙𝄏⊳⦑Author⦒⦑Year⦒⦑Nature⦒⦑Article⦒for specific article}', 16);
INSERT INTO entity_definition_lines (id, entity_id, prefix, content, line_order) VALUES (520, 15, '◻', '  rationale{𝄏=periodical as entity|⚘⊙𝄏⊳=article citation}', 17);
INSERT INTO entity_definition_lines (id, entity_id, prefix, content, line_order) VALUES (521, 15, '◻', '  institutional reference vs bibliographic citation', 18);
INSERT INTO entity_definition_lines (id, entity_id, prefix, content, line_order) VALUES (522, 15, '◻', 'Journal vs organization discrimination publication→𝄏|publisher→⍚:', 19);
INSERT INTO entity_definition_lines (id, entity_id, prefix, content, line_order) VALUES (523, 15, '◻', '  𝄏⦑Daedalus⦒(periodical)', 20);
INSERT INTO entity_definition_lines (id, entity_id, prefix, content, line_order) VALUES (524, 15, '◻', '  ⍚⦑American Academy of Arts and Sciences⦒(organization publishing Daedalus)', 21);
INSERT INTO entity_definition_lines (id, entity_id, prefix, content, line_order) VALUES (525, 15, '◻', '  test{serial publication format?→𝄏|institutional publisher?→⍚}', 22);
INSERT INTO entity_definition_lines (id, entity_id, prefix, content, line_order) VALUES (526, 15, '◻', '  publication vehicle≠publishing organization', 23);
INSERT INTO entity_definition_lines (id, entity_id, prefix, content, line_order) VALUES (527, 15, '◻', 'Journal vs book discrimination serial→𝄏|standalone→⊳:', 24);
INSERT INTO entity_definition_lines (id, entity_id, prefix, content, line_order) VALUES (528, 15, '◻', '  𝄏⦑Encyclopaedia Metropolitana⦒(serial encyclopedia periodic fascicles)', 25);
INSERT INTO entity_definition_lines (id, entity_id, prefix, content, line_order) VALUES (529, 15, '◻', '  ⊳⦑Encyclopaedia Britannica⦒(standalone encyclopedia single work)', 26);
INSERT INTO entity_definition_lines (id, entity_id, prefix, content, line_order) VALUES (530, 15, '◻', '  test{periodic issues?→𝄏|one-time publication?→⊳}', 27);
INSERT INTO entity_definition_lines (id, entity_id, prefix, content, line_order) VALUES (531, 15, '◻', '  serialization=discriminator', 28);
INSERT INTO entity_definition_lines (id, entity_id, prefix, content, line_order) VALUES (532, 15, '◻', 'Abbreviations use full name unless established:', 29);
INSERT INTO entity_definition_lines (id, entity_id, prefix, content, line_order) VALUES (533, 15, '◻', '  ✓𝄏⦑IEEE Technology and Society Magazine⦒(spell out IEEE)', 30);
INSERT INTO entity_definition_lines (id, entity_id, prefix, content, line_order) VALUES (534, 15, '◻', '  ✓𝄏⦑Byte⦒(one-word)', 31);
INSERT INTO entity_definition_lines (id, entity_id, prefix, content, line_order) VALUES (535, 15, '◻', '  ∂avoid obscure acronyms', 32);
INSERT INTO entity_definition_lines (id, entity_id, prefix, content, line_order) VALUES (536, 15, '◻', '  clarity≫brevity', 33);
INSERT INTO entity_definition_lines (id, entity_id, prefix, content, line_order) VALUES (537, 15, '◻', 'Subtitles/descriptors include when part of official title:', 34);
INSERT INTO entity_definition_lines (id, entity_id, prefix, content, line_order) VALUES (538, 15, '◻', '  𝄏⦑Dialogue: A Journal of Mormon Thought⦒', 35);
INSERT INTO entity_definition_lines (id, entity_id, prefix, content, line_order) VALUES (539, 15, '◻', '  𝄏⦑ETC: A Review of General Semantics⦒', 36);
INSERT INTO entity_definition_lines (id, entity_id, prefix, content, line_order) VALUES (540, 15, '◻', '  𝄏⦑2600: The Hacker Quarterly⦒', 37);
INSERT INTO entity_definition_lines (id, entity_id, prefix, content, line_order) VALUES (541, 15, '◻', '  official title format≫simplified', 38);
INSERT INTO entity_definition_lines (id, entity_id, prefix, content, line_order) VALUES (542, 15, '◻', 'News services treat as publications when functioning as periodical:', 39);
INSERT INTO entity_definition_lines (id, entity_id, prefix, content, line_order) VALUES (543, 15, '◻', '  𝄏⦑Associated Press⦒(wire service)', 40);
INSERT INTO entity_definition_lines (id, entity_id, prefix, content, line_order) VALUES (544, 15, '◻', '  𝄏⦑Axios⦒(digital news)', 41);
INSERT INTO entity_definition_lines (id, entity_id, prefix, content, line_order) VALUES (545, 15, '◻', '  publication function=discriminator', 42);
INSERT INTO entity_definition_lines (id, entity_id, prefix, content, line_order) VALUES (546, 15, '◻', 'Historical publications valid regardless of current status:', 43);
INSERT INTO entity_definition_lines (id, entity_id, prefix, content, line_order) VALUES (547, 15, '◻', '  𝄏⦑Der Monat⦒(defunct Cold War magazine)', 44);
INSERT INTO entity_definition_lines (id, entity_id, prefix, content, line_order) VALUES (548, 15, '◻', '  𝄏⦑Anti-Masonic Enquirer⦒(19th century newspaper)', 45);
INSERT INTO entity_definition_lines (id, entity_id, prefix, content, line_order) VALUES (549, 15, '◻', '  𝄏⦑CoEvolution Quarterly⦒(1970s counterculture)', 46);
INSERT INTO entity_definition_lines (id, entity_id, prefix, content, line_order) VALUES (550, 15, '◻', '  historical publications legitimate', 47);
INSERT INTO entity_definition_lines (id, entity_id, prefix, content, line_order) VALUES (551, 15, '◻', 'Specialty publications academic/trade/popular/underground all valid:', 48);
INSERT INTO entity_definition_lines (id, entity_id, prefix, content, line_order) VALUES (552, 15, '◻', '  academic{𝄏⦑Annals of the History of Computing⦒}', 49);
INSERT INTO entity_definition_lines (id, entity_id, prefix, content, line_order) VALUES (553, 15, '◻', '  trade{𝄏⦑Datamation|Chemical Engineering Education⦒}', 50);
INSERT INTO entity_definition_lines (id, entity_id, prefix, content, line_order) VALUES (554, 15, '◻', '  popular{𝄏⦑Byte Magazine|Fortune⦒}', 51);
INSERT INTO entity_definition_lines (id, entity_id, prefix, content, line_order) VALUES (555, 15, '◻', '  underground{𝄏⦑Computer Underground Digest|FidoNews⦒}', 52);
INSERT INTO entity_definition_lines (id, entity_id, prefix, content, line_order) VALUES (556, 15, '◻', '  publication type diversity', 53);
INSERT INTO entity_definition_lines (id, entity_id, prefix, content, line_order) VALUES (557, 15, '◻', 'Compound citation structure:', 54);
INSERT INTO entity_definition_lines (id, entity_id, prefix, content, line_order) VALUES (558, 15, '◻', '  ⚘⊙𝄏⊳⦑Author⦒⦑Year⦒⦑Journal⦒⦑Article⦒', 55);
INSERT INTO entity_definition_lines (id, entity_id, prefix, content, line_order) VALUES (559, 15, '◻', '  single author{⚘⊙𝄏⊳⦑C.S. Peirce⦒⦑1878⦒⦑Popular Science Monthly⦒⦑How to Make Our Ideas Clear⦒}', 56);
INSERT INTO entity_definition_lines (id, entity_id, prefix, content, line_order) VALUES (560, 15, '◻', '  co-authors{⚘⊙𝄏⊳⦑Marion Fourcade∧Kierian Healy⦒⦑2017⦒⦑Socio-Economic Review⦒⦑Seeing Like a Market⦒}', 57);
INSERT INTO entity_definition_lines (id, entity_id, prefix, content, line_order) VALUES (561, 15, '◻', '  structure{⚘author⊙year𝄏journal⊳article}', 58);
INSERT INTO entity_definition_lines (id, entity_id, prefix, content, line_order) VALUES (562, 15, '◻', '  separator∧for co-authors', 59);
INSERT INTO entity_definition_lines (id, entity_id, prefix, content, line_order) VALUES (563, 15, '≟', '"serial publication"→𝄏', 60);
INSERT INTO entity_definition_lines (id, entity_id, prefix, content, line_order) VALUES (564, 15, '≟', '"standalone work"→⊳', 61);
INSERT INTO entity_definition_lines (id, entity_id, prefix, content, line_order) VALUES (565, 15, '≟', '"publisher organization"→⍚', 62);
INSERT INTO entity_definition_lines (id, entity_id, prefix, content, line_order) VALUES (566, 15, '≟', '"academic field"→❖:', 63);
INSERT INTO entity_definition_lines (id, entity_id, prefix, content, line_order) VALUES (567, 15, '≟', '  test1{periodic issues?→YES:𝄏|NO:continue}', 64);
INSERT INTO entity_definition_lines (id, entity_id, prefix, content, line_order) VALUES (568, 15, '≟', '  test2{one-time publication?→YES:⊳|NO:continue}', 65);
INSERT INTO entity_definition_lines (id, entity_id, prefix, content, line_order) VALUES (569, 15, '≟', '  test3{institutional publisher?→YES:⍚|NO:continue}', 66);
INSERT INTO entity_definition_lines (id, entity_id, prefix, content, line_order) VALUES (570, 15, '≟', '  test4{academic discipline?→YES:❖|NO:review}', 67);
INSERT INTO entity_definition_lines (id, entity_id, prefix, content, line_order) VALUES (571, 15, '⊨', '𝄏⊂serial publications ∧ periodical venues ∧ regular issues ∧ 𝄏⊅{standalone,publishers,one-time books}', 68);
INSERT INTO entities (id, symbol, name, description, category_id, sort_order) VALUES (16, '⧊', 'Concept', 'Reality-organizing abstraction with cross-domain operation and organizing power', 3, 20);
INSERT INTO symbols (symbol, codepoint, symbol_type, name) VALUES ('⧊', 'U+29CA', 'entity', 'Concept');
INSERT INTO entity_definition_lines (id, entity_id, prefix, content, line_order) VALUES (572, 16, '≡', 'reality-organizing abstraction ∧ theoretical construct', 1);
INSERT INTO entity_definition_lines (id, entity_id, prefix, content, line_order) VALUES (573, 16, '≝', 'cross-domain operation ∧ conceptual framework ∧ organizing principle ∧ transcendent idea', 2);
INSERT INTO entity_definition_lines (id, entity_id, prefix, content, line_order) VALUES (574, 16, '∂', '⧊⊅{⧈occupational,diagnostic,role-based,❖institutionalized,⧏procedural,⌬implemented}', 3);
INSERT INTO entity_definition_lines (id, entity_id, prefix, content, line_order) VALUES (575, 16, '∂', '◻{domain transcendence,organizing power}', 4);
INSERT INTO entity_definition_lines (id, entity_id, prefix, content, line_order) VALUES (576, 16, '⊛', '⧊⦑Democracy|Capitalism|Science|Language|Free Will|Engineering Mindset|Technical Rationality|Citizenship⦒(abstraction¬people)', 5);
INSERT INTO entity_definition_lines (id, entity_id, prefix, content, line_order) VALUES (577, 16, '◻', 'Abstract nouns ∧ theoretical constructs ∧ organizing principles:', 6);
INSERT INTO entity_definition_lines (id, entity_id, prefix, content, line_order) VALUES (578, 16, '◻', '  philosophical: {⧊⦑Free Will|Consciousness|Mind|Self⦒}', 7);
INSERT INTO entity_definition_lines (id, entity_id, prefix, content, line_order) VALUES (579, 16, '◻', '  political: {⧊⦑Democracy|Capitalism|Liberty|Republic⦒}', 8);
INSERT INTO entity_definition_lines (id, entity_id, prefix, content, line_order) VALUES (580, 16, '◻', '  social: {⧊⦑Class|Gender|Culture|Society⦒}', 9);
INSERT INTO entity_definition_lines (id, entity_id, prefix, content, line_order) VALUES (581, 16, '◻', '  epistemic: {⧊⦑Science|Knowledge|Rationality|Verification⦒}', 10);
INSERT INTO entity_definition_lines (id, entity_id, prefix, content, line_order) VALUES (582, 16, '◻', '  cultural: {⧊⦑Art|Poetry|Fiction|Taste⦒}', 11);
INSERT INTO entity_definition_lines (id, entity_id, prefix, content, line_order) VALUES (583, 16, '◻', '  analytical: {⧊⦑Classification|Explanation|Representation⦒}', 12);
INSERT INTO entity_definition_lines (id, entity_id, prefix, content, line_order) VALUES (584, 16, '◻', '  attitudes/frameworks: {⧊⦑Engineering Mindset|Technical Rationality|Puritanism⦒}', 13);
INSERT INTO entity_definition_lines (id, entity_id, prefix, content, line_order) VALUES (585, 16, '◻', '  abstract nouns≫descriptive phrases', 14);
INSERT INTO entity_definition_lines (id, entity_id, prefix, content, line_order) VALUES (586, 16, '◻', 'Concept vs people discrimination abstraction→⧊|occupational→⧈:', 15);
INSERT INTO entity_definition_lines (id, entity_id, prefix, content, line_order) VALUES (587, 16, '◻', '  test{"The [X]"refers to people?→⧈|property/idea transcending people?→⧊}', 16);
INSERT INTO entity_definition_lines (id, entity_id, prefix, content, line_order) VALUES (588, 16, '◻', '  ⧊⦑Engineering Mindset⦒(attitude¬people)', 17);
INSERT INTO entity_definition_lines (id, entity_id, prefix, content, line_order) VALUES (589, 16, '◻', '  ⧊⦑Citizenship⦒(legal status abstraction)', 18);
INSERT INTO entity_definition_lines (id, entity_id, prefix, content, line_order) VALUES (590, 16, '◻', '  ∂occupational categories ALWAYS ⧈{', 19);
INSERT INTO entity_definition_lines (id, entity_id, prefix, content, line_order) VALUES (591, 16, '◻', '    ✗⧊⦑Engineers⦒→⧈⦑Engineers⦒people who engineer', 20);
INSERT INTO entity_definition_lines (id, entity_id, prefix, content, line_order) VALUES (592, 16, '◻', '    ✗⧊⦑Citizens⦒→⧈⦑Citizens⦒people with citizenship', 21);
INSERT INTO entity_definition_lines (id, entity_id, prefix, content, line_order) VALUES (593, 16, '◻', '    ✗⧊⦑Patients⦒→⧈⦑Patients⦒people receiving medical care}', 22);
INSERT INTO entity_definition_lines (id, entity_id, prefix, content, line_order) VALUES (594, 16, '◻', '  ◻CRITICAL RULE{occupational∈⧈(¬⧊)}', 23);
INSERT INTO entity_definition_lines (id, entity_id, prefix, content, line_order) VALUES (595, 16, '◻', 'Concept vs field discrimination theoretical→⧊|institutional→❖:', 24);
INSERT INTO entity_definition_lines (id, entity_id, prefix, content, line_order) VALUES (596, 16, '◻', '  test{"Department of X"exists?→❖|cross-field abstract concept?→⧊}', 25);
INSERT INTO entity_definition_lines (id, entity_id, prefix, content, line_order) VALUES (597, 16, '◻', '  ⧊⦑Free Will⦒(philosophical concept¬academic field)', 26);
INSERT INTO entity_definition_lines (id, entity_id, prefix, content, line_order) VALUES (598, 16, '◻', '  ⧊⦑Representation⦒(cross-field concept)', 27);
INSERT INTO entity_definition_lines (id, entity_id, prefix, content, line_order) VALUES (599, 16, '◻', '  ∂subdisciplines often ❖{', 28);
INSERT INTO entity_definition_lines (id, entity_id, prefix, content, line_order) VALUES (600, 16, '◻', '    ✗⧊⦑Economic Anthropology⦒→❖anthropology subdiscipline', 29);
INSERT INTO entity_definition_lines (id, entity_id, prefix, content, line_order) VALUES (601, 16, '◻', '    ✗⧊⦑Quantum Mechanics⦒→❖physics subdiscipline}', 30);
INSERT INTO entity_definition_lines (id, entity_id, prefix, content, line_order) VALUES (602, 16, '◻', '  institutional criterion decisive', 31);
INSERT INTO entity_definition_lines (id, entity_id, prefix, content, line_order) VALUES (603, 16, '◻', 'Concept vs method discrimination theoretical→⧊|procedural→⧏:', 32);
INSERT INTO entity_definition_lines (id, entity_id, prefix, content, line_order) VALUES (604, 16, '◻', '  test{"Apply [X]"natural?→⧏|organizing principle without steps?→⧊}', 33);
INSERT INTO entity_definition_lines (id, entity_id, prefix, content, line_order) VALUES (605, 16, '◻', '  test{replicable procedure?→⧏|abstract framework?→⧊}', 34);
INSERT INTO entity_definition_lines (id, entity_id, prefix, content, line_order) VALUES (606, 16, '◻', '  ⧊⦑Classification⦒(concept about organizing)', 35);
INSERT INTO entity_definition_lines (id, entity_id, prefix, content, line_order) VALUES (607, 16, '◻', '  ⧏⦑Classification Method⦒(specific technique)', 36);
INSERT INTO entity_definition_lines (id, entity_id, prefix, content, line_order) VALUES (608, 16, '◻', '  ∂theories/concepts WITHOUT procedures{', 37);
INSERT INTO entity_definition_lines (id, entity_id, prefix, content, line_order) VALUES (609, 16, '◻', '    ✓⧊⦑Shame Culture⦒cultural concept¬analytical method}', 38);
INSERT INTO entity_definition_lines (id, entity_id, prefix, content, line_order) VALUES (610, 16, '◻', '  procedural application requirement discriminates ⧏from ⧊', 39);
INSERT INTO entity_definition_lines (id, entity_id, prefix, content, line_order) VALUES (611, 16, '◻', 'Concept vs technology discrimination abstract→⧊|implemented→⌬:', 40);
INSERT INTO entity_definition_lines (id, entity_id, prefix, content, line_order) VALUES (612, 16, '◻', '  test{material|computational realization?→⌬|purely abstract?→⧊}', 41);
INSERT INTO entity_definition_lines (id, entity_id, prefix, content, line_order) VALUES (613, 16, '◻', '  ⧊⦑Linguistic Technology⦒(language design as conceptual framework)', 42);
INSERT INTO entity_definition_lines (id, entity_id, prefix, content, line_order) VALUES (614, 16, '◻', '  ⌬⦑AI⦒(technology domain with implementations)', 43);
INSERT INTO entity_definition_lines (id, entity_id, prefix, content, line_order) VALUES (615, 16, '◻', '  operational capability criterion(⌬requires implementation)', 44);
INSERT INTO entity_definition_lines (id, entity_id, prefix, content, line_order) VALUES (616, 16, '◻', 'Compound concepts valid when components interact:', 45);
INSERT INTO entity_definition_lines (id, entity_id, prefix, content, line_order) VALUES (617, 16, '◻', '  ⧊⦑Political Economy|Social Class|Cultural Memory⦒', 46);
INSERT INTO entity_definition_lines (id, entity_id, prefix, content, line_order) VALUES (618, 16, '◻', 'Metaphors/analogies valid as concepts:', 47);
INSERT INTO entity_definition_lines (id, entity_id, prefix, content, line_order) VALUES (619, 16, '◻', '  ⧊⦑Attention as Economic Resource⦒(metaphor=conceptual framework)', 48);
INSERT INTO entity_definition_lines (id, entity_id, prefix, content, line_order) VALUES (620, 16, '◻', '  ⧊⦑Black Box⦒(metaphorical concept)', 49);
INSERT INTO entity_definition_lines (id, entity_id, prefix, content, line_order) VALUES (621, 16, '◻', 'Domain transcendence test applies across contexts?:', 50);
INSERT INTO entity_definition_lines (id, entity_id, prefix, content, line_order) VALUES (622, 16, '◻', '  ⧊⦑Representation⦒(philosophy,art,politics,science)', 51);
INSERT INTO entity_definition_lines (id, entity_id, prefix, content, line_order) VALUES (623, 16, '◻', '  ⧊⦑Classification⦒(biology,library science,philosophy,social science)', 52);
INSERT INTO entity_definition_lines (id, entity_id, prefix, content, line_order) VALUES (624, 16, '◻', '  cross-domain applicability=reality-organizing power', 53);
INSERT INTO entity_definition_lines (id, entity_id, prefix, content, line_order) VALUES (625, 16, '≟', '"cross-domain abstraction"→⧊', 54);
INSERT INTO entity_definition_lines (id, entity_id, prefix, content, line_order) VALUES (626, 16, '≟', '"people category"→⧈', 55);
INSERT INTO entity_definition_lines (id, entity_id, prefix, content, line_order) VALUES (627, 16, '≟', '"academic department"→❖', 56);
INSERT INTO entity_definition_lines (id, entity_id, prefix, content, line_order) VALUES (628, 16, '≟', '"procedural technique"→⧏', 57);
INSERT INTO entity_definition_lines (id, entity_id, prefix, content, line_order) VALUES (629, 16, '≟', '"implemented system"→⌬:', 58);
INSERT INTO entity_definition_lines (id, entity_id, prefix, content, line_order) VALUES (630, 16, '≟', '  test1{people?"The [X]"=people?→YES:⧈|NO:continue}', 59);
INSERT INTO entity_definition_lines (id, entity_id, prefix, content, line_order) VALUES (631, 16, '≟', '  test2{occupation?occupational role?→YES:⧈|NO:continue}', 60);
INSERT INTO entity_definition_lines (id, entity_id, prefix, content, line_order) VALUES (632, 16, '≟', '  test3{institution?"Department of [X]"?→YES:❖|NO:continue}', 61);
INSERT INTO entity_definition_lines (id, entity_id, prefix, content, line_order) VALUES (633, 16, '≟', '  test4{procedure?"Apply [X]"natural?→YES:⧏|NO:continue}', 62);
INSERT INTO entity_definition_lines (id, entity_id, prefix, content, line_order) VALUES (634, 16, '≟', '  test5{implementation?material|computational system?→YES:⌬|NO:continue}', 63);
INSERT INTO entity_definition_lines (id, entity_id, prefix, content, line_order) VALUES (635, 16, '≟', '  test6{domain?transcends single field/context?→YES:likely ⧊|NO:review}', 64);
INSERT INTO entity_definition_lines (id, entity_id, prefix, content, line_order) VALUES (636, 16, '≟', '  test7{organizing?structures reality|organizes experience?→YES:⧊|NO:review}', 65);
INSERT INTO entity_definition_lines (id, entity_id, prefix, content, line_order) VALUES (637, 16, '⊨', '⧊⊂reality organizing abstractions ∧ cross domain operation ∧ theoretical constructs ∧ ⧊⊅{⧈,❖,⧏,⌬}', 66);
INSERT INTO entities (id, symbol, name, description, category_id, sort_order) VALUES (17, '⧏', 'Method', 'Analytical technique with procedural application and replicable steps', 3, 21);
INSERT INTO symbols (symbol, codepoint, symbol_type, name) VALUES ('⧏', 'U+29CF', 'entity', 'Method');
INSERT INTO entity_definition_lines (id, entity_id, prefix, content, line_order) VALUES (638, 17, '≡', 'analytical technique', 1);
INSERT INTO entity_definition_lines (id, entity_id, prefix, content, line_order) VALUES (639, 17, '≡', 'systematic procedure', 2);
INSERT INTO entity_definition_lines (id, entity_id, prefix, content, line_order) VALUES (640, 17, '≝', 'replicable steps', 3);
INSERT INTO entity_definition_lines (id, entity_id, prefix, content, line_order) VALUES (641, 17, '≝', 'procedural application', 4);
INSERT INTO entity_definition_lines (id, entity_id, prefix, content, line_order) VALUES (642, 17, '≝', 'methodological approach', 5);
INSERT INTO entity_definition_lines (id, entity_id, prefix, content, line_order) VALUES (643, 17, '∂', '⧏⊅{❖,⧊,⌬}', 6);
INSERT INTO entity_definition_lines (id, entity_id, prefix, content, line_order) VALUES (644, 17, '∂', '⧏⊅⧊_meta (method-terms in epistemological discourse)', 7);
INSERT INTO entity_definition_lines (id, entity_id, prefix, content, line_order) VALUES (645, 17, '∂', 'doing→⧏ | discussing→⧊', 8);
INSERT INTO entity_definition_lines (id, entity_id, prefix, content, line_order) VALUES (646, 17, '⊡', 'typical: Ֆ6Շ6Գ7Բ6', 9);
INSERT INTO entity_definition_lines (id, entity_id, prefix, content, line_order) VALUES (647, 17, '⊡', '⧏⦑Western Blot⦒: Ֆ9Շ3Բ9', 10);
INSERT INTO entity_definition_lines (id, entity_id, prefix, content, line_order) VALUES (648, 17, '⊡', '⧏⦑Participant Observation⦒: Ֆ5Շ7Բ4', 11);
INSERT INTO entity_definition_lines (id, entity_id, prefix, content, line_order) VALUES (649, 17, '⊡', '⧏⦑Dialectics⦒: Ֆ4Շ9Գ9', 12);
INSERT INTO entity_definition_lines (id, entity_id, prefix, content, line_order) VALUES (650, 17, '⊛', '⧏⦑Content Analysis|Discourse Analysis|Participant Observation⦒', 13);
INSERT INTO entity_definition_lines (id, entity_id, prefix, content, line_order) VALUES (651, 17, '⊛', '⧏⦑Genealogical Method|Comparative Method|Historical Method⦒', 14);
INSERT INTO entity_definition_lines (id, entity_id, prefix, content, line_order) VALUES (652, 17, '⧠', 'Popper on ''holistic experiments''→⧊ (critiquing concept)', 15);
INSERT INTO entity_definition_lines (id, entity_id, prefix, content, line_order) VALUES (653, 17, '⧠', 'methods textbook on ''holistic experiments''→⧏ (teaching procedure)', 16);
INSERT INTO entity_definition_lines (id, entity_id, prefix, content, line_order) VALUES (654, 17, '⧠', '''apply content analysis to corpus''→⧏', 17);
INSERT INTO entity_definition_lines (id, entity_id, prefix, content, line_order) VALUES (655, 17, '⧠', '''the idea of content analysis''→⧊', 18);
INSERT INTO entity_definition_lines (id, entity_id, prefix, content, line_order) VALUES (656, 17, '◻', 'procedural: test{"Apply [X]" natural?→YES:⧏|NO:review}', 19);
INSERT INTO entity_definition_lines (id, entity_id, prefix, content, line_order) VALUES (657, 17, '◻', 'discourse: test{HOW-writing?→⧏|WHAT-writing?→⧊}', 20);
INSERT INTO entity_definition_lines (id, entity_id, prefix, content, line_order) VALUES (658, 17, '◻', '  methodological (handbooks, protocols)→⧏', 21);
INSERT INTO entity_definition_lines (id, entity_id, prefix, content, line_order) VALUES (659, 17, '◻', '  epistemological (philosophy of science)→⧊', 22);
INSERT INTO entity_definition_lines (id, entity_id, prefix, content, line_order) VALUES (660, 17, '◻', 'vs ❖: test{departments exist?→❖|technique within field?→⧏}', 23);
INSERT INTO entity_definition_lines (id, entity_id, prefix, content, line_order) VALUES (661, 17, '◻', 'vs ⌬: test{material/computational?→⌬|analytical?→⧏}', 24);
INSERT INTO entity_definition_lines (id, entity_id, prefix, content, line_order) VALUES (662, 17, '≟', '○₁ discourse: HOW?→continue | WHAT?→⧊', 25);
INSERT INTO entity_definition_lines (id, entity_id, prefix, content, line_order) VALUES (663, 17, '≟', '○₂ procedural: replicable steps?→continue | abstract?→⧊', 26);
INSERT INTO entity_definition_lines (id, entity_id, prefix, content, line_order) VALUES (664, 17, '≟', '○₃ institutional: departments/degrees?→❖ | technique?→continue', 27);
INSERT INTO entity_definition_lines (id, entity_id, prefix, content, line_order) VALUES (665, 17, '≟', '○₄ technical: implemented system?→⌬ | analytical?→⧏', 28);
INSERT INTO entity_definition_lines (id, entity_id, prefix, content, line_order) VALUES (666, 17, '⊨', '⧏⊂systematic procedures ∧ procedural application', 29);
INSERT INTO entities (id, symbol, name, description, category_id, sort_order) VALUES (18, '⌯', 'Movement', 'Social movement with sustained mobilization and collective identity', 3, 22);
INSERT INTO symbols (symbol, codepoint, symbol_type, name) VALUES ('⌯', 'U+232F', 'entity', 'Movement');
INSERT INTO entity_definition_lines (id, entity_id, prefix, content, line_order) VALUES (667, 18, '≡', 'social movement ∧ collective action', 1);
INSERT INTO entity_definition_lines (id, entity_id, prefix, content, line_order) VALUES (668, 18, '≝', 'sustained mobilization ∧ political activism ∧ ideological coherence', 2);
INSERT INTO entity_definition_lines (id, entity_id, prefix, content, line_order) VALUES (669, 18, '∂', '⌯⊅{⍚formal organizations,⧈human categories,⧖eras,❖fields}', 3);
INSERT INTO entity_definition_lines (id, entity_id, prefix, content, line_order) VALUES (670, 18, '◻', '◻{social mobilization,collective identity,political/social goals}', 4);
INSERT INTO entity_definition_lines (id, entity_id, prefix, content, line_order) VALUES (671, 18, '⊛', '⌯⦑Civil Rights Movement|Feminism|Jansenism|Frankfurt School⦒', 5);
INSERT INTO entity_definition_lines (id, entity_id, prefix, content, line_order) VALUES (672, 18, '◻', 'Movement naming descriptive|ideological label:', 6);
INSERT INTO entity_definition_lines (id, entity_id, prefix, content, line_order) VALUES (673, 18, '◻', '  political{⌯⦑Civil Rights Movement|Labor Movement|Anti-War Movement⦒}', 7);
INSERT INTO entity_definition_lines (id, entity_id, prefix, content, line_order) VALUES (674, 18, '◻', '  intellectual{⌯⦑Frankfurt School|Jansenism|Port-Royal⦒when tradition/movement}', 8);
INSERT INTO entity_definition_lines (id, entity_id, prefix, content, line_order) VALUES (675, 18, '◻', '  religious{⌯⦑Protestantism|Jansenism⦒}', 9);
INSERT INTO entity_definition_lines (id, entity_id, prefix, content, line_order) VALUES (676, 18, '◻', '  social{⌯⦑Feminism|Environmentalism⦒}', 10);
INSERT INTO entity_definition_lines (id, entity_id, prefix, content, line_order) VALUES (677, 18, '◻', 'Movement vs institution movement/tradition→⌯|actual institute→⍚:', 11);
INSERT INTO entity_definition_lines (id, entity_id, prefix, content, line_order) VALUES (678, 18, '◻', '  ⌯⦑Frankfurt School⦒(intellectual tradition¬actual institution)', 12);
INSERT INTO entity_definition_lines (id, entity_id, prefix, content, line_order) VALUES (679, 18, '◻', '  ⍚⦑Institute for Social Research⦒(actual institution)', 13);
INSERT INTO entity_definition_lines (id, entity_id, prefix, content, line_order) VALUES (680, 18, '◻', '  case-by-case{DELETE organization when concept/movement already captured:', 14);
INSERT INTO entity_definition_lines (id, entity_id, prefix, content, line_order) VALUES (681, 18, '◻', '    ⌯⦑Port-Royal⦒→⌯⦑Jansenism⦒when ⧊⦑Jansenism⦒already present}', 15);
INSERT INTO entity_definition_lines (id, entity_id, prefix, content, line_order) VALUES (682, 18, '◻', '  usage context determines classification', 16);
INSERT INTO entity_definition_lines (id, entity_id, prefix, content, line_order) VALUES (683, 18, '≟', 'sustained mobilization∧collective identity→⌯', 17);
INSERT INTO entity_definition_lines (id, entity_id, prefix, content, line_order) VALUES (684, 18, '≟', 'formal organization→⍚', 18);
INSERT INTO entity_definition_lines (id, entity_id, prefix, content, line_order) VALUES (685, 18, '≟', 'intellectual tradition¬institute→⌯', 19);
INSERT INTO entity_definition_lines (id, entity_id, prefix, content, line_order) VALUES (686, 18, '≟', 'academic field→❖', 20);
INSERT INTO entity_definition_lines (id, entity_id, prefix, content, line_order) VALUES (687, 18, '⊨', '⌯⊂social movements ∧ sustained mobilization', 21);
INSERT INTO entities (id, symbol, name, description, category_id, sort_order) VALUES (19, '⇋', 'Relation', 'Tripartite entrainment (agent-category-behavior) requiring ≥3 elements', 4, 30);
INSERT INTO symbols (symbol, codepoint, symbol_type, name) VALUES ('⇋', 'U+21CB', 'entity', 'Relation');
INSERT INTO entity_definition_lines (id, entity_id, prefix, content, line_order) VALUES (688, 19, '≡', 'relation ∧ tripartite entrainment', 1);
INSERT INTO entity_definition_lines (id, entity_id, prefix, content, line_order) VALUES (689, 19, '≝', 'agent∧category∧behavior interaction ∧ mutual influence ∧ structural coupling', 2);
INSERT INTO entity_definition_lines (id, entity_id, prefix, content, line_order) VALUES (690, 19, '∂', '◻□{tripartite:agent∧category∧behavior,elements≥3 mandatory}', 3);
INSERT INTO entity_definition_lines (id, entity_id, prefix, content, line_order) VALUES (691, 19, '∂', '∂{¬dyadic use ⧆,¬generic relationships}', 4);
INSERT INTO entity_definition_lines (id, entity_id, prefix, content, line_order) VALUES (692, 19, '⊛', '⇋⦑Relation⦒ with tripartite structure', 5);
INSERT INTO entity_definition_lines (id, entity_id, prefix, content, line_order) VALUES (693, 19, '◻', 'Tripartite structure ◻□mandatory:', 6);
INSERT INTO entity_definition_lines (id, entity_id, prefix, content, line_order) VALUES (694, 19, '◻', '  agent{human/organizational actor}', 7);
INSERT INTO entity_definition_lines (id, entity_id, prefix, content, line_order) VALUES (695, 19, '◻', '  category{classificatory system}', 8);
INSERT INTO entity_definition_lines (id, entity_id, prefix, content, line_order) VALUES (696, 19, '◻', '  behavior{action/response pattern}', 9);
INSERT INTO entity_definition_lines (id, entity_id, prefix, content, line_order) VALUES (697, 19, '◻', '  elements≥3(¬dyadic)', 10);
INSERT INTO entity_definition_lines (id, entity_id, prefix, content, line_order) VALUES (698, 19, '◻', '  mutual influence evident', 11);
INSERT INTO entity_definition_lines (id, entity_id, prefix, content, line_order) VALUES (699, 19, '◻', '∂dyadic dyadic relations→⧆¬⇋:', 12);
INSERT INTO entity_definition_lines (id, entity_id, prefix, content, line_order) VALUES (700, 19, '◻', '  binary oppositions→⧆⦑A vs B⦒', 13);
INSERT INTO entity_definition_lines (id, entity_id, prefix, content, line_order) VALUES (701, 19, '◻', '  ∂¬⇋for 2 elements', 14);
INSERT INTO entity_definition_lines (id, entity_id, prefix, content, line_order) VALUES (702, 19, '◻', '  tripartite requirement strict', 15);
INSERT INTO entity_definition_lines (id, entity_id, prefix, content, line_order) VALUES (703, 19, '≟', 'elements≥3∧mutual influence?→⇋', 16);
INSERT INTO entity_definition_lines (id, entity_id, prefix, content, line_order) VALUES (704, 19, '≟', 'dyadic binary?→⧆', 17);
INSERT INTO entity_definition_lines (id, entity_id, prefix, content, line_order) VALUES (705, 19, '≟', 'general connection?→review', 18);
INSERT INTO entity_definition_lines (id, entity_id, prefix, content, line_order) VALUES (706, 19, '⊨', '⇋⊂tripartite entrainments ∧ □3 elements', 19);
INSERT INTO entities (id, symbol, name, description, category_id, sort_order) VALUES (20, '⧆', 'Tension', 'Binary productive opposition between competing frameworks (dyadic only)', 4, 31);
INSERT INTO symbols (symbol, codepoint, symbol_type, name) VALUES ('⧆', 'U+29C6', 'entity', 'Tension');
INSERT INTO entity_definition_lines (id, entity_id, prefix, content, line_order) VALUES (707, 20, '≡', 'tension ∧ productive opposition', 1);
INSERT INTO entity_definition_lines (id, entity_id, prefix, content, line_order) VALUES (708, 20, '≝', 'binary competing frameworks ∧ dyadic contrast ∧ generative friction', 2);
INSERT INTO entity_definition_lines (id, entity_id, prefix, content, line_order) VALUES (709, 20, '∂', '⧆⊅{⇋tripartite≥3,☯simultaneous contradiction}', 3);
INSERT INTO entity_definition_lines (id, entity_id, prefix, content, line_order) VALUES (710, 20, '◻', '◻{binary structure,competing frameworks,productive tension}', 4);
INSERT INTO entity_definition_lines (id, entity_id, prefix, content, line_order) VALUES (711, 20, '⊛', '⧆⦑Individual vs Collective|Theory vs Practice|Quantitative vs Qualitative⦒', 5);
INSERT INTO entity_definition_lines (id, entity_id, prefix, content, line_order) VALUES (712, 20, '◻', '"vs"format dyadic opposition:', 6);
INSERT INTO entity_definition_lines (id, entity_id, prefix, content, line_order) VALUES (713, 20, '◻', '  ⧆⦑A vs B⦒', 7);
INSERT INTO entity_definition_lines (id, entity_id, prefix, content, line_order) VALUES (714, 20, '◻', '  binary competing frameworks', 8);
INSERT INTO entity_definition_lines (id, entity_id, prefix, content, line_order) VALUES (715, 20, '◻', '  productive opposition¬simple contradiction', 9);
INSERT INTO entity_definition_lines (id, entity_id, prefix, content, line_order) VALUES (716, 20, '◻', 'Dyadic strict binary only¬tripartite:', 10);
INSERT INTO entity_definition_lines (id, entity_id, prefix, content, line_order) VALUES (717, 20, '◻', '  2 elements exactly', 11);
INSERT INTO entity_definition_lines (id, entity_id, prefix, content, line_order) VALUES (718, 20, '◻', '  ∂¬3+ elements(use ⇋)', 12);
INSERT INTO entity_definition_lines (id, entity_id, prefix, content, line_order) VALUES (719, 20, '◻', '  dyadic boundary enforcement', 13);
INSERT INTO entity_definition_lines (id, entity_id, prefix, content, line_order) VALUES (720, 20, '≟', 'binary competing?→⧆', 14);
INSERT INTO entity_definition_lines (id, entity_id, prefix, content, line_order) VALUES (721, 20, '≟', 'tripartite≥3?→⇋', 15);
INSERT INTO entity_definition_lines (id, entity_id, prefix, content, line_order) VALUES (722, 20, '≟', 'simultaneous within single?→☯', 16);
INSERT INTO entity_definition_lines (id, entity_id, prefix, content, line_order) VALUES (723, 20, '⊨', '⧆⊂dyadic productive oppositions ∧ binary structure', 17);
INSERT INTO entities (id, symbol, name, description, category_id, sort_order) VALUES (21, '⟗', 'Loop', 'Feedback cycle with bidirectional causality and repeated iteration', 4, 32);
INSERT INTO symbols (symbol, codepoint, symbol_type, name) VALUES ('⟗', 'U+27D7', 'entity', 'Loop');
INSERT INTO entity_definition_lines (id, entity_id, prefix, content, line_order) VALUES (724, 21, '≡', 'loop ∧ feedback cycle', 1);
INSERT INTO entity_definition_lines (id, entity_id, prefix, content, line_order) VALUES (725, 21, '≝', 'recursive reinforcement ∧ bidirectional causality ∧ cyclical pattern', 2);
INSERT INTO entity_definition_lines (id, entity_id, prefix, content, line_order) VALUES (726, 21, '∂', '⟗⊅{⬢single moment,⧃unidirectional sequence}', 3);
INSERT INTO entity_definition_lines (id, entity_id, prefix, content, line_order) VALUES (727, 21, '∂', '⟗⊅⧊_loop_concepts (analyzing feedback concept ≠ describing specific loop)', 4);
INSERT INTO entity_definition_lines (id, entity_id, prefix, content, line_order) VALUES (728, 21, '◻', '◻{bidirectional feedback,repeated cycles,mutual reinforcement}', 5);
INSERT INTO entity_definition_lines (id, entity_id, prefix, content, line_order) VALUES (729, 21, '◻', 'textual signals: ''fed back'', ''reinforced'', ''in turn'', ''which then'', ''cycle''', 6);
INSERT INTO entity_definition_lines (id, entity_id, prefix, content, line_order) VALUES (730, 21, '⊛', '⟗⦑Loop|Bandwagon Loop|Error-Confirmation Loop|Multiple Personality Formation Loop⦒', 7);
INSERT INTO entity_definition_lines (id, entity_id, prefix, content, line_order) VALUES (731, 21, '⧠', '⟗⦑Multiple Personality Formation Loop⦒: diagnosis→patients exhibit more→criteria expand→therapy elicits more→''way to be a person'' (1983→1991 visible iteration, ''fed back'' in text)', 8);
INSERT INTO entity_definition_lines (id, entity_id, prefix, content, line_order) VALUES (732, 21, '⧠', '⬢⦑Making Up People⦒: classification constitutes classified (simultaneity, no iteration visible)', 9);
INSERT INTO entity_definition_lines (id, entity_id, prefix, content, line_order) VALUES (733, 21, '⧠', '⧃⦑Medicalization⦒: condition→medical frame (unidirectional transformation, no return)', 10);
INSERT INTO entity_definition_lines (id, entity_id, prefix, content, line_order) VALUES (734, 21, '⊡', 'Տ(iteration visibility)Բ(bidirectionality)Գ(cycle count)Դ(dynamics: dampen↔amplify)', 11);
INSERT INTO entity_definition_lines (id, entity_id, prefix, content, line_order) VALUES (735, 21, '⊡', 'typical: Տ7Բ8Գ4Դ6', 12);
INSERT INTO entity_definition_lines (id, entity_id, prefix, content, line_order) VALUES (736, 21, '⊡', '⟗⦑Multiple Personality Formation Loop⦒: Տ9Բ8Գ5Դ9', 13);
INSERT INTO entity_definition_lines (id, entity_id, prefix, content, line_order) VALUES (737, 21, '≟', '○₁ discourse check: describing loop phenomenon?→continue | analyzing loop concept?→⧊', 14);
INSERT INTO entity_definition_lines (id, entity_id, prefix, content, line_order) VALUES (738, 21, '≟', '○₂ bidirectional∧repeated?→⟗', 15);
INSERT INTO entity_definition_lines (id, entity_id, prefix, content, line_order) VALUES (739, 21, '≟', '○₃ unidirectional?→⧃', 16);
INSERT INTO entity_definition_lines (id, entity_id, prefix, content, line_order) VALUES (740, 21, '≟', '○₄ single moment constitution?→⬢', 17);
INSERT INTO entity_definition_lines (id, entity_id, prefix, content, line_order) VALUES (741, 21, '⊨', '⟗⊂feedback cycles ∧ bidirectional reinforcement ∧ repeated iteration', 18);
INSERT INTO entities (id, symbol, name, description, category_id, sort_order) VALUES (22, '☯', 'Paradox', 'Simultaneous contradiction (A∧¬A) within single entity at same moment', 4, 33);
INSERT INTO symbols (symbol, codepoint, symbol_type, name) VALUES ('☯', 'U+262F', 'entity', 'Paradox');
INSERT INTO entity_definition_lines (id, entity_id, prefix, content, line_order) VALUES (742, 22, '≡', 'paradox ∧ contradictory coexistence', 1);
INSERT INTO entity_definition_lines (id, entity_id, prefix, content, line_order) VALUES (743, 22, '≝', 'simultaneous contradiction ∧ A∧¬A within single entity ∧ irresolvable tension', 2);
INSERT INTO entity_definition_lines (id, entity_id, prefix, content, line_order) VALUES (744, 22, '∂', '☯⊅{⧆external opposition,⟗temporal alternation}', 3);
INSERT INTO entity_definition_lines (id, entity_id, prefix, content, line_order) VALUES (745, 22, '◻', '◻{simultaneity,single entity locus,genuine contradiction}', 4);
INSERT INTO entity_definition_lines (id, entity_id, prefix, content, line_order) VALUES (746, 22, '⊛', '☯⦑Paradox|Social Science of Change|Counterintuitive Policy|Pyrrhic Victory⦒', 5);
INSERT INTO entity_definition_lines (id, entity_id, prefix, content, line_order) VALUES (747, 22, '◻', 'Contradictory coexistence within single entity:', 6);
INSERT INTO entity_definition_lines (id, entity_id, prefix, content, line_order) VALUES (748, 22, '◻', '  simultaneous{A∧¬A same moment same entity}', 7);
INSERT INTO entity_definition_lines (id, entity_id, prefix, content, line_order) VALUES (749, 22, '◻', '  ∂¬external dyadic opposition(use ⧆)', 8);
INSERT INTO entity_definition_lines (id, entity_id, prefix, content, line_order) VALUES (750, 22, '◻', '  ∂¬temporal alternation(use ⟗)', 9);
INSERT INTO entity_definition_lines (id, entity_id, prefix, content, line_order) VALUES (751, 22, '◻', '  genuine irresolvable contradiction', 10);
INSERT INTO entity_definition_lines (id, entity_id, prefix, content, line_order) VALUES (752, 22, '≟', 'A∧¬A simultaneously within single?→☯', 11);
INSERT INTO entity_definition_lines (id, entity_id, prefix, content, line_order) VALUES (753, 22, '≟', 'external binary opposition?→⧆', 12);
INSERT INTO entity_definition_lines (id, entity_id, prefix, content, line_order) VALUES (754, 22, '≟', 'temporal alternation cycle?→⟗', 13);
INSERT INTO entity_definition_lines (id, entity_id, prefix, content, line_order) VALUES (755, 22, '⊨', '☯⊂simultaneous contradictions ∧ single entity locus ∧ irresolvable', 14);
INSERT INTO entities (id, symbol, name, description, category_id, sort_order) VALUES (23, '⧃', 'Transformation', 'Unidirectional temporal transformation with sequential developmental stages', 5, 40);
INSERT INTO symbols (symbol, codepoint, symbol_type, name) VALUES ('⧃', 'U+29C3', 'entity', 'Transformation');
INSERT INTO entity_definition_lines (id, entity_id, prefix, content, line_order) VALUES (756, 23, '≡', 'transformation ∧ directional change', 1);
INSERT INTO entity_definition_lines (id, entity_id, prefix, content, line_order) VALUES (757, 23, '≝', 'directional transformation A→B→C ∧ temporal progression ∧ developmental stages ∧ unidirectional sequence', 2);
INSERT INTO entity_definition_lines (id, entity_id, prefix, content, line_order) VALUES (758, 23, '∂', '⧃⊅{☯static paradox,⟗bidirectional feedback,⧆dyadic opposition,⬢simultaneous}', 3);
INSERT INTO entity_definition_lines (id, entity_id, prefix, content, line_order) VALUES (759, 23, '∂', '⧃⊅⧊_transformation_concepts (analyzing change ≠ describing specific transformation)', 4);
INSERT INTO entity_definition_lines (id, entity_id, prefix, content, line_order) VALUES (760, 23, '◻', '◻{temporal sequence,progression direction,irreversibility}', 5);
INSERT INTO entity_definition_lines (id, entity_id, prefix, content, line_order) VALUES (761, 23, '⊛', '⧃⦑Magic→Religion→Science|Primitive→Modern Schema|Medicalization|Secularization|Slang Evolution⦒', 6);
INSERT INTO entity_definition_lines (id, entity_id, prefix, content, line_order) VALUES (762, 23, '⧠', '⧃⦑Medicalization⦒: condition→medical frame (unidirectional, no return, no feedback)', 7);
INSERT INTO entity_definition_lines (id, entity_id, prefix, content, line_order) VALUES (763, 23, '⧠', '⧃⦑Secularization⦒: sacred→secular shift (directional historical process)', 8);
INSERT INTO entity_definition_lines (id, entity_id, prefix, content, line_order) VALUES (764, 23, '⧠', '⬢⦑Making Up People⦒: classification constitutes classified (simultaneity, no sequence)', 9);
INSERT INTO entity_definition_lines (id, entity_id, prefix, content, line_order) VALUES (765, 23, '⧠', '⟗⦑Multiple Personality Formation Loop⦒: diagnosis↔behavior↔criteria (bidirectional, returns)', 10);
INSERT INTO entity_definition_lines (id, entity_id, prefix, content, line_order) VALUES (766, 23, '⊡', 'typical: Շ7Գ6Բ8', 11);
INSERT INTO entity_definition_lines (id, entity_id, prefix, content, line_order) VALUES (767, 23, '⊡', '⧃⦑Medicalization⦒: Շ8Գ7Բ9', 12);
INSERT INTO entity_definition_lines (id, entity_id, prefix, content, line_order) VALUES (768, 23, '◻', 'Directional arrows→for sequences:', 13);
INSERT INTO entity_definition_lines (id, entity_id, prefix, content, line_order) VALUES (769, 23, '◻', '  ⧃⦑A→B→C⦒', 14);
INSERT INTO entity_definition_lines (id, entity_id, prefix, content, line_order) VALUES (770, 23, '◻', '  descriptive transformation names', 15);
INSERT INTO entity_definition_lines (id, entity_id, prefix, content, line_order) VALUES (771, 23, '◻', '  temporal requirement{must describe change over time¬simultaneous states}', 16);
INSERT INTO entity_definition_lines (id, entity_id, prefix, content, line_order) VALUES (772, 23, '◻', '  directionality{unidirectional→¬bidirectional↔}', 17);
INSERT INTO entity_definition_lines (id, entity_id, prefix, content, line_order) VALUES (773, 23, '◻', '  composition{⧃∧⧆ valid,⧃∧⇋ valid}', 18);
INSERT INTO entity_definition_lines (id, entity_id, prefix, content, line_order) VALUES (774, 23, '◻', '3-test algorithm:', 19);
INSERT INTO entity_definition_lines (id, entity_id, prefix, content, line_order) VALUES (775, 23, '◻', '  test1 temporal{stages separated t₀<t₁<t₂?→continue|simultaneous t₀=t₀?→⬢}', 20);
INSERT INTO entity_definition_lines (id, entity_id, prefix, content, line_order) VALUES (776, 23, '◻', '  test2 directionality{A→B unidirectional?→continue|A↔B bidirectional?→⟗}', 21);
INSERT INTO entity_definition_lines (id, entity_id, prefix, content, line_order) VALUES (777, 23, '◻', '  test3 progression{irreversible transformation?→⧃|cyclical return?→⟗|static opposition?→⧆}', 22);
INSERT INTO entity_definition_lines (id, entity_id, prefix, content, line_order) VALUES (778, 23, '≟', '○₁ discourse check: describing specific transformation?→continue | analyzing change concept?→⧊', 23);
INSERT INTO entity_definition_lines (id, entity_id, prefix, content, line_order) VALUES (779, 23, '≟', '○₂ "A becomes B over time"→⧃', 24);
INSERT INTO entity_definition_lines (id, entity_id, prefix, content, line_order) VALUES (780, 23, '≟', '○₃ "A cycles back to A"→⟗', 25);
INSERT INTO entity_definition_lines (id, entity_id, prefix, content, line_order) VALUES (781, 23, '≟', '○₄ "Classified as A makes one A"→⬢', 26);
INSERT INTO entity_definition_lines (id, entity_id, prefix, content, line_order) VALUES (782, 23, '⊨', '⧃⊂temporal transformations ∧ directional progression ∧ sequential stages ∧ unidirectional ∧ irreversible', 27);
INSERT INTO entities (id, symbol, name, description, category_id, sort_order) VALUES (24, '⟴', 'Symbolic Action', 'Burkean symbolic action with meaningful dimension and human agency', 5, 41);
INSERT INTO symbols (symbol, codepoint, symbol_type, name) VALUES ('⟴', 'U+27F4', 'entity', 'Symbolic Action');
INSERT INTO entity_definition_lines (id, entity_id, prefix, content, line_order) VALUES (783, 24, '≡', 'symbolic_action', 1);
INSERT INTO entity_definition_lines (id, entity_id, prefix, content, line_order) VALUES (784, 24, '≡', 'meaningful_intervention', 2);
INSERT INTO entity_definition_lines (id, entity_id, prefix, content, line_order) VALUES (785, 24, '≝', 'Burkean action ∧ rhetorical performance', 3);
INSERT INTO entity_definition_lines (id, entity_id, prefix, content, line_order) VALUES (786, 24, '≝', 'agency-requiring deed', 4);
INSERT INTO entity_definition_lines (id, entity_id, prefix, content, line_order) VALUES (787, 24, '∂', '⟴⊅{mechanical, passive, automatic}', 5);
INSERT INTO entity_definition_lines (id, entity_id, prefix, content, line_order) VALUES (788, 24, '∂', '⟴⊅⬢ (⟴ performs | ⬢ constitutes)', 6);
INSERT INTO entity_definition_lines (id, entity_id, prefix, content, line_order) VALUES (789, 24, '∂', '⟴⊅⥅ (⟴ acts | ⥅ anticipates)', 7);
INSERT INTO entity_definition_lines (id, entity_id, prefix, content, line_order) VALUES (790, 24, '∂', '⟴⊅◬ (⟴ agentive | ◬ emergent)', 8);
INSERT INTO entity_definition_lines (id, entity_id, prefix, content, line_order) VALUES (791, 24, '◻', 'symbolic_dimension ∧ human_agency', 9);
INSERT INTO entity_definition_lines (id, entity_id, prefix, content, line_order) VALUES (792, 24, '⊛', 'gerunds: ⟴⦑Branding⦒ ∧ ⟴⦑Ordination⦒', 10);
INSERT INTO entity_definition_lines (id, entity_id, prefix, content, line_order) VALUES (793, 24, '⊛', 'compounds: ⟴⦑Symbolic Enactment⦒ ∧ ⟴⦑Rhetorical Performance⦒', 11);
INSERT INTO entity_definition_lines (id, entity_id, prefix, content, line_order) VALUES (794, 24, '⊛', 'X_as_Y: ⟴⦑Definition as Symbolic Act⦒ ∧ ⟴⦑Taboo as Symbolic Action⦒', 12);
INSERT INTO entity_definition_lines (id, entity_id, prefix, content, line_order) VALUES (795, 24, '⊛', 'functional: ⟴⦑Priest-Prophet Function⦒', 13);
INSERT INTO entity_definition_lines (id, entity_id, prefix, content, line_order) VALUES (796, 24, '⊛', '⚘⦑Kenneth Burke⦒ Dramatism ∧ pentadic_analysis', 14);
INSERT INTO entity_definition_lines (id, entity_id, prefix, content, line_order) VALUES (797, 24, '≟', 'meaningful∧interpretive?→continue | mechanical?→∅', 15);
INSERT INTO entity_definition_lines (id, entity_id, prefix, content, line_order) VALUES (798, 24, '≟', 'human∧social_agent?→continue | automatic?→◬_if_emergent', 16);
INSERT INTO entity_definition_lines (id, entity_id, prefix, content, line_order) VALUES (799, 24, '≟', '"X performs Y"→⟴', 17);
INSERT INTO entity_definition_lines (id, entity_id, prefix, content, line_order) VALUES (800, 24, '≟', '"X creates Y"→⬢', 18);
INSERT INTO entity_definition_lines (id, entity_id, prefix, content, line_order) VALUES (801, 24, '≟', '"X reveals Y"→⥅', 19);
INSERT INTO entity_definition_lines (id, entity_id, prefix, content, line_order) VALUES (802, 24, '≟', '"X emerges"→◬', 20);
INSERT INTO entity_definition_lines (id, entity_id, prefix, content, line_order) VALUES (803, 24, '⊨', '⟴⊂symbolic_actions ∧ human_agency ∧ ⟴⊅{mechanical,automatic}', 21);
INSERT INTO entities (id, symbol, name, description, category_id, sort_order) VALUES (25, '⬢', 'Effect', 'Performative reality-making with instantaneous constitution (t₀=t₀)', 5, 42);
INSERT INTO symbols (symbol, codepoint, symbol_type, name) VALUES ('⬢', 'U+2B22', 'entity', 'Effect');
INSERT INTO entity_definition_lines (id, entity_id, prefix, content, line_order) VALUES (804, 25, '≡', 'effect ∧ performative reality-making', 1);
INSERT INTO entity_definition_lines (id, entity_id, prefix, content, line_order) VALUES (805, 25, '≝', 'classification→reality simultaneity ∧ constitutive power ∧ performative creation ∧ instantaneous constitution', 2);
INSERT INTO entity_definition_lines (id, entity_id, prefix, content, line_order) VALUES (806, 25, '∂', '⬢⊅{⥅temporal gap,◬gradual,⟗cyclical,⧃transformation sequence}', 3);
INSERT INTO entity_definition_lines (id, entity_id, prefix, content, line_order) VALUES (807, 25, '∂', '⬢⊅⧊_effect_concepts (analyzing performativity ≠ describing specific effect)', 4);
INSERT INTO entity_definition_lines (id, entity_id, prefix, content, line_order) VALUES (808, 25, '∂', '◻{simultaneity t₀=t₀,performative power}', 5);
INSERT INTO entity_definition_lines (id, entity_id, prefix, content, line_order) VALUES (809, 25, '∂', '∂¬descriptive', 6);
INSERT INTO entity_definition_lines (id, entity_id, prefix, content, line_order) VALUES (810, 25, '⊛', '⬢⦑Making Up People|Classification Creates Order|Ritual Creates Experience|Performativity|Bandwagon Effect⦒', 7);
INSERT INTO entity_definition_lines (id, entity_id, prefix, content, line_order) VALUES (811, 25, '⧠', '⬢⦑Making Up People⦒: classification constitutes classified (simultaneity, ''classified AS X makes one X'')', 8);
INSERT INTO entity_definition_lines (id, entity_id, prefix, content, line_order) VALUES (812, 25, '⧠', '⟗⦑Multiple Personality Formation Loop⦒: same mechanism but visible iteration 1983→1991 (''fed back'', cycles)', 9);
INSERT INTO entity_definition_lines (id, entity_id, prefix, content, line_order) VALUES (813, 25, '⧠', '⧃⦑Medicalization⦒: condition→medical frame (unidirectional transformation, no constitution)', 10);
INSERT INTO entity_definition_lines (id, entity_id, prefix, content, line_order) VALUES (814, 25, '⧠', '⧊⦑Performativity⦒: Butler analyzing the concept (discourse about effect, not specific effect)', 11);
INSERT INTO entity_definition_lines (id, entity_id, prefix, content, line_order) VALUES (815, 25, '⊡', 'typical: Պ7Փ5Տ4', 12);
INSERT INTO entity_definition_lines (id, entity_id, prefix, content, line_order) VALUES (816, 25, '⊡', '⬢⦑Making Up People⦒: Պ8Փ6Տ3', 13);
INSERT INTO entity_definition_lines (id, entity_id, prefix, content, line_order) VALUES (817, 25, '◻', '"X Creates Y" structure dominant|performative gerunds:', 14);
INSERT INTO entity_definition_lines (id, entity_id, prefix, content, line_order) VALUES (818, 25, '◻', '  creation{⬢⦑Classification Creates Order|Ritual Creates Experience|Prediction Creates Reality⦒}', 15);
INSERT INTO entity_definition_lines (id, entity_id, prefix, content, line_order) VALUES (819, 25, '◻', '  gerunds{⬢⦑Classifying Humans|Creating Economic/Noneconomic Distinction⦒}', 16);
INSERT INTO entity_definition_lines (id, entity_id, prefix, content, line_order) VALUES (820, 25, '◻', '  canonical{⬢⦑Making Up People⦒Hacking,⬢⦑Performativity⦒Austin/Butler}', 17);
INSERT INTO entity_definition_lines (id, entity_id, prefix, content, line_order) VALUES (821, 25, '◻', '  descriptive{⬢⦑Categories Creating People|Social Interaction Creates Classification⦒}', 18);
INSERT INTO entity_definition_lines (id, entity_id, prefix, content, line_order) VALUES (822, 25, '◻', '  "creates"emphasizes simultaneity(¬"leads to"temporal gap)', 19);
INSERT INTO entity_definition_lines (id, entity_id, prefix, content, line_order) VALUES (823, 25, '◻', 'Simultaneity requirement CRITICAL:', 20);
INSERT INTO entity_definition_lines (id, entity_id, prefix, content, line_order) VALUES (824, 25, '◻', '  t₀classify=t₀create', 21);
INSERT INTO entity_definition_lines (id, entity_id, prefix, content, line_order) VALUES (825, 25, '◻', '  valid{"Classified AS X makes one X"immediate constitution}', 22);
INSERT INTO entity_definition_lines (id, entity_id, prefix, content, line_order) VALUES (826, 25, '◻', '  invalid{"Classification shapes future behavior"temporal gap→use ⥅}', 23);
INSERT INTO entity_definition_lines (id, entity_id, prefix, content, line_order) VALUES (827, 25, '◻', '  test{simultaneous?→⬢|precedent?→⥅|delayed?→⧃}', 24);
INSERT INTO entity_definition_lines (id, entity_id, prefix, content, line_order) VALUES (828, 25, '◻', '  ∂ANY temporal gap disqualifies ⬢', 25);
INSERT INTO entity_definition_lines (id, entity_id, prefix, content, line_order) VALUES (829, 25, '◻', 'Performative power classification CONSTITUTES¬describes reality:', 26);
INSERT INTO entity_definition_lines (id, entity_id, prefix, content, line_order) VALUES (830, 25, '◻', '  valid{⬢⦑Ritual Creates Experience⦒ritual=reality¬symbol}', 27);
INSERT INTO entity_definition_lines (id, entity_id, prefix, content, line_order) VALUES (831, 25, '◻', '  valid{⬢⦑Statistics Create Reality⦒quantification makes real}', 28);
INSERT INTO entity_definition_lines (id, entity_id, prefix, content, line_order) VALUES (832, 25, '◻', '  invalid{"Classification reflects reality"descriptive→∅}', 29);
INSERT INTO entity_definition_lines (id, entity_id, prefix, content, line_order) VALUES (833, 25, '◻', 'Quadripartite algorithm:', 30);
INSERT INTO entity_definition_lines (id, entity_id, prefix, content, line_order) VALUES (834, 25, '◻', '  ○₁temporal{t₀=t₀?→⬢|t₀<t₁?→continue|∫?→◬}', 31);
INSERT INTO entity_definition_lines (id, entity_id, prefix, content, line_order) VALUES (835, 25, '◻', '  ○₂directionality{X→Y?→⥅∨⬢|X↔Y?→⟗}', 32);
INSERT INTO entity_definition_lines (id, entity_id, prefix, content, line_order) VALUES (836, 25, '◻', '  ○₃spontaneity{designed?→⥅∨⬢|organic?→◬}', 33);
INSERT INTO entity_definition_lines (id, entity_id, prefix, content, line_order) VALUES (837, 25, '◻', '  ○₄iteration{single?→⬢∨⥅|repeated?→⟗}', 34);
INSERT INTO entity_definition_lines (id, entity_id, prefix, content, line_order) VALUES (838, 25, '≟', '○₁ discourse check: describing specific effect?→continue | analyzing effect concept?→⧊', 35);
INSERT INTO entity_definition_lines (id, entity_id, prefix, content, line_order) VALUES (839, 25, '≟', '○₂ "Classified as X makes one X"→⬢', 36);
INSERT INTO entity_definition_lines (id, entity_id, prefix, content, line_order) VALUES (840, 25, '≟', '○₃ "X shapes before Y occurs"→⥅', 37);
INSERT INTO entity_definition_lines (id, entity_id, prefix, content, line_order) VALUES (841, 25, '≟', '○₄ "X emerges from interactions"→◬', 38);
INSERT INTO entity_definition_lines (id, entity_id, prefix, content, line_order) VALUES (842, 25, '≟', '○₅ "X cycles through feedback"→⟗', 39);
INSERT INTO entity_definition_lines (id, entity_id, prefix, content, line_order) VALUES (843, 25, '⊨', '⬢⊂performative effects ∧ instantaneous constitution ∧ classification→reality ∧ simultaneity t₀=t₀ ∧ ⬢⊅{temporal gap,descriptive,gradual,cyclical}', 40);
INSERT INTO entities (id, symbol, name, description, category_id, sort_order) VALUES (26, '⊳', 'Work', 'Work title in compound citations (main title only, no subtitles)', 6, 50);
INSERT INTO symbols (symbol, codepoint, symbol_type, name) VALUES ('⊳', 'U+22B3', 'entity', 'Work');
INSERT INTO entity_definition_lines (id, entity_id, prefix, content, line_order) VALUES (844, 26, '≡', 'work title ∧ citation component', 1);
INSERT INTO entity_definition_lines (id, entity_id, prefix, content, line_order) VALUES (845, 26, '≝', 'book/article/work titles ∧ standalone publications ∧ bibliographic citation element', 2);
INSERT INTO entity_definition_lines (id, entity_id, prefix, content, line_order) VALUES (846, 26, '∂', '⊳⊅{𝄏periodicals,⍚organizations,❖fields}', 3);
INSERT INTO entity_definition_lines (id, entity_id, prefix, content, line_order) VALUES (847, 26, '◻', '◻{standalone work,bibliographic reference}', 4);
INSERT INTO entity_definition_lines (id, entity_id, prefix, content, line_order) VALUES (848, 26, '◻', '□ Title component = main title only ∧ ¬subtitle ∧ ¬publisher ∧ ¬edition info', 5);
INSERT INTO entity_definition_lines (id, entity_id, prefix, content, line_order) VALUES (849, 26, '⊛', '⊳∈⚘⊙⊳book citations', 6);
INSERT INTO entity_definition_lines (id, entity_id, prefix, content, line_order) VALUES (850, 26, '⊛', '⊳∈⚘⊙𝄏⊳article citations', 7);
INSERT INTO entity_definition_lines (id, entity_id, prefix, content, line_order) VALUES (851, 26, '◻', 'Compound citation usage ◻□mandatory:', 8);
INSERT INTO entity_definition_lines (id, entity_id, prefix, content, line_order) VALUES (852, 26, '◻', '  books{⚘⊙⊳⦑Author⦒⦑Year⦒⦑Title⦒}', 9);
INSERT INTO entity_definition_lines (id, entity_id, prefix, content, line_order) VALUES (853, 26, '◻', '  articles{⚘⊙𝄏⊳⦑Author⦒⦑Year⦒⦑Journal⦒⦑Article⦒}', 10);
INSERT INTO entity_definition_lines (id, entity_id, prefix, content, line_order) VALUES (854, 26, '◻', '  partial{⚘⊙⦑Author⦒⦑Year⦒}', 11);
INSERT INTO entity_definition_lines (id, entity_id, prefix, content, line_order) VALUES (855, 26, '◻', '  structure{⚘author⊙year⊳work} or {⚘author⊙year𝄏journal⊳article}', 12);
INSERT INTO entity_definition_lines (id, entity_id, prefix, content, line_order) VALUES (856, 26, '◻', 'Title format rules CRITICAL:', 13);
INSERT INTO entity_definition_lines (id, entity_id, prefix, content, line_order) VALUES (857, 26, '◻', '  main title only{⚘⊙⊳⦑Michael Zander⦒⦑1988⦒⦑A Matter of Justice⦒}', 14);
INSERT INTO entity_definition_lines (id, entity_id, prefix, content, line_order) VALUES (858, 26, '◻', '  ∂¬full title{✗⚘⊙⊳⦑Michael Zander⦒⦑1988⦒⦑A Matter of Justice: The Legal System in Ferment⦒}', 15);
INSERT INTO entity_definition_lines (id, entity_id, prefix, content, line_order) VALUES (859, 26, '◻', '  ◻ Subtitle exclusion mandatory', 16);
INSERT INTO entity_definition_lines (id, entity_id, prefix, content, line_order) VALUES (860, 26, '◻', '  ◻ Publisher/edition info excluded', 17);
INSERT INTO entity_definition_lines (id, entity_id, prefix, content, line_order) VALUES (861, 26, '◻', 'Standalone vs compound:', 18);
INSERT INTO entity_definition_lines (id, entity_id, prefix, content, line_order) VALUES (862, 26, '◻', '  compound citation context{⚘⊙⊳ for specific work reference}', 19);
INSERT INTO entity_definition_lines (id, entity_id, prefix, content, line_order) VALUES (863, 26, '◻', '  standalone rare{⊳⦑Work⦒when discussing work without full citation}', 20);
INSERT INTO entity_definition_lines (id, entity_id, prefix, content, line_order) VALUES (864, 26, '◻', 'Work vs journal discrimination:', 21);
INSERT INTO entity_definition_lines (id, entity_id, prefix, content, line_order) VALUES (865, 26, '◻', '  standalone publication→⊳', 22);
INSERT INTO entity_definition_lines (id, entity_id, prefix, content, line_order) VALUES (866, 26, '◻', '  serial periodical→𝄏', 23);
INSERT INTO entity_definition_lines (id, entity_id, prefix, content, line_order) VALUES (867, 26, '◻', '  test{one-time publication?→⊳|periodic issues?→𝄏}', 24);
INSERT INTO entity_definition_lines (id, entity_id, prefix, content, line_order) VALUES (868, 26, '◻', 'Co-author format:', 25);
INSERT INTO entity_definition_lines (id, entity_id, prefix, content, line_order) VALUES (869, 26, '◻', '  separator∧for co-authors{⚘⊙⊳⦑Author1∧Author2⦒⦑Year⦒⦑Title⦒}', 26);
INSERT INTO entity_definition_lines (id, entity_id, prefix, content, line_order) VALUES (870, 26, '≟', '"standalone publication"→⊳', 27);
INSERT INTO entity_definition_lines (id, entity_id, prefix, content, line_order) VALUES (871, 26, '≟', '"serial periodical"→𝄏', 28);
INSERT INTO entity_definition_lines (id, entity_id, prefix, content, line_order) VALUES (872, 26, '≟', '"organization"→⍚:', 29);
INSERT INTO entity_definition_lines (id, entity_id, prefix, content, line_order) VALUES (873, 26, '≟', '  test{one-time publication?→YES:⊳|NO:continue}', 30);
INSERT INTO entity_definition_lines (id, entity_id, prefix, content, line_order) VALUES (874, 26, '≟', '  test{periodic issues?→YES:𝄏|NO:continue}', 31);
INSERT INTO entity_definition_lines (id, entity_id, prefix, content, line_order) VALUES (875, 26, '≟', '  test{publisher not work?→YES:⍚|NO:review}', 32);
INSERT INTO entity_definition_lines (id, entity_id, prefix, content, line_order) VALUES (876, 26, '⊨', '⊳⊂standalone works ∧ bibliographic citations ∧ main title only ∧ ⊳⊅{periodicals,publishers}', 33);
INSERT INTO entities (id, symbol, name, description, category_id, sort_order) VALUES (27, '⑀', 'Meta', 'User-defined meta marker for arbitrary classification', 7, 100);
INSERT INTO symbols (symbol, codepoint, symbol_type, name) VALUES ('⑀', 'U+2440', 'entity', 'Meta');
INSERT INTO entity_definition_lines (id, entity_id, prefix, content, line_order) VALUES (877, 27, '≡', 'user status marker ∧ arbitrary classification', 1);
INSERT INTO entity_definition_lines (id, entity_id, prefix, content, line_order) VALUES (878, 27, '≝', 'flexible tagging ∧ user-defined semantics', 2);
INSERT INTO entity_definition_lines (id, entity_id, prefix, content, line_order) VALUES (879, 27, '∂', '∂ ERIS detection (not generated by entity recognition)', 3);
INSERT INTO entity_definition_lines (id, entity_id, prefix, content, line_order) VALUES (880, 27, '⊛', '⑀⦑Partial Tagging⦒ | ⑀⦑Interesting Phrase⦒ | ⑀⦑Review Later⦒', 4);
INSERT INTO entities (id, symbol, name, description, category_id, sort_order) VALUES (28, '⋯', 'Question', 'User-defined question marker for items needing follow-up', 7, 101);
INSERT INTO symbols (symbol, codepoint, symbol_type, name) VALUES ('⋯', 'U+22EF', 'entity', 'Question');
INSERT INTO entity_definition_lines (id, entity_id, prefix, content, line_order) VALUES (881, 28, '≡', 'question', 1);
INSERT INTO entity_definition_lines (id, entity_id, prefix, content, line_order) VALUES (882, 28, '≡', 'generative_inquiry', 2);
INSERT INTO entity_definition_lines (id, entity_id, prefix, content, line_order) VALUES (883, 28, '≝', '◈_orienting_problem', 3);
INSERT INTO entity_definition_lines (id, entity_id, prefix, content, line_order) VALUES (884, 28, '≝', 'fertile_unknown', 4);
INSERT INTO entity_definition_lines (id, entity_id, prefix, content, line_order) VALUES (885, 28, '∂', '⋯⊅⊟ (⋯ fertile | ⊟ needs resolution)', 5);
INSERT INTO entity_definition_lines (id, entity_id, prefix, content, line_order) VALUES (886, 28, '∂', '⋯⊅⌾ (⋯ drives work | ⌾ seeks clarification)', 6);
INSERT INTO entity_definition_lines (id, entity_id, prefix, content, line_order) VALUES (887, 28, '∂', '∂ user-defined (¬ERIS detection)', 7);
INSERT INTO entity_definition_lines (id, entity_id, prefix, content, line_order) VALUES (888, 28, '⊛', '⋯⦑question_text⦒', 8);
INSERT INTO entity_definition_lines (id, entity_id, prefix, content, line_order) VALUES (889, 28, '⊛', '⋯ ⊰ ◈ (questions generate projects)', 9);
INSERT INTO entity_definition_lines (id, entity_id, prefix, content, line_order) VALUES (890, 28, '⊛', '❧ → ⋯ (highlights accrete to questions)', 10);
INSERT INTO entity_definition_lines (id, entity_id, prefix, content, line_order) VALUES (891, 28, '⊛', '⋯ holds ¬⌺ (anti-crystallization)', 11);
INSERT INTO entity_definition_lines (id, entity_id, prefix, content, line_order) VALUES (892, 28, '⊛', '⋯_open | ⋯_dormant | ⋯→☊', 12);
INSERT INTO entity_definition_lines (id, entity_id, prefix, content, line_order) VALUES (893, 28, '⊛', '⋯ may persist through ◈_⌺', 13);
INSERT INTO entity_definition_lines (id, entity_id, prefix, content, line_order) VALUES (894, 28, '⊢', '⋯ question ⊢ ❧ accretes ⊢ ◈ oriented', 14);
INSERT INTO entities (id, symbol, name, description, category_id, sort_order) VALUES (29, '◈', 'Project', 'User-defined project marker for bounded endeavors', 7, 102);
INSERT INTO symbols (symbol, codepoint, symbol_type, name) VALUES ('◈', 'U+25C8', 'entity', 'Project');
INSERT INTO entity_definition_lines (id, entity_id, prefix, content, line_order) VALUES (895, 29, '≡', 'project marker ∧ bounded endeavor', 1);
INSERT INTO entity_definition_lines (id, entity_id, prefix, content, line_order) VALUES (896, 29, '≝', 'scoped work ∧ goal-oriented activity', 2);
INSERT INTO entity_definition_lines (id, entity_id, prefix, content, line_order) VALUES (897, 29, '∂', '∂ ERIS detection (not generated by entity recognition)', 3);
INSERT INTO entity_definition_lines (id, entity_id, prefix, content, line_order) VALUES (898, 29, '⊛', '◈⦑Rustwise⦒ | ◈⦑ERIS Migration⦒ | ◈⦑Tag Validation⦒', 4);
INSERT INTO entities (id, symbol, name, description, category_id, sort_order) VALUES (30, '⟡', 'Idea', 'User-defined idea marker for conceptual seeds', 7, 103);
INSERT INTO symbols (symbol, codepoint, symbol_type, name) VALUES ('⟡', 'U+27E1', 'entity', 'Idea');
INSERT INTO entity_definition_lines (id, entity_id, prefix, content, line_order) VALUES (899, 30, '≡', 'idea marker ∧ conceptual seed', 1);
INSERT INTO entity_definition_lines (id, entity_id, prefix, content, line_order) VALUES (900, 30, '≝', 'nascent thought ∧ implementation potential', 2);
INSERT INTO entity_definition_lines (id, entity_id, prefix, content, line_order) VALUES (901, 30, '∂', '∂ ERIS detection (not generated by entity recognition)', 3);
INSERT INTO entity_definition_lines (id, entity_id, prefix, content, line_order) VALUES (902, 30, '⊛', '⟡⦑Symbol Migration⦒ | ⟡⦑Tag Hierarchy⦒ | ⟡⦑New Entity Type⦒', 4);
INSERT INTO entities (id, symbol, name, description, category_id, sort_order) VALUES (31, '§', 'Section', 'User-defined section marker for document divisions', 7, 104);
INSERT INTO symbols (symbol, codepoint, symbol_type, name) VALUES ('§', 'U+00A7', 'entity', 'Section');
INSERT INTO entity_definition_lines (id, entity_id, prefix, content, line_order) VALUES (903, 31, '≡', 'section marker ∧ document division', 1);
INSERT INTO entity_definition_lines (id, entity_id, prefix, content, line_order) VALUES (904, 31, '≝', 'bounded scope ∧ organizational unit', 2);
INSERT INTO entity_definition_lines (id, entity_id, prefix, content, line_order) VALUES (905, 31, '∂', '∂ ERIS detection (not generated by entity recognition)', 3);
INSERT INTO entity_definition_lines (id, entity_id, prefix, content, line_order) VALUES (906, 31, '⊛', '§⦑Introduction⦒ | ◈§⦑Project⦒⦑Chapter 2⦒', 4);

-- Operators
INSERT INTO operator_categories (id, module_id, name) VALUES (1, 1, 'Core');
INSERT INTO operator_categories (id, module_id, name) VALUES (2, 1, 'Relational');
INSERT INTO operator_categories (id, module_id, name) VALUES (3, 1, 'Compression');
INSERT INTO operator_categories (id, module_id, name) VALUES (4, 1, 'SelfReference');
INSERT INTO operator_categories (id, module_id, name) VALUES (5, 1, 'SystemCoherence');
INSERT INTO operator_categories (id, module_id, name) VALUES (6, 1, 'Evolution');
INSERT INTO operator_categories (id, module_id, name) VALUES (7, 1, 'DesignBalance');
INSERT INTO operator_categories (id, module_id, name) VALUES (8, 2, 'Teleological');
INSERT INTO operator_categories (id, module_id, name) VALUES (9, 2, 'Temporal');
INSERT INTO operator_categories (id, module_id, name) VALUES (10, 2, 'Assessment');
INSERT INTO operator_categories (id, module_id, name) VALUES (11, 2, 'Causal');
INSERT INTO operator_categories (id, module_id, name) VALUES (12, 2, 'Becoming');
INSERT INTO operator_categories (id, module_id, name) VALUES (13, 3, 'TemporalFlow');
INSERT INTO operator_categories (id, module_id, name) VALUES (14, 3, 'OperationalCore');
INSERT INTO operator_categories (id, module_id, name) VALUES (15, 3, 'StructuralMarkers');
INSERT INTO operator_categories (id, module_id, name) VALUES (16, 4, 'Workflow');
INSERT INTO operator_categories (id, module_id, name) VALUES (17, 4, 'Process');
INSERT INTO operator_categories (id, module_id, name) VALUES (18, 4, 'Composition');
INSERT INTO operator_categories (id, module_id, name) VALUES (19, 4, 'CoreLogical');
INSERT INTO operator_categories (id, module_id, name) VALUES (20, 4, 'Types');
INSERT INTO operator_categories (id, module_id, name) VALUES (21, 5, 'Documentation');
INSERT INTO operator_categories (id, module_id, name) VALUES (22, 5, 'Assessment');
INSERT INTO operator_categories (id, module_id, name) VALUES (23, 6, 'Creation');
INSERT INTO operator_categories (id, module_id, name) VALUES (24, 6, 'Constitution');
INSERT INTO operator_categories (id, module_id, name) VALUES (25, 6, 'Dynamics');
INSERT INTO operator_categories (id, module_id, name) VALUES (26, 6, 'States');
INSERT INTO operator_categories (id, module_id, name) VALUES (27, 6, 'Transitions');
INSERT INTO operator_categories (id, module_id, name) VALUES (28, 6, 'Grounding');
INSERT INTO operator_categories (id, module_id, name) VALUES (29, 7, 'StabilityStates');
INSERT INTO operator_categories (id, module_id, name) VALUES (30, 7, 'Dynamics');
INSERT INTO operator_categories (id, module_id, name) VALUES (31, 7, 'Processes');
INSERT INTO operator_categories (id, module_id, name) VALUES (32, 7, 'Emergence');
INSERT INTO operator_categories (id, module_id, name) VALUES (33, 7, 'Institutional');
INSERT INTO operator_categories (id, module_id, name) VALUES (34, 7, 'Performative');
INSERT INTO operator_categories (id, module_id, name) VALUES (35, 7, 'Relations');
INSERT INTO operator_categories (id, module_id, name) VALUES (36, 7, 'Contextual');

INSERT INTO operators (id, symbol, name, module_id, category_id) VALUES (1, 'Ա', 'antisymmetric', 1, 1);
INSERT INTO symbols (symbol, codepoint, symbol_type, name) VALUES ('Ա', 'U+0531', 'operator', 'antisymmetric');
INSERT INTO operator_definition_lines (id, operator_id, prefix, content, line_order) VALUES (1, 1, '⊡', '0≡⟷≡|5≡→≺←|9≡⊩≺', 1);
INSERT INTO operator_definition_lines (id, operator_id, prefix, content, line_order) VALUES (2, 1, '≡', 'antisymmetric', 2);
INSERT INTO operator_definition_lines (id, operator_id, prefix, content, line_order) VALUES (3, 1, '≡', 'directional_ordering', 3);
INSERT INTO operator_definition_lines (id, operator_id, prefix, content, line_order) VALUES (4, 1, '≝', 'hierarchical structure enforcement', 4);
INSERT INTO operator_definition_lines (id, operator_id, prefix, content, line_order) VALUES (5, 1, '≝', 'precedence design', 5);
INSERT INTO operator_definition_lines (id, operator_id, prefix, content, line_order) VALUES (6, 1, '⊛', 'Ա→hierarchical_structures', 6);
INSERT INTO operator_definition_lines (id, operator_id, prefix, content, line_order) VALUES (7, 1, '⊛', 'Ա∈precedence_design', 7);
INSERT INTO operator_definition_lines (id, operator_id, prefix, content, line_order) VALUES (8, 1, '⊛', 'Ա enables ranking', 8);
INSERT INTO operator_definition_lines (id, operator_id, prefix, content, line_order) VALUES (9, 1, '⊢', 'A≺B∧B≺A⊃A≡B via Ա', 9);
INSERT INTO operators (id, symbol, name, module_id, category_id) VALUES (2, 'Բ', 'boundary', 1, 1);
INSERT INTO symbols (symbol, codepoint, symbol_type, name) VALUES ('Բ', 'U+0532', 'operator', 'boundary');
INSERT INTO operator_definition_lines (id, operator_id, prefix, content, line_order) VALUES (10, 2, '⊡', '0≡∅∂|5≡⊨∂|9≡⊩∂', 1);
INSERT INTO operator_definition_lines (id, operator_id, prefix, content, line_order) VALUES (11, 2, '≡', 'boundary', 2);
INSERT INTO operator_definition_lines (id, operator_id, prefix, content, line_order) VALUES (12, 2, '≡', 'interface_definition', 3);
INSERT INTO operator_definition_lines (id, operator_id, prefix, content, line_order) VALUES (13, 2, '≝', 'interface specification', 4);
INSERT INTO operator_definition_lines (id, operator_id, prefix, content, line_order) VALUES (14, 2, '≝', 'separation clarity', 5);
INSERT INTO operator_definition_lines (id, operator_id, prefix, content, line_order) VALUES (15, 2, '⊛', 'Բ→interface_specification ∧ Բ∈architectural_concern ∧ service∂service via Բ', 6);
INSERT INTO operator_definition_lines (id, operator_id, prefix, content, line_order) VALUES (16, 2, '⊛', 'API_Բ design ∧ ┃≡Բ specialized', 7);
INSERT INTO operator_definition_lines (id, operator_id, prefix, content, line_order) VALUES (17, 2, '⊛', '𝁆 dissolution when boundaries fail', 8);
INSERT INTO operator_definition_lines (id, operator_id, prefix, content, line_order) VALUES (18, 2, '⊛', '𝀏 crystallization when boundaries stabilize', 9);
INSERT INTO operators (id, symbol, name, module_id, category_id) VALUES (3, 'Գ', 'generalizability', 1, 1);
INSERT INTO symbols (symbol, codepoint, symbol_type, name) VALUES ('Գ', 'U+0533', 'operator', 'generalizability');
INSERT INTO operator_definition_lines (id, operator_id, prefix, content, line_order) VALUES (19, 3, '⊡', '0≡⊂❖|5≡∩❖|9≡∀❖', 1);
INSERT INTO operator_definition_lines (id, operator_id, prefix, content, line_order) VALUES (20, 3, '≡', 'generalizability', 2);
INSERT INTO operator_definition_lines (id, operator_id, prefix, content, line_order) VALUES (21, 3, '≡', 'pattern_extension', 3);
INSERT INTO operator_definition_lines (id, operator_id, prefix, content, line_order) VALUES (22, 3, '≝', 'reuse potential', 4);
INSERT INTO operator_definition_lines (id, operator_id, prefix, content, line_order) VALUES (23, 3, '≝', 'design flexibility', 5);
INSERT INTO operator_definition_lines (id, operator_id, prefix, content, line_order) VALUES (24, 3, '⊛', 'Գ→reuse_potential ∧ Գ∈design_flexibility ∧ ᛝ_Գ across domains', 6);
INSERT INTO operator_definition_lines (id, operator_id, prefix, content, line_order) VALUES (25, 3, '⊛', 'framework_Գ assessment', 7);
INSERT INTO operators (id, symbol, name, module_id, category_id) VALUES (4, 'Ե', 'explanatory', 1, 1);
INSERT INTO symbols (symbol, codepoint, symbol_type, name) VALUES ('Ե', 'U+0535', 'operator', 'explanatory');
INSERT INTO operator_definition_lines (id, operator_id, prefix, content, line_order) VALUES (26, 4, '⊡', '0≡⊟⧊|5≡⌾⧊|9≡⊨⧊', 1);
INSERT INTO operator_definition_lines (id, operator_id, prefix, content, line_order) VALUES (27, 4, '≡', 'explanatory', 2);
INSERT INTO operator_definition_lines (id, operator_id, prefix, content, line_order) VALUES (28, 4, '≡', 'clarification_power', 3);
INSERT INTO operator_definition_lines (id, operator_id, prefix, content, line_order) VALUES (29, 4, '≝', 'understanding enhancement', 4);
INSERT INTO operator_definition_lines (id, operator_id, prefix, content, line_order) VALUES (30, 4, '≝', 'documentation quality', 5);
INSERT INTO operator_definition_lines (id, operator_id, prefix, content, line_order) VALUES (31, 4, '⊛', 'Ե→understanding_enhancement ∧ Ե∈documentation_quality ∧ concept_Ե strength', 6);
INSERT INTO operator_definition_lines (id, operator_id, prefix, content, line_order) VALUES (32, 4, '⊛', 'tutorial_Ե design', 7);
INSERT INTO operators (id, symbol, name, module_id, category_id) VALUES (5, 'Ը', 'intentionality', 1, 1);
INSERT INTO symbols (symbol, codepoint, symbol_type, name) VALUES ('Ը', 'U+0538', 'operator', 'intentionality');
INSERT INTO operator_definition_lines (id, operator_id, prefix, content, line_order) VALUES (33, 5, '⊡', '0≡∅⍜|5≡⌾⍜|9≡⊨⍜', 1);
INSERT INTO operator_definition_lines (id, operator_id, prefix, content, line_order) VALUES (34, 5, '≡', 'intentionality', 2);
INSERT INTO operator_definition_lines (id, operator_id, prefix, content, line_order) VALUES (35, 5, '≡', 'purposeful_design', 3);
INSERT INTO operator_definition_lines (id, operator_id, prefix, content, line_order) VALUES (36, 5, '≝', 'design intention', 4);
INSERT INTO operator_definition_lines (id, operator_id, prefix, content, line_order) VALUES (37, 5, '≝', 'deliberate construction', 5);
INSERT INTO operator_definition_lines (id, operator_id, prefix, content, line_order) VALUES (38, 5, '⊛', 'Ը→design_intention ∧ Ը∈deliberate_construction ∧ Ը→planned_behavior', 6);
INSERT INTO operator_definition_lines (id, operator_id, prefix, content, line_order) VALUES (39, 5, '⊛', 'Ը→goal_alignment', 7);
INSERT INTO operators (id, symbol, name, module_id, category_id) VALUES (6, 'խ', 'contextualization', 1, 1);
INSERT INTO symbols (symbol, codepoint, symbol_type, name) VALUES ('խ', 'U+056D', 'operator', 'contextualization');
INSERT INTO operator_definition_lines (id, operator_id, prefix, content, line_order) VALUES (40, 6, '⊡', '0≡⊥⯐|5≡∩⯐|9≡⊆⯐', 1);
INSERT INTO operator_definition_lines (id, operator_id, prefix, content, line_order) VALUES (41, 6, '≡', 'contextualization', 2);
INSERT INTO operator_definition_lines (id, operator_id, prefix, content, line_order) VALUES (42, 6, '≡', 'situational_adaptation', 3);
INSERT INTO operator_definition_lines (id, operator_id, prefix, content, line_order) VALUES (43, 6, '≝', 'environment fitting', 4);
INSERT INTO operator_definition_lines (id, operator_id, prefix, content, line_order) VALUES (44, 6, '≝', 'usage context sensitivity', 5);
INSERT INTO operator_definition_lines (id, operator_id, prefix, content, line_order) VALUES (45, 6, '⊛', 'խ→environment_fitting ∧ խ∈usage_⯐ ∧ 𐤆_խ sensitivity', 6);
INSERT INTO operator_definition_lines (id, operator_id, prefix, content, line_order) VALUES (46, 6, '⊛', 'խ enables portability', 7);
INSERT INTO operators (id, symbol, name, module_id, category_id) VALUES (7, 'Լ', 'lifespan', 1, 1);
INSERT INTO symbols (symbol, codepoint, symbol_type, name) VALUES ('Լ', 'U+053C', 'operator', 'lifespan');
INSERT INTO operator_definition_lines (id, operator_id, prefix, content, line_order) VALUES (47, 7, '⊡', '0≡⤋○|5≡≈○|9≡□○', 1);
INSERT INTO operator_definition_lines (id, operator_id, prefix, content, line_order) VALUES (48, 7, '≡', 'lifespan', 2);
INSERT INTO operator_definition_lines (id, operator_id, prefix, content, line_order) VALUES (49, 7, '≡', 'temporal_durability', 3);
INSERT INTO operator_definition_lines (id, operator_id, prefix, content, line_order) VALUES (50, 7, '≝', 'maintenance requirements', 4);
INSERT INTO operator_definition_lines (id, operator_id, prefix, content, line_order) VALUES (51, 7, '≝', 'sustainability design', 5);
INSERT INTO operator_definition_lines (id, operator_id, prefix, content, line_order) VALUES (52, 7, '⊛', 'Լ→maintenance_requirements ∧ Լ∈sustainability_design ∧ code_Լ planning', 6);
INSERT INTO operator_definition_lines (id, operator_id, prefix, content, line_order) VALUES (53, 7, '⊛', 'legacy_Լ management', 7);
INSERT INTO operator_definition_lines (id, operator_id, prefix, content, line_order) VALUES (54, 7, '⊛', '𝁆 dissolution as systems age', 8);
INSERT INTO operator_definition_lines (id, operator_id, prefix, content, line_order) VALUES (55, 7, '⊛', '𝀏 crystallization through stabilization', 9);
INSERT INTO operators (id, symbol, name, module_id, category_id) VALUES (8, 'Փ', 'functional', 1, 1);
INSERT INTO symbols (symbol, codepoint, symbol_type, name) VALUES ('Փ', 'U+0553', 'operator', 'functional');
INSERT INTO operator_definition_lines (id, operator_id, prefix, content, line_order) VALUES (56, 8, '⊡', '0≡∅⊙|5≡≈⊙|9≡⊨⊙', 1);
INSERT INTO operator_definition_lines (id, operator_id, prefix, content, line_order) VALUES (57, 8, '≡', 'functional', 2);
INSERT INTO operator_definition_lines (id, operator_id, prefix, content, line_order) VALUES (58, 8, '≡', 'operational_effectiveness', 3);
INSERT INTO operator_definition_lines (id, operator_id, prefix, content, line_order) VALUES (59, 8, '≝', 'performance metrics', 4);
INSERT INTO operator_definition_lines (id, operator_id, prefix, content, line_order) VALUES (60, 8, '≝', 'capability assessment', 5);
INSERT INTO operator_definition_lines (id, operator_id, prefix, content, line_order) VALUES (61, 8, '⊛', 'Փ→performance_metrics ∧ Փ∈capability_assessment ∧ system_Փ validation', 6);
INSERT INTO operator_definition_lines (id, operator_id, prefix, content, line_order) VALUES (62, 8, '⊛', '⍜⊧Փ_embodiment', 7);
INSERT INTO operators (id, symbol, name, module_id, category_id) VALUES (9, 'Վ', 'semantic_density', 1, 1);
INSERT INTO symbols (symbol, codepoint, symbol_type, name) VALUES ('Վ', 'U+054E', 'operator', 'semantic_density');
INSERT INTO operator_definition_lines (id, operator_id, prefix, content, line_order) VALUES (63, 9, '⊡', '0≡∅≐|5≡≈≐|9≡∞≐', 1);
INSERT INTO operator_definition_lines (id, operator_id, prefix, content, line_order) VALUES (64, 9, '≡', 'semantic_density', 2);
INSERT INTO operator_definition_lines (id, operator_id, prefix, content, line_order) VALUES (65, 9, '≡', 'meaning_concentration', 3);
INSERT INTO operator_definition_lines (id, operator_id, prefix, content, line_order) VALUES (66, 9, '≝', 'compression ratio', 4);
INSERT INTO operator_definition_lines (id, operator_id, prefix, content, line_order) VALUES (67, 9, '≝', 'expressivity efficiency', 5);
INSERT INTO operator_definition_lines (id, operator_id, prefix, content, line_order) VALUES (68, 9, '⊛', 'Վ∝compression_ratio ∧ semantic_Վ optimization ∧ Վ→expressivity_efficiency', 6);
INSERT INTO operator_definition_lines (id, operator_id, prefix, content, line_order) VALUES (69, 9, '⊛', 'symbol_Վ analysis', 7);
INSERT INTO operators (id, symbol, name, module_id, category_id) VALUES (10, 'Ց', 'volatility', 1, 1);
INSERT INTO symbols (symbol, codepoint, symbol_type, name) VALUES ('Ց', 'U+0551', 'operator', 'volatility');
INSERT INTO operator_definition_lines (id, operator_id, prefix, content, line_order) VALUES (70, 10, '⊡', '0≡□⌺|5≡○⌺|9≡⤋⌺', 1);
INSERT INTO operator_definition_lines (id, operator_id, prefix, content, line_order) VALUES (71, 10, '≡', 'volatility', 2);
INSERT INTO operator_definition_lines (id, operator_id, prefix, content, line_order) VALUES (72, 10, '≡', 'change_frequency', 3);
INSERT INTO operator_definition_lines (id, operator_id, prefix, content, line_order) VALUES (73, 10, '≝', 'change prediction', 4);
INSERT INTO operator_definition_lines (id, operator_id, prefix, content, line_order) VALUES (74, 10, '≝', 'system dynamics', 5);
INSERT INTO operator_definition_lines (id, operator_id, prefix, content, line_order) VALUES (75, 10, '⊛', 'Ց→change_prediction ∧ Ց∈system_dynamics ∧ low_Ց→reliable_behavior', 6);
INSERT INTO operator_definition_lines (id, operator_id, prefix, content, line_order) VALUES (76, 10, '⊛', 'high_Ց→frequent_updates', 7);
INSERT INTO operator_definition_lines (id, operator_id, prefix, content, line_order) VALUES (77, 10, '⊛', '𝀾 flow in volatile systems', 8);
INSERT INTO operator_definition_lines (id, operator_id, prefix, content, line_order) VALUES (78, 10, '⊛', '𝀆 equilibrium when stable', 9);
INSERT INTO operator_definition_lines (id, operator_id, prefix, content, line_order) VALUES (79, 10, '⊛', '𝁀 oscillation between states', 10);
INSERT INTO operators (id, symbol, name, module_id, category_id) VALUES (11, 'Տ', 'transitive', 1, 2);
INSERT INTO symbols (symbol, codepoint, symbol_type, name) VALUES ('Տ', 'U+054F', 'operator', 'transitive');
INSERT INTO operator_definition_lines (id, operator_id, prefix, content, line_order) VALUES (80, 11, '⊡', '0≡¬→|5≡∃→|9≡∀→', 1);
INSERT INTO operator_definition_lines (id, operator_id, prefix, content, line_order) VALUES (81, 11, '≡', 'transitive', 2);
INSERT INTO operator_definition_lines (id, operator_id, prefix, content, line_order) VALUES (82, 11, '≡', 'chain_propagation', 3);
INSERT INTO operator_definition_lines (id, operator_id, prefix, content, line_order) VALUES (83, 11, '≝', 'inheritance chains', 4);
INSERT INTO operator_definition_lines (id, operator_id, prefix, content, line_order) VALUES (84, 11, '≝', 'dependency graphs', 5);
INSERT INTO operator_definition_lines (id, operator_id, prefix, content, line_order) VALUES (85, 11, '⊛', 'Տ→inheritance_chains', 6);
INSERT INTO operator_definition_lines (id, operator_id, prefix, content, line_order) VALUES (86, 11, '⊛', 'Տ∈dependency_graphs', 7);
INSERT INTO operator_definition_lines (id, operator_id, prefix, content, line_order) VALUES (87, 11, '⊛', 'Տ enables composition', 8);
INSERT INTO operator_definition_lines (id, operator_id, prefix, content, line_order) VALUES (88, 11, '⊢', 'A→B→C⊃A→C via Տ', 9);
INSERT INTO operators (id, symbol, name, module_id, category_id) VALUES (12, 'Ս', 'symmetric', 1, 2);
INSERT INTO symbols (symbol, codepoint, symbol_type, name) VALUES ('Ս', 'U+054D', 'operator', 'symmetric');
INSERT INTO operator_definition_lines (id, operator_id, prefix, content, line_order) VALUES (89, 12, '⊡', '0≡→⊥←|5≡→≈←|9≡→≡←', 1);
INSERT INTO operator_definition_lines (id, operator_id, prefix, content, line_order) VALUES (90, 12, '≡', 'symmetric', 2);
INSERT INTO operator_definition_lines (id, operator_id, prefix, content, line_order) VALUES (91, 12, '≡', 'bidirectional_equality', 3);
INSERT INTO operator_definition_lines (id, operator_id, prefix, content, line_order) VALUES (92, 12, '≝', 'mutual relationships', 4);
INSERT INTO operator_definition_lines (id, operator_id, prefix, content, line_order) VALUES (93, 12, '≝', 'partnership design', 5);
INSERT INTO operator_definition_lines (id, operator_id, prefix, content, line_order) VALUES (94, 12, '⊛', 'Ս→mutual_relationships', 6);
INSERT INTO operator_definition_lines (id, operator_id, prefix, content, line_order) VALUES (95, 12, '⊛', 'Ս∈partnership_design', 7);
INSERT INTO operator_definition_lines (id, operator_id, prefix, content, line_order) VALUES (96, 12, '⊛', 'Ս enables cooperation', 8);
INSERT INTO operator_definition_lines (id, operator_id, prefix, content, line_order) VALUES (97, 12, '⊢', 'A⋈B≡B⋈A via Ս', 9);
INSERT INTO operators (id, symbol, name, module_id, category_id) VALUES (13, 'Ր', 'reflexive', 1, 2);
INSERT INTO symbols (symbol, codepoint, symbol_type, name) VALUES ('Ր', 'U+0550', 'operator', 'reflexive');
INSERT INTO operator_definition_lines (id, operator_id, prefix, content, line_order) VALUES (98, 13, '⊡', '0≡¬⟳|5≡∃⟳|9≡∀⟳', 1);
INSERT INTO operator_definition_lines (id, operator_id, prefix, content, line_order) VALUES (99, 13, '≡', 'reflexive', 2);
INSERT INTO operator_definition_lines (id, operator_id, prefix, content, line_order) VALUES (100, 13, '≡', 'self_reference', 3);
INSERT INTO operator_definition_lines (id, operator_id, prefix, content, line_order) VALUES (101, 13, '≝', 'self awareness', 4);
INSERT INTO operator_definition_lines (id, operator_id, prefix, content, line_order) VALUES (102, 13, '≝', 'recursive structures', 5);
INSERT INTO operator_definition_lines (id, operator_id, prefix, content, line_order) VALUES (103, 13, '⊛', 'Ր→self_awareness ∧ Ր∈⟳_structures ∧ Ր enables introspection', 6);
INSERT INTO operator_definition_lines (id, operator_id, prefix, content, line_order) VALUES (104, 13, '⊛', 'A⋈A via Ր ∧ 𝄎≡Ր specialized', 7);
INSERT INTO operators (id, symbol, name, module_id, category_id) VALUES (14, 'Օ', 'total', 1, 2);
INSERT INTO symbols (symbol, codepoint, symbol_type, name) VALUES ('Օ', 'U+0555', 'operator', 'total');
INSERT INTO operator_definition_lines (id, operator_id, prefix, content, line_order) VALUES (105, 14, '⊡', '0≡∃∅|5≡≈∀|9≡∀⊨', 1);
INSERT INTO operator_definition_lines (id, operator_id, prefix, content, line_order) VALUES (106, 14, '≡', 'total', 2);
INSERT INTO operator_definition_lines (id, operator_id, prefix, content, line_order) VALUES (107, 14, '≡', 'complete_coverage', 3);
INSERT INTO operator_definition_lines (id, operator_id, prefix, content, line_order) VALUES (108, 14, '≝', 'exhaustive enumeration', 4);
INSERT INTO operator_definition_lines (id, operator_id, prefix, content, line_order) VALUES (109, 14, '≝', 'completeness validation', 5);
INSERT INTO operator_definition_lines (id, operator_id, prefix, content, line_order) VALUES (110, 14, '⊛', 'Օ→exhaustive_enumeration', 6);
INSERT INTO operator_definition_lines (id, operator_id, prefix, content, line_order) VALUES (111, 14, '⊛', 'Օ∈completeness_validation', 7);
INSERT INTO operator_definition_lines (id, operator_id, prefix, content, line_order) VALUES (112, 14, '⊢', '∀x∈domain⊃relation(x) via Օ', 8);
INSERT INTO operators (id, symbol, name, module_id, category_id) VALUES (15, 'ջ', 'symbolic_economy', 1, 3);
INSERT INTO symbols (symbol, codepoint, symbol_type, name) VALUES ('ջ', 'U+057B', 'operator', 'symbolic_economy');
INSERT INTO operator_definition_lines (id, operator_id, prefix, content, line_order) VALUES (113, 15, '≡', 'symbolic_economy', 1);
INSERT INTO operator_definition_lines (id, operator_id, prefix, content, line_order) VALUES (114, 15, '≡', 'notation_efficiency', 2);
INSERT INTO operator_definition_lines (id, operator_id, prefix, content, line_order) VALUES (115, 15, '≝', 'notation density', 3);
INSERT INTO operator_definition_lines (id, operator_id, prefix, content, line_order) VALUES (116, 15, '≝', 'economic expression', 4);
INSERT INTO operator_definition_lines (id, operator_id, prefix, content, line_order) VALUES (117, 15, '⊛', 'ջ8→good_symbolic_density ∧ ջ∈economic_notation', 5);
INSERT INTO operator_definition_lines (id, operator_id, prefix, content, line_order) VALUES (118, 15, '⊛', 'symbol_count→ջ_ratio', 6);
INSERT INTO operators (id, symbol, name, module_id, category_id) VALUES (16, 'ռ', 'reference_efficiency', 1, 3);
INSERT INTO symbols (symbol, codepoint, symbol_type, name) VALUES ('ռ', 'U+057C', 'operator', 'reference_efficiency');
INSERT INTO operator_definition_lines (id, operator_id, prefix, content, line_order) VALUES (119, 16, '≡', 'reference_efficiency', 1);
INSERT INTO operator_definition_lines (id, operator_id, prefix, content, line_order) VALUES (120, 16, '≡', 'citation_optimization', 2);
INSERT INTO operator_definition_lines (id, operator_id, prefix, content, line_order) VALUES (121, 16, '≝', 'cross-reference quality', 3);
INSERT INTO operator_definition_lines (id, operator_id, prefix, content, line_order) VALUES (122, 16, '≝', 'link optimization', 4);
INSERT INTO operator_definition_lines (id, operator_id, prefix, content, line_order) VALUES (123, 16, '⊛', 'ռ9→excellent_referencing ∧ ռ∈cross_reference_quality', 5);
INSERT INTO operator_definition_lines (id, operator_id, prefix, content, line_order) VALUES (124, 16, '⊛', 'link_density→ռ_score', 6);
INSERT INTO operator_definition_lines (id, operator_id, prefix, content, line_order) VALUES (125, 16, '⊛', '𝀷 concrescence through reference integration', 7);
INSERT INTO operators (id, symbol, name, module_id, category_id) VALUES (17, 'ժ', 'recursion', 1, 4);
INSERT INTO symbols (symbol, codepoint, symbol_type, name) VALUES ('ժ', 'U+056A', 'operator', 'recursion');
INSERT INTO operator_definition_lines (id, operator_id, prefix, content, line_order) VALUES (126, 17, '≡', 'recursion', 1);
INSERT INTO operator_definition_lines (id, operator_id, prefix, content, line_order) VALUES (127, 17, '≡', 'self_referential_depth', 2);
INSERT INTO operator_definition_lines (id, operator_id, prefix, content, line_order) VALUES (128, 17, '≝', 'recursive capability', 3);
INSERT INTO operator_definition_lines (id, operator_id, prefix, content, line_order) VALUES (129, 17, '≝', 'ՍՎ vector component', 4);
INSERT INTO operator_definition_lines (id, operator_id, prefix, content, line_order) VALUES (130, 17, '⊛', 'ժ8→high_recursive_capability ∧ ժ∈ՍՎ_vector', 5);
INSERT INTO operator_definition_lines (id, operator_id, prefix, content, line_order) VALUES (131, 17, '⊛', 'meta_levels→ժ_depth', 6);
INSERT INTO operators (id, symbol, name, module_id, category_id) VALUES (18, 'թ', 'coherence', 1, 4);
INSERT INTO symbols (symbol, codepoint, symbol_type, name) VALUES ('թ', 'U+0569', 'operator', 'coherence');
INSERT INTO operator_definition_lines (id, operator_id, prefix, content, line_order) VALUES (132, 18, '≡', 'coherence', 1);
INSERT INTO operator_definition_lines (id, operator_id, prefix, content, line_order) VALUES (133, 18, '≡', 'internal_consistency', 2);
INSERT INTO operator_definition_lines (id, operator_id, prefix, content, line_order) VALUES (134, 18, '≝', 'consistency measure', 3);
INSERT INTO operator_definition_lines (id, operator_id, prefix, content, line_order) VALUES (135, 18, '≝', 'logical alignment', 4);
INSERT INTO operator_definition_lines (id, operator_id, prefix, content, line_order) VALUES (136, 18, '⊛', 'թ9→excellent_coherence ∧ թ∈consistency_measure', 5);
INSERT INTO operator_definition_lines (id, operator_id, prefix, content, line_order) VALUES (137, 18, '⊛', 'logical_alignment→թ_score', 6);
INSERT INTO operators (id, symbol, name, module_id, category_id) VALUES (19, 'ն', 'naming', 1, 4);
INSERT INTO symbols (symbol, codepoint, symbol_type, name) VALUES ('ն', 'U+0576', 'operator', 'naming');
INSERT INTO operator_definition_lines (id, operator_id, prefix, content, line_order) VALUES (138, 19, '≡', 'naming', 1);
INSERT INTO operator_definition_lines (id, operator_id, prefix, content, line_order) VALUES (139, 19, '≡', 'identifier_quality', 2);
INSERT INTO operator_definition_lines (id, operator_id, prefix, content, line_order) VALUES (140, 19, '≝', 'naming convention', 3);
INSERT INTO operator_definition_lines (id, operator_id, prefix, content, line_order) VALUES (141, 19, '≝', 'semantic clarity', 4);
INSERT INTO operator_definition_lines (id, operator_id, prefix, content, line_order) VALUES (142, 19, '⊛', 'ն8→good_naming_convention ∧ ն∈semantic_clarity', 5);
INSERT INTO operator_definition_lines (id, operator_id, prefix, content, line_order) VALUES (143, 19, '⊛', 'name_precision→ն_rating', 6);
INSERT INTO operators (id, symbol, name, module_id, category_id) VALUES (20, 'մ', 'metamodel', 1, 4);
INSERT INTO symbols (symbol, codepoint, symbol_type, name) VALUES ('մ', 'U+0574', 'operator', 'metamodel');
INSERT INTO operator_definition_lines (id, operator_id, prefix, content, line_order) VALUES (144, 20, '≡', 'metamodel', 1);
INSERT INTO operator_definition_lines (id, operator_id, prefix, content, line_order) VALUES (145, 20, '≡', 'structural_abstraction', 2);
INSERT INTO operator_definition_lines (id, operator_id, prefix, content, line_order) VALUES (146, 20, '≝', 'architectural layer', 3);
INSERT INTO operator_definition_lines (id, operator_id, prefix, content, line_order) VALUES (147, 20, '≝', 'abstraction level', 4);
INSERT INTO operator_definition_lines (id, operator_id, prefix, content, line_order) VALUES (148, 20, '⊛', 'մ9→strong_metamodel ∧ մ∈architectural_layer', 5);
INSERT INTO operator_definition_lines (id, operator_id, prefix, content, line_order) VALUES (149, 20, '⊛', 'abstraction_level→մ_measure', 6);
INSERT INTO operators (id, symbol, name, module_id, category_id) VALUES (21, 'Յ', 'junction', 1, 4);
INSERT INTO symbols (symbol, codepoint, symbol_type, name) VALUES ('Յ', 'U+0545', 'operator', 'junction');
INSERT INTO operator_definition_lines (id, operator_id, prefix, content, line_order) VALUES (150, 21, '≡', 'junction', 1);
INSERT INTO operator_definition_lines (id, operator_id, prefix, content, line_order) VALUES (151, 21, '≡', 'connection_quality', 2);
INSERT INTO operator_definition_lines (id, operator_id, prefix, content, line_order) VALUES (152, 21, '≝', 'integration points', 3);
INSERT INTO operator_definition_lines (id, operator_id, prefix, content, line_order) VALUES (153, 21, '≝', 'interface strength', 4);
INSERT INTO operator_definition_lines (id, operator_id, prefix, content, line_order) VALUES (154, 21, '⊛', 'Յ7→adequate_junctions ∧ Յ∈integration_points', 5);
INSERT INTO operator_definition_lines (id, operator_id, prefix, content, line_order) VALUES (155, 21, '⊛', 'interface_strength→Յ_value', 6);
INSERT INTO operators (id, symbol, name, module_id, category_id) VALUES (22, 'ծ', 'conceptual_orthogonality', 1, 5);
INSERT INTO symbols (symbol, codepoint, symbol_type, name) VALUES ('ծ', 'U+056E', 'operator', 'conceptual_orthogonality');
INSERT INTO operator_definition_lines (id, operator_id, prefix, content, line_order) VALUES (156, 22, '≡', 'conceptual_orthogonality', 1);
INSERT INTO operator_definition_lines (id, operator_id, prefix, content, line_order) VALUES (157, 22, '≡', 'concern_separation', 2);
INSERT INTO operator_definition_lines (id, operator_id, prefix, content, line_order) VALUES (158, 22, '≝', 'architectural principle', 3);
INSERT INTO operator_definition_lines (id, operator_id, prefix, content, line_order) VALUES (159, 22, '≝', 'independence measure', 4);
INSERT INTO operator_definition_lines (id, operator_id, prefix, content, line_order) VALUES (160, 22, '⊛', 'ծ9→excellent_separation ∧ ծ∈architectural_principle', 5);
INSERT INTO operator_definition_lines (id, operator_id, prefix, content, line_order) VALUES (161, 22, '⊛', 'independence→ծ_measure', 6);
INSERT INTO operators (id, symbol, name, module_id, category_id) VALUES (23, 'կ', 'knowledge_propagation', 1, 5);
INSERT INTO symbols (symbol, codepoint, symbol_type, name) VALUES ('կ', 'U+056F', 'operator', 'knowledge_propagation');
INSERT INTO operator_definition_lines (id, operator_id, prefix, content, line_order) VALUES (162, 23, '≡', 'knowledge_propagation', 1);
INSERT INTO operator_definition_lines (id, operator_id, prefix, content, line_order) VALUES (163, 23, '≡', 'information_flow', 2);
INSERT INTO operator_definition_lines (id, operator_id, prefix, content, line_order) VALUES (164, 23, '≝', 'information architecture', 3);
INSERT INTO operator_definition_lines (id, operator_id, prefix, content, line_order) VALUES (165, 23, '≝', 'propagation efficiency', 4);
INSERT INTO operator_definition_lines (id, operator_id, prefix, content, line_order) VALUES (166, 23, '⊛', 'կ9→optimal_knowledge_flow ∧ կ∈information_architecture', 5);
INSERT INTO operator_definition_lines (id, operator_id, prefix, content, line_order) VALUES (167, 23, '⊛', 'propagation_efficiency→կ', 6);
INSERT INTO operators (id, symbol, name, module_id, category_id) VALUES (24, 'Մ', 'hierarchical_consistency', 1, 5);
INSERT INTO symbols (symbol, codepoint, symbol_type, name) VALUES ('Մ', 'U+0544', 'operator', 'hierarchical_consistency');
INSERT INTO operator_definition_lines (id, operator_id, prefix, content, line_order) VALUES (168, 24, '≡', 'hierarchical_consistency', 1);
INSERT INTO operator_definition_lines (id, operator_id, prefix, content, line_order) VALUES (169, 24, '≡', 'level_coherence', 2);
INSERT INTO operator_definition_lines (id, operator_id, prefix, content, line_order) VALUES (170, 24, '≝', 'structural organization', 3);
INSERT INTO operator_definition_lines (id, operator_id, prefix, content, line_order) VALUES (171, 24, '≝', 'level alignment', 4);
INSERT INTO operator_definition_lines (id, operator_id, prefix, content, line_order) VALUES (172, 24, '⊛', 'Մ8→good_hierarchy ∧ Մ∈structural_organization', 5);
INSERT INTO operator_definition_lines (id, operator_id, prefix, content, line_order) VALUES (173, 24, '⊛', 'level_alignment→Մ_rating', 6);
INSERT INTO operators (id, symbol, name, module_id, category_id) VALUES (25, 'Ձ', 'symbolic_stability', 1, 5);
INSERT INTO symbols (symbol, codepoint, symbol_type, name) VALUES ('Ձ', 'U+0541', 'operator', 'symbolic_stability');
INSERT INTO operator_definition_lines (id, operator_id, prefix, content, line_order) VALUES (174, 25, '≡', 'symbolic_stability', 1);
INSERT INTO operator_definition_lines (id, operator_id, prefix, content, line_order) VALUES (175, 25, '≡', 'notation_persistence', 2);
INSERT INTO operator_definition_lines (id, operator_id, prefix, content, line_order) VALUES (176, 25, '≝', 'temporal consistency', 3);
INSERT INTO operator_definition_lines (id, operator_id, prefix, content, line_order) VALUES (177, 25, '≝', 'symbol durability', 4);
INSERT INTO operator_definition_lines (id, operator_id, prefix, content, line_order) VALUES (178, 25, '⊛', 'Ձ9→stable_notation ∧ Ձ∈temporal_consistency', 5);
INSERT INTO operator_definition_lines (id, operator_id, prefix, content, line_order) VALUES (179, 25, '⊛', 'symbol_durability→Ձ_measure', 6);
INSERT INTO operator_definition_lines (id, operator_id, prefix, content, line_order) VALUES (180, 25, '⊛', '𝀏 crystallization increases stability', 7);
INSERT INTO operator_definition_lines (id, operator_id, prefix, content, line_order) VALUES (181, 25, '⊛', '𝁆 dissolution reduces stability', 8);
INSERT INTO operators (id, symbol, name, module_id, category_id) VALUES (26, 'ղ', 'quality_improvement', 1, 6);
INSERT INTO symbols (symbol, codepoint, symbol_type, name) VALUES ('ղ', 'U+0572', 'operator', 'quality_improvement');
INSERT INTO operator_definition_lines (id, operator_id, prefix, content, line_order) VALUES (182, 26, '≡', 'quality_improvement', 1);
INSERT INTO operator_definition_lines (id, operator_id, prefix, content, line_order) VALUES (183, 26, '≡', 'enhancement_trajectory', 2);
INSERT INTO operator_definition_lines (id, operator_id, prefix, content, line_order) VALUES (184, 26, '≝', 'ԶՎ vector component', 3);
INSERT INTO operator_definition_lines (id, operator_id, prefix, content, line_order) VALUES (185, 26, '≝', 'quality delta measurement', 4);
INSERT INTO operator_definition_lines (id, operator_id, prefix, content, line_order) VALUES (186, 26, '⊛', 'ղ9→excellent_improvement ∧ ղ∈ԶՎ_vector', 5);
INSERT INTO operator_definition_lines (id, operator_id, prefix, content, line_order) VALUES (187, 26, '⊛', 'quality_delta→ղ_measurement', 6);
INSERT INTO operators (id, symbol, name, module_id, category_id) VALUES (27, 'Ճ', 'component_stability', 1, 6);
INSERT INTO symbols (symbol, codepoint, symbol_type, name) VALUES ('Ճ', 'U+0543', 'operator', 'component_stability');
INSERT INTO operator_definition_lines (id, operator_id, prefix, content, line_order) VALUES (188, 27, '≡', 'component_stability', 1);
INSERT INTO operator_definition_lines (id, operator_id, prefix, content, line_order) VALUES (189, 27, '≡', 'element_persistence', 2);
INSERT INTO operator_definition_lines (id, operator_id, prefix, content, line_order) VALUES (190, 27, '≝', 'durability measure', 3);
INSERT INTO operator_definition_lines (id, operator_id, prefix, content, line_order) VALUES (191, 27, '≝', 'component lifespan', 4);
INSERT INTO operator_definition_lines (id, operator_id, prefix, content, line_order) VALUES (192, 27, '⊛', 'Ճ8→stable_components ∧ Ճ∈durability_measure', 5);
INSERT INTO operator_definition_lines (id, operator_id, prefix, content, line_order) VALUES (193, 27, '⊛', 'component_lifespan→Ճ_score', 6);
INSERT INTO operators (id, symbol, name, module_id, category_id) VALUES (28, 'շ', 'simplicity_expressiveness', 1, 7);
INSERT INTO symbols (symbol, codepoint, symbol_type, name) VALUES ('շ', 'U+0577', 'operator', 'simplicity_expressiveness');
INSERT INTO operator_definition_lines (id, operator_id, prefix, content, line_order) VALUES (194, 28, '≡', 'simplicity_expressiveness', 1);
INSERT INTO operator_definition_lines (id, operator_id, prefix, content, line_order) VALUES (195, 28, '≡', 'elegance_power_balance', 2);
INSERT INTO operator_definition_lines (id, operator_id, prefix, content, line_order) VALUES (196, 28, '≝', 'ՆԲ vector component', 3);
INSERT INTO operator_definition_lines (id, operator_id, prefix, content, line_order) VALUES (197, 28, '≝', 'complexity-utility ratio', 4);
INSERT INTO operator_definition_lines (id, operator_id, prefix, content, line_order) VALUES (198, 28, '⊛', 'շ6→moderate_balance ∧ շ∈ՆԲ_vector', 5);
INSERT INTO operator_definition_lines (id, operator_id, prefix, content, line_order) VALUES (199, 28, '⊛', 'complexity_utility→շ_ratio', 6);
INSERT INTO operators (id, symbol, name, module_id, category_id) VALUES (29, 'Ո', 'orthogonality_integration', 1, 7);
INSERT INTO symbols (symbol, codepoint, symbol_type, name) VALUES ('Ո', 'U+0548', 'operator', 'orthogonality_integration');
INSERT INTO operator_definition_lines (id, operator_id, prefix, content, line_order) VALUES (200, 29, '≡', 'orthogonality_integration', 1);
INSERT INTO operator_definition_lines (id, operator_id, prefix, content, line_order) VALUES (201, 29, '≡', 'separation_connection_balance', 2);
INSERT INTO operator_definition_lines (id, operator_id, prefix, content, line_order) VALUES (202, 29, '≝', 'architectural tension', 3);
INSERT INTO operator_definition_lines (id, operator_id, prefix, content, line_order) VALUES (203, 29, '≝', 'independence-cohesion balance', 4);
INSERT INTO operator_definition_lines (id, operator_id, prefix, content, line_order) VALUES (204, 29, '⊛', 'Ո9→optimal_balance ∧ Ո∈architectural_tension', 5);
INSERT INTO operator_definition_lines (id, operator_id, prefix, content, line_order) VALUES (205, 29, '⊛', 'independence_cohesion→Ո', 6);
INSERT INTO operators (id, symbol, name, module_id, category_id) VALUES (30, 'Ք', 'consistency_specialization', 1, 7);
INSERT INTO symbols (symbol, codepoint, symbol_type, name) VALUES ('Ք', 'U+0554', 'operator', 'consistency_specialization');
INSERT INTO operator_definition_lines (id, operator_id, prefix, content, line_order) VALUES (206, 30, '≡', 'consistency_specialization', 1);
INSERT INTO operator_definition_lines (id, operator_id, prefix, content, line_order) VALUES (207, 30, '≡', 'uniformity_adaptation_balance', 2);
INSERT INTO operator_definition_lines (id, operator_id, prefix, content, line_order) VALUES (208, 30, '≝', 'design flexibility', 3);
INSERT INTO operator_definition_lines (id, operator_id, prefix, content, line_order) VALUES (209, 30, '≝', 'standard-custom balance', 4);
INSERT INTO operator_definition_lines (id, operator_id, prefix, content, line_order) VALUES (210, 30, '⊛', 'Ք8→good_specialization ∧ Ք∈design_flexibility', 5);
INSERT INTO operator_definition_lines (id, operator_id, prefix, content, line_order) VALUES (211, 30, '⊛', 'standard_custom→Ք_measure', 6);
INSERT INTO operators (id, symbol, name, module_id, category_id) VALUES (31, 'Ֆ', 'formalization', 1, 5);
INSERT INTO symbols (symbol, codepoint, symbol_type, name) VALUES ('Ֆ', 'U+0556', 'operator', 'formalization');
INSERT INTO operator_definition_lines (id, operator_id, prefix, content, line_order) VALUES (212, 31, '≡', 'formalization', 1);
INSERT INTO operator_definition_lines (id, operator_id, prefix, content, line_order) VALUES (213, 31, '≡', 'codification_degree', 2);
INSERT INTO operator_definition_lines (id, operator_id, prefix, content, line_order) VALUES (214, 31, '≝', 'tacit↔explicit spectrum ∧ informal↔codified', 3);
INSERT INTO operator_definition_lines (id, operator_id, prefix, content, line_order) VALUES (215, 31, '⊡', '1: tacit_knowledge ∧ oral_tradition ∧ implicit_norms', 4);
INSERT INTO operator_definition_lines (id, operator_id, prefix, content, line_order) VALUES (216, 31, '⊡', '3: conventions ∧ soft_expectations', 5);
INSERT INTO operator_definition_lines (id, operator_id, prefix, content, line_order) VALUES (217, 31, '⊡', '5: documented_practices ∧ written_guidelines', 6);
INSERT INTO operator_definition_lines (id, operator_id, prefix, content, line_order) VALUES (218, 31, '⊡', '7: formal_rules ∧ explicit_procedures', 7);
INSERT INTO operator_definition_lines (id, operator_id, prefix, content, line_order) VALUES (219, 31, '⊡', '9: legal_code ∧ axiomatic_system ∧ protocol_specification', 8);
INSERT INTO operator_definition_lines (id, operator_id, prefix, content, line_order) VALUES (220, 31, '⊛', '⧊: Ֆ1(intuition)→Ֆ9(theorem)', 9);
INSERT INTO operator_definition_lines (id, operator_id, prefix, content, line_order) VALUES (221, 31, '⊛', '⧏: Ֆ2(craft)→Ֆ8(algorithm)', 10);
INSERT INTO operator_definition_lines (id, operator_id, prefix, content, line_order) VALUES (222, 31, '⊛', '⛫: Ֆ3(custom)→Ֆ9(statute)', 11);
INSERT INTO operator_definition_lines (id, operator_id, prefix, content, line_order) VALUES (223, 31, '⊨', 'Ֆ ≡ explicitness∧transmissibility', 12);
INSERT INTO operators (id, symbol, name, module_id, category_id) VALUES (32, 'Պ', 'porosity', 1, 2);
INSERT INTO symbols (symbol, codepoint, symbol_type, name) VALUES ('Պ', 'U+054A', 'operator', 'porosity');
INSERT INTO operator_definition_lines (id, operator_id, prefix, content, line_order) VALUES (224, 32, '≡', 'porosity', 1);
INSERT INTO operator_definition_lines (id, operator_id, prefix, content, line_order) VALUES (225, 32, '≡', 'permeability', 2);
INSERT INTO operator_definition_lines (id, operator_id, prefix, content, line_order) VALUES (226, 32, '≝', 'closed↔permeable spectrum ∧ boundary_flow_rate', 3);
INSERT INTO operator_definition_lines (id, operator_id, prefix, content, line_order) VALUES (227, 32, '⊡', '1: hermetic ∧ no_exchange', 4);
INSERT INTO operator_definition_lines (id, operator_id, prefix, content, line_order) VALUES (228, 32, '⊡', '3: guarded ∧ selective_admission', 5);
INSERT INTO operator_definition_lines (id, operator_id, prefix, content, line_order) VALUES (229, 32, '⊡', '5: semi-permeable ∧ regulated_flow', 6);
INSERT INTO operator_definition_lines (id, operator_id, prefix, content, line_order) VALUES (230, 32, '⊡', '7: porous ∧ easy_transit', 7);
INSERT INTO operator_definition_lines (id, operator_id, prefix, content, line_order) VALUES (231, 32, '⊡', '9: open ∧ boundary≈nominal', 8);
INSERT INTO operator_definition_lines (id, operator_id, prefix, content, line_order) VALUES (232, 32, '⊛', 'membership: Պ2(secret_society)→Պ8(open_movement)', 9);
INSERT INTO operator_definition_lines (id, operator_id, prefix, content, line_order) VALUES (233, 32, '⊛', 'information: Պ1(classified)→Պ9(public_domain)', 10);
INSERT INTO operator_definition_lines (id, operator_id, prefix, content, line_order) VALUES (234, 32, '⊛', 'influence: Պ3(insulated)→Պ7(responsive)', 11);
INSERT INTO operator_definition_lines (id, operator_id, prefix, content, line_order) VALUES (235, 32, '⊨', 'Պ ≡ flow_across_Բ', 12);
INSERT INTO operators (id, symbol, name, module_id, category_id) VALUES (33, 'Հ', 'hierarchy', 1, 5);
INSERT INTO symbols (symbol, codepoint, symbol_type, name) VALUES ('Հ', 'U+0540', 'operator', 'hierarchy');
INSERT INTO operator_definition_lines (id, operator_id, prefix, content, line_order) VALUES (236, 33, '≡', 'hierarchy', 1);
INSERT INTO operator_definition_lines (id, operator_id, prefix, content, line_order) VALUES (237, 33, '≡', 'nesting_depth', 2);
INSERT INTO operator_definition_lines (id, operator_id, prefix, content, line_order) VALUES (238, 33, '≝', 'flat↔nested spectrum ∧ vertical_structure', 3);
INSERT INTO operator_definition_lines (id, operator_id, prefix, content, line_order) VALUES (239, 33, '⊡', '1: peer_network ∧ no_ranks', 4);
INSERT INTO operator_definition_lines (id, operator_id, prefix, content, line_order) VALUES (240, 33, '⊡', '3: informal_leadership ∧ shallow', 5);
INSERT INTO operator_definition_lines (id, operator_id, prefix, content, line_order) VALUES (241, 33, '⊡', '5: moderate_levels ∧ clear_roles', 6);
INSERT INTO operator_definition_lines (id, operator_id, prefix, content, line_order) VALUES (242, 33, '⊡', '7: deep_hierarchy ∧ chain_of_command', 7);
INSERT INTO operator_definition_lines (id, operator_id, prefix, content, line_order) VALUES (243, 33, '⊡', '9: rigid_stratification ∧ many_levels', 8);
INSERT INTO operator_definition_lines (id, operator_id, prefix, content, line_order) VALUES (244, 33, '⊛', '⍚: Հ2(cooperative)→Հ8(corporation)', 9);
INSERT INTO operator_definition_lines (id, operator_id, prefix, content, line_order) VALUES (245, 33, '⊛', '⧏: Հ1(heuristic)→Հ7(nested_procedure)', 10);
INSERT INTO operator_definition_lines (id, operator_id, prefix, content, line_order) VALUES (246, 33, '⊛', '⧊: Հ3(cluster)→Հ8(taxonomy)', 11);
INSERT INTO operator_definition_lines (id, operator_id, prefix, content, line_order) VALUES (247, 33, '⊨', 'Հ ≡ vertical_differentiation', 12);
INSERT INTO operators (id, symbol, name, module_id, category_id) VALUES (34, 'Շ', 'scope', 1, 1);
INSERT INTO symbols (symbol, codepoint, symbol_type, name) VALUES ('Շ', 'U+0547', 'operator', 'scope');
INSERT INTO operator_definition_lines (id, operator_id, prefix, content, line_order) VALUES (248, 34, '≡', 'scope', 1);
INSERT INTO operator_definition_lines (id, operator_id, prefix, content, line_order) VALUES (249, 34, '≡', 'reach', 2);
INSERT INTO operator_definition_lines (id, operator_id, prefix, content, line_order) VALUES (250, 34, '≝', 'local↔universal spectrum ∧ domain_extent', 3);
INSERT INTO operator_definition_lines (id, operator_id, prefix, content, line_order) VALUES (251, 34, '⊡', '1: parochial ∧ single_context', 4);
INSERT INTO operator_definition_lines (id, operator_id, prefix, content, line_order) VALUES (252, 34, '⊡', '3: regional ∧ limited_domain', 5);
INSERT INTO operator_definition_lines (id, operator_id, prefix, content, line_order) VALUES (253, 34, '⊡', '5: national ∧ domain_specific', 6);
INSERT INTO operator_definition_lines (id, operator_id, prefix, content, line_order) VALUES (254, 34, '⊡', '7: transnational ∧ cross_domain', 7);
INSERT INTO operator_definition_lines (id, operator_id, prefix, content, line_order) VALUES (255, 34, '⊡', '9: universal ∧ context_independent', 8);
INSERT INTO operator_definition_lines (id, operator_id, prefix, content, line_order) VALUES (256, 34, '⊛', 'spatial: Շ1(village)→Շ9(global)', 9);
INSERT INTO operator_definition_lines (id, operator_id, prefix, content, line_order) VALUES (257, 34, '⊛', 'conceptual: Շ2(case_specific)→Շ9(general_law)', 10);
INSERT INTO operator_definition_lines (id, operator_id, prefix, content, line_order) VALUES (258, 34, '⊛', 'temporal: Շ3(era_bound)→Շ8(transhistorical)', 11);
INSERT INTO operator_definition_lines (id, operator_id, prefix, content, line_order) VALUES (259, 34, '⊨', 'Շ ≡ applicability_breadth', 12);
INSERT INTO operators (id, symbol, name, module_id, category_id) VALUES (35, 'Ի', 'cohesion', 1, 5);
INSERT INTO symbols (symbol, codepoint, symbol_type, name) VALUES ('Ի', 'U+053B', 'operator', 'cohesion');
INSERT INTO operator_definition_lines (id, operator_id, prefix, content, line_order) VALUES (260, 35, '≡', 'cohesion', 1);
INSERT INTO operator_definition_lines (id, operator_id, prefix, content, line_order) VALUES (261, 35, '≡', 'internal_unity', 2);
INSERT INTO operator_definition_lines (id, operator_id, prefix, content, line_order) VALUES (262, 35, '≝', 'fragmented↔unified spectrum ∧ internal_alignment', 3);
INSERT INTO operator_definition_lines (id, operator_id, prefix, content, line_order) VALUES (263, 35, '⊡', '1: factionalized ∧ internal_conflict', 4);
INSERT INTO operator_definition_lines (id, operator_id, prefix, content, line_order) VALUES (264, 35, '⊡', '3: loosely_affiliated ∧ divergent_aims', 5);
INSERT INTO operator_definition_lines (id, operator_id, prefix, content, line_order) VALUES (265, 35, '⊡', '5: moderate_agreement ∧ some_tension', 6);
INSERT INTO operator_definition_lines (id, operator_id, prefix, content, line_order) VALUES (266, 35, '⊡', '7: aligned ∧ shared_direction', 7);
INSERT INTO operator_definition_lines (id, operator_id, prefix, content, line_order) VALUES (267, 35, '⊡', '9: monolithic ∧ unified_action', 8);
INSERT INTO operator_definition_lines (id, operator_id, prefix, content, line_order) VALUES (268, 35, '⊛', '⍚: Ի3(fractious_coalition)→Ի8(disciplined_firm)', 9);
INSERT INTO operator_definition_lines (id, operator_id, prefix, content, line_order) VALUES (269, 35, '⊛', '⌯: Ի2(broad_tent)→Ի7(ideological_core)', 10);
INSERT INTO operator_definition_lines (id, operator_id, prefix, content, line_order) VALUES (270, 35, '⊛', '⧊: Ի4(contested_concept)→Ի9(settled_definition)', 11);
INSERT INTO operator_definition_lines (id, operator_id, prefix, content, line_order) VALUES (271, 35, '⊨', 'Ի ≡ internal_∧¬external', 12);
INSERT INTO operators (id, symbol, name, module_id, category_id) VALUES (36, 'Ղ', 'agency', 1, 1);
INSERT INTO symbols (symbol, codepoint, symbol_type, name) VALUES ('Ղ', 'U+0542', 'operator', 'agency');
INSERT INTO operator_definition_lines (id, operator_id, prefix, content, line_order) VALUES (272, 36, '≡', 'agency', 1);
INSERT INTO operator_definition_lines (id, operator_id, prefix, content, line_order) VALUES (273, 36, '≡', 'self_direction', 2);
INSERT INTO operator_definition_lines (id, operator_id, prefix, content, line_order) VALUES (274, 36, '≝', 'dependent↔autonomous spectrum ∧ causal_origination', 3);
INSERT INTO operator_definition_lines (id, operator_id, prefix, content, line_order) VALUES (275, 36, '⊡', '1: puppet ∧ fully_determined', 4);
INSERT INTO operator_definition_lines (id, operator_id, prefix, content, line_order) VALUES (276, 36, '⊡', '3: constrained ∧ limited_options', 5);
INSERT INTO operator_definition_lines (id, operator_id, prefix, content, line_order) VALUES (277, 36, '⊡', '5: semi-autonomous ∧ conditional_freedom', 6);
INSERT INTO operator_definition_lines (id, operator_id, prefix, content, line_order) VALUES (278, 36, '⊡', '7: self-directing ∧ initiative', 7);
INSERT INTO operator_definition_lines (id, operator_id, prefix, content, line_order) VALUES (279, 36, '⊡', '9: sovereign ∧ unconstrained_origination', 8);
INSERT INTO operator_definition_lines (id, operator_id, prefix, content, line_order) VALUES (280, 36, '⊛', '⍚: Ղ2(subsidiary)→Ղ8(independent)', 9);
INSERT INTO operator_definition_lines (id, operator_id, prefix, content, line_order) VALUES (281, 36, '⊛', '⚘: Ղ3(conscript)→Ղ7(free_agent)', 10);
INSERT INTO operator_definition_lines (id, operator_id, prefix, content, line_order) VALUES (282, 36, '⊛', '⧊: Ղ1(epiphenomenal)→Ղ6(causal_concept)', 11);
INSERT INTO operator_definition_lines (id, operator_id, prefix, content, line_order) VALUES (283, 36, '⊨', 'Ղ ≡ origination_capacity', 12);
INSERT INTO operators (id, symbol, name, module_id, category_id) VALUES (37, '⇀', 'property_vector', 1, 1);
INSERT INTO symbols (symbol, codepoint, symbol_type, name) VALUES ('⇀', 'U+21C0', 'operator', 'property_vector');
INSERT INTO operator_definition_lines (id, operator_id, prefix, content, line_order) VALUES (284, 37, '≡', 'property_vector', 1);
INSERT INTO operator_definition_lines (id, operator_id, prefix, content, line_order) VALUES (285, 37, '≡', 'assessment_vector', 2);
INSERT INTO operator_definition_lines (id, operator_id, prefix, content, line_order) VALUES (286, 37, '≝', 'composed property measurement', 3);
INSERT INTO operator_definition_lines (id, operator_id, prefix, content, line_order) VALUES (287, 37, '≝', 'multi-dimensional quality encoding', 4);
INSERT INTO operator_definition_lines (id, operator_id, prefix, content, line_order) VALUES (288, 37, '⊛', '⇀≡∘(property,value) ∧ Բ9Գ7Վ8≡∘(Բ(9),Գ(7),Վ(8))', 5);
INSERT INTO operator_definition_lines (id, operator_id, prefix, content, line_order) VALUES (289, 37, '⊛', '⇀∈[0,9]ℤ_domain ∧ ∑⇀→holistic_⊨', 6);
INSERT INTO operator_definition_lines (id, operator_id, prefix, content, line_order) VALUES (290, 37, '⊛', '⇀⊨system_⊙ ∧ ⇀→quantified_☊', 7);
INSERT INTO operator_definition_lines (id, operator_id, prefix, content, line_order) VALUES (291, 37, '⊛', '⇀⊆full_armenian_property_set', 8);
INSERT INTO operators (id, symbol, name, module_id, category_id) VALUES (38, '⍜', 'teleological_anchor', 2, 8);
INSERT INTO symbols (symbol, codepoint, symbol_type, name) VALUES ('⍜', 'U+235C', 'operator', 'teleological_anchor');
INSERT INTO operator_definition_lines (id, operator_id, prefix, content, line_order) VALUES (292, 38, '≡', 'teleological_anchor', 1);
INSERT INTO operator_definition_lines (id, operator_id, prefix, content, line_order) VALUES (293, 38, '≡', 'purpose_dimension', 2);
INSERT INTO operator_definition_lines (id, operator_id, prefix, content, line_order) VALUES (294, 38, '≝', 'goal-oriented force', 3);
INSERT INTO operator_definition_lines (id, operator_id, prefix, content, line_order) VALUES (295, 38, '≝', 'why behind when', 4);
INSERT INTO operator_definition_lines (id, operator_id, prefix, content, line_order) VALUES (296, 38, '⊡', '1≡incidental|5≡directional|9≡teleological', 5);
INSERT INTO operator_definition_lines (id, operator_id, prefix, content, line_order) VALUES (297, 38, '∂', '⍜≠Փ (capability უ direction)', 6);
INSERT INTO operator_definition_lines (id, operator_id, prefix, content, line_order) VALUES (298, 38, '∂', '⍜≠δ (density უ purpose)', 7);
INSERT INTO operator_definition_lines (id, operator_id, prefix, content, line_order) VALUES (299, 38, '∂', '⍜≠Ը (⍜ measures|Ը describes)', 8);
INSERT INTO operator_definition_lines (id, operator_id, prefix, content, line_order) VALUES (300, 38, '⊛', '⍜ binds temporal→goal hierarchy', 9);
INSERT INTO operator_definition_lines (id, operator_id, prefix, content, line_order) VALUES (301, 38, '⊛', 'ω ⊂ ⍜', 10);
INSERT INTO operator_definition_lines (id, operator_id, prefix, content, line_order) VALUES (302, 38, '⊛', '⍜ exerts scheduling pressure', 11);
INSERT INTO operator_definition_lines (id, operator_id, prefix, content, line_order) VALUES (303, 38, '⊛', '⍜1→drift|⍜9→telos', 12);
INSERT INTO operator_definition_lines (id, operator_id, prefix, content, line_order) VALUES (304, 38, '⊢', '⍜9 ⊢ structured allocation ⊢ ◇goal', 13);
INSERT INTO operator_definition_lines (id, operator_id, prefix, content, line_order) VALUES (305, 38, '⊢', '⍜1 ⊢ reactive motion ⊢ ¬◇goal', 14);
INSERT INTO operator_definition_lines (id, operator_id, prefix, content, line_order) VALUES (306, 38, '⟷', '⍜⟷ε', 15);
INSERT INTO operator_definition_lines (id, operator_id, prefix, content, line_order) VALUES (307, 38, '⟷', '⍜⟷θ', 16);
INSERT INTO operators (id, symbol, name, module_id, category_id) VALUES (39, 'ω', 'teleological_vector', 2, 8);
INSERT INTO symbols (symbol, codepoint, symbol_type, name) VALUES ('ω', 'U+03C9', 'operator', 'teleological_vector');
INSERT INTO operator_definition_lines (id, operator_id, prefix, content, line_order) VALUES (308, 39, '≡', 'teleological_vector', 1);
INSERT INTO operator_definition_lines (id, operator_id, prefix, content, line_order) VALUES (309, 39, '≡', 'purpose_measurement', 2);
INSERT INTO operator_definition_lines (id, operator_id, prefix, content, line_order) VALUES (310, 39, '≝', 'ω(ιαε) composite', 3);
INSERT INTO operator_definition_lines (id, operator_id, prefix, content, line_order) VALUES (311, 39, '≝', '⍜ quantification', 4);
INSERT INTO operator_definition_lines (id, operator_id, prefix, content, line_order) VALUES (312, 39, '∂', 'ω≠μ (purpose≠physics)', 5);
INSERT INTO operator_definition_lines (id, operator_id, prefix, content, line_order) VALUES (313, 39, '∂', 'ω measures why|μ measures how', 6);
INSERT INTO operator_definition_lines (id, operator_id, prefix, content, line_order) VALUES (314, 39, '∂', 'ω≠⊡', 7);
INSERT INTO operator_definition_lines (id, operator_id, prefix, content, line_order) VALUES (315, 39, '⊛', 'ω ⊂ ⍜', 8);
INSERT INTO operator_definition_lines (id, operator_id, prefix, content, line_order) VALUES (316, 39, '⊛', 'ι,α,ε ∈ ω', 9);
INSERT INTO operator_definition_lines (id, operator_id, prefix, content, line_order) VALUES (317, 39, '⊛', 'Notation: Entity→ω(ι9α8ε7)', 10);
INSERT INTO operator_definition_lines (id, operator_id, prefix, content, line_order) VALUES (318, 39, '⊛', 'ω∘μ→complete temporal assessment', 11);
INSERT INTO operator_definition_lines (id, operator_id, prefix, content, line_order) VALUES (319, 39, '⊢', 'ω(ι9α9ε9) ⊢ maximal purposive 𝀾', 12);
INSERT INTO operator_definition_lines (id, operator_id, prefix, content, line_order) VALUES (320, 39, '⊢', 'ω(ι1α1ε1) ⊢ purposeless drift', 13);
INSERT INTO operator_definition_lines (id, operator_id, prefix, content, line_order) VALUES (321, 39, '⟷', 'ω9⟷ϕ9', 14);
INSERT INTO operator_definition_lines (id, operator_id, prefix, content, line_order) VALUES (322, 39, '⟷', 'ω1⟷Ց9', 15);
INSERT INTO operators (id, symbol, name, module_id, category_id) VALUES (40, 'ι', 'intentionality', 2, 8);
INSERT INTO symbols (symbol, codepoint, symbol_type, name) VALUES ('ι', 'U+03B9', 'operator', 'intentionality');
INSERT INTO operator_definition_lines (id, operator_id, prefix, content, line_order) VALUES (323, 40, '≡', 'intentionality', 1);
INSERT INTO operator_definition_lines (id, operator_id, prefix, content, line_order) VALUES (324, 40, '≡', 'goal_orientation_strength', 2);
INSERT INTO operator_definition_lines (id, operator_id, prefix, content, line_order) VALUES (325, 40, '≝', 'deliberateness measure', 3);
INSERT INTO operator_definition_lines (id, operator_id, prefix, content, line_order) VALUES (326, 40, '≝', 'ω component', 4);
INSERT INTO operator_definition_lines (id, operator_id, prefix, content, line_order) VALUES (327, 40, '⊡', '1≡incidental|5≡purposeful|9≡strategic', 5);
INSERT INTO operator_definition_lines (id, operator_id, prefix, content, line_order) VALUES (328, 40, '∂', 'ι≠Ը (ι measures|Ը names)', 6);
INSERT INTO operator_definition_lines (id, operator_id, prefix, content, line_order) VALUES (329, 40, '∂', 'ι≠⍜ (ι∈ω⊂⍜)', 7);
INSERT INTO operator_definition_lines (id, operator_id, prefix, content, line_order) VALUES (330, 40, '∂', 'ι≠α (orientation≠alignment)', 8);
INSERT INTO operator_definition_lines (id, operator_id, prefix, content, line_order) VALUES (331, 40, '⊛', 'ι ∈ ω(ιαε)', 9);
INSERT INTO operator_definition_lines (id, operator_id, prefix, content, line_order) VALUES (332, 40, '⊛', 'ι1→happenstance∧reactive', 10);
INSERT INTO operator_definition_lines (id, operator_id, prefix, content, line_order) VALUES (333, 40, '⊛', 'ι9→deliberate∧goal-driven', 11);
INSERT INTO operator_definition_lines (id, operator_id, prefix, content, line_order) VALUES (334, 40, '⊛', 'ι→𝀐', 12);
INSERT INTO operator_definition_lines (id, operator_id, prefix, content, line_order) VALUES (335, 40, '⊛', 'ι⊰α', 13);
INSERT INTO operator_definition_lines (id, operator_id, prefix, content, line_order) VALUES (336, 40, '⊛', '⟡∈ι (ideas embody intentionality)', 14);
INSERT INTO operator_definition_lines (id, operator_id, prefix, content, line_order) VALUES (337, 40, '⊢', 'ι9 ⊢ ◇α9', 15);
INSERT INTO operator_definition_lines (id, operator_id, prefix, content, line_order) VALUES (338, 40, '⊢', 'ι1 ⊢ α≤ι', 16);
INSERT INTO operator_definition_lines (id, operator_id, prefix, content, line_order) VALUES (339, 40, '⟷', 'ι⟷Ը', 17);
INSERT INTO operator_definition_lines (id, operator_id, prefix, content, line_order) VALUES (340, 40, '⟷', 'ι⟷⟟', 18);
INSERT INTO operators (id, symbol, name, module_id, category_id) VALUES (41, 'α', 'alignment', 2, 8);
INSERT INTO symbols (symbol, codepoint, symbol_type, name) VALUES ('α', 'U+03B1', 'operator', 'alignment');
INSERT INTO operator_definition_lines (id, operator_id, prefix, content, line_order) VALUES (341, 41, '≡', 'alignment', 1);
INSERT INTO operator_definition_lines (id, operator_id, prefix, content, line_order) VALUES (342, 41, '≡', 'path_criticality', 2);
INSERT INTO operator_definition_lines (id, operator_id, prefix, content, line_order) VALUES (343, 41, '≝', 'goal-path coherence', 3);
INSERT INTO operator_definition_lines (id, operator_id, prefix, content, line_order) VALUES (344, 41, '≝', 'ω component', 4);
INSERT INTO operator_definition_lines (id, operator_id, prefix, content, line_order) VALUES (345, 41, '⊡', '1≡misaligned|5≡contributing|9≡critical_path', 5);
INSERT INTO operator_definition_lines (id, operator_id, prefix, content, line_order) VALUES (346, 41, '∂', 'α≠ι (alignment≠intention)', 6);
INSERT INTO operator_definition_lines (id, operator_id, prefix, content, line_order) VALUES (347, 41, '∂', 'α≠ε (aligned≠executed)', 7);
INSERT INTO operator_definition_lines (id, operator_id, prefix, content, line_order) VALUES (348, 41, '∂', 'α≠θ (path≠horizon)', 8);
INSERT INTO operator_definition_lines (id, operator_id, prefix, content, line_order) VALUES (349, 41, '⊛', 'α ∈ ω(ιαε)', 9);
INSERT INTO operator_definition_lines (id, operator_id, prefix, content, line_order) VALUES (350, 41, '⊛', 'α1→tangential∧divergent', 10);
INSERT INTO operator_definition_lines (id, operator_id, prefix, content, line_order) VALUES (351, 41, '⊛', 'α9→core_path∧essential', 11);
INSERT INTO operator_definition_lines (id, operator_id, prefix, content, line_order) VALUES (352, 41, '⊛', 'α measures fit→✱', 12);
INSERT INTO operator_definition_lines (id, operator_id, prefix, content, line_order) VALUES (353, 41, '⊛', 'α1→𝀸', 13);
INSERT INTO operator_definition_lines (id, operator_id, prefix, content, line_order) VALUES (354, 41, '⊢', 'α9 ⊢ minimal waste ⊢ ◇goal', 14);
INSERT INTO operator_definition_lines (id, operator_id, prefix, content, line_order) VALUES (355, 41, '⊢', 'α1∧ι9 ⊢ frustrated purpose ⊢ ⧆', 15);
INSERT INTO operator_definition_lines (id, operator_id, prefix, content, line_order) VALUES (356, 41, '⊢', 'ι⊰α⊰ε', 16);
INSERT INTO operator_definition_lines (id, operator_id, prefix, content, line_order) VALUES (357, 41, '⟷', 'α⟷⯐', 17);
INSERT INTO operator_definition_lines (id, operator_id, prefix, content, line_order) VALUES (358, 41, '⟷', 'α⟷✱', 18);
INSERT INTO operators (id, symbol, name, module_id, category_id) VALUES (42, 'ε', 'execution', 2, 8);
INSERT INTO symbols (symbol, codepoint, symbol_type, name) VALUES ('ε', 'U+03B5', 'operator', 'execution');
INSERT INTO operator_definition_lines (id, operator_id, prefix, content, line_order) VALUES (359, 42, '≡', 'execution', 1);
INSERT INTO operator_definition_lines (id, operator_id, prefix, content, line_order) VALUES (360, 42, '≡', 'implementation_flow', 2);
INSERT INTO operator_definition_lines (id, operator_id, prefix, content, line_order) VALUES (361, 42, '≝', 'action integration', 3);
INSERT INTO operator_definition_lines (id, operator_id, prefix, content, line_order) VALUES (362, 42, '≝', 'ω component', 4);
INSERT INTO operator_definition_lines (id, operator_id, prefix, content, line_order) VALUES (363, 42, '⊡', '1≡fragmented|5≡coordinated|9≡integrated_flow', 5);
INSERT INTO operator_definition_lines (id, operator_id, prefix, content, line_order) VALUES (364, 42, '∂', 'ε≠𝀾 (ε measures|𝀾 names)', 6);
INSERT INTO operator_definition_lines (id, operator_id, prefix, content, line_order) VALUES (365, 42, '∂', 'ε≠ϕ (ε∈ω purposive|ϕ diagnostic)', 7);
INSERT INTO operator_definition_lines (id, operator_id, prefix, content, line_order) VALUES (366, 42, '∂', 'ε≠α (doing≠directing)', 8);
INSERT INTO operator_definition_lines (id, operator_id, prefix, content, line_order) VALUES (367, 42, '⊛', 'ε ∈ ω(ιαε)', 9);
INSERT INTO operator_definition_lines (id, operator_id, prefix, content, line_order) VALUES (368, 42, '⊛', 'ε1→scattered∧interrupted', 10);
INSERT INTO operator_definition_lines (id, operator_id, prefix, content, line_order) VALUES (369, 42, '⊛', 'ε9→smooth∧continuous', 11);
INSERT INTO operator_definition_lines (id, operator_id, prefix, content, line_order) VALUES (370, 42, '⊛', 'ε⊧𝀾', 12);
INSERT INTO operator_definition_lines (id, operator_id, prefix, content, line_order) VALUES (371, 42, '⊛', 'ε◻γ', 13);
INSERT INTO operator_definition_lines (id, operator_id, prefix, content, line_order) VALUES (372, 42, '⊢', 'ε9 ⊢ 𝀾 ⊢ ◇completion', 14);
INSERT INTO operator_definition_lines (id, operator_id, prefix, content, line_order) VALUES (373, 42, '⊢', 'ε1 ⊢ 𝀸 vulnerability ⊢ ¬◇completion', 15);
INSERT INTO operator_definition_lines (id, operator_id, prefix, content, line_order) VALUES (374, 42, '⊢', 'ι∧α∧¬ε ⊢ paralysis', 16);
INSERT INTO operator_definition_lines (id, operator_id, prefix, content, line_order) VALUES (375, 42, '⟷', 'ε⟷γ (ε depletes γ)', 17);
INSERT INTO operator_definition_lines (id, operator_id, prefix, content, line_order) VALUES (376, 42, '⟷', 'ε⟷ς (ε◻ς when ς9)', 18);
INSERT INTO operator_definition_lines (id, operator_id, prefix, content, line_order) VALUES (377, 42, '⟷', 'ε⟷𝀾', 19);
INSERT INTO operators (id, symbol, name, module_id, category_id) VALUES (43, 'μ', 'physics_vector', 2, 9);
INSERT INTO symbols (symbol, codepoint, symbol_type, name) VALUES ('μ', 'U+03BC', 'operator', 'physics_vector');
INSERT INTO operator_definition_lines (id, operator_id, prefix, content, line_order) VALUES (378, 43, '≡', 'physics_vector', 1);
INSERT INTO operator_definition_lines (id, operator_id, prefix, content, line_order) VALUES (379, 43, '≡', 'temporal_structure_measurement', 2);
INSERT INTO operator_definition_lines (id, operator_id, prefix, content, line_order) VALUES (380, 43, '≝', 'μ(θδπς) composite', 3);
INSERT INTO operator_definition_lines (id, operator_id, prefix, content, line_order) VALUES (381, 43, '≝', 'time-shape quantification', 4);
INSERT INTO operator_definition_lines (id, operator_id, prefix, content, line_order) VALUES (382, 43, '∂', 'μ≠ω (physics≠teleology)', 5);
INSERT INTO operator_definition_lines (id, operator_id, prefix, content, line_order) VALUES (383, 43, '∂', 'μ measures how structured|ω measures why used', 6);
INSERT INTO operator_definition_lines (id, operator_id, prefix, content, line_order) VALUES (384, 43, '∂', 'μ≠Լ', 7);
INSERT INTO operator_definition_lines (id, operator_id, prefix, content, line_order) VALUES (385, 43, '⊛', 'θ,δ,π,ς ∈ μ', 8);
INSERT INTO operator_definition_lines (id, operator_id, prefix, content, line_order) VALUES (386, 43, '⊛', 'Notation: Entity→μ(θ7δ3π8ς2)', 9);
INSERT INTO operator_definition_lines (id, operator_id, prefix, content, line_order) VALUES (387, 43, '⊛', 'μ∘ω→complete temporal assessment', 10);
INSERT INTO operator_definition_lines (id, operator_id, prefix, content, line_order) VALUES (388, 43, '⊛', 'μ describes container|ω describes content', 11);
INSERT INTO operator_definition_lines (id, operator_id, prefix, content, line_order) VALUES (389, 43, '⊢', 'μ(θ9δ9π9ς9) ⊢ maximal constraint ⊢ brittleness', 12);
INSERT INTO operator_definition_lines (id, operator_id, prefix, content, line_order) VALUES (390, 43, '⊢', 'μ(θ1δ1π1ς1) ⊢ minimal structure ⊢ drift', 13);
INSERT INTO operator_definition_lines (id, operator_id, prefix, content, line_order) VALUES (391, 43, '⊢', 'optimal μ ⊢ ⧆(structure∧flexibility)', 14);
INSERT INTO operator_definition_lines (id, operator_id, prefix, content, line_order) VALUES (392, 43, '⟷', 'μ⟷⯐', 15);
INSERT INTO operator_definition_lines (id, operator_id, prefix, content, line_order) VALUES (393, 43, '⟷', 'δ9∧ς9→γ⤋', 16);
INSERT INTO operators (id, symbol, name, module_id, category_id) VALUES (44, 'θ', 'horizon', 2, 9);
INSERT INTO symbols (symbol, codepoint, symbol_type, name) VALUES ('θ', 'U+03B8', 'operator', 'horizon');
INSERT INTO operator_definition_lines (id, operator_id, prefix, content, line_order) VALUES (394, 44, '≡', 'horizon', 1);
INSERT INTO operator_definition_lines (id, operator_id, prefix, content, line_order) VALUES (395, 44, '≡', 'planning_distance', 2);
INSERT INTO operator_definition_lines (id, operator_id, prefix, content, line_order) VALUES (396, 44, '≝', 'temporal scope', 3);
INSERT INTO operator_definition_lines (id, operator_id, prefix, content, line_order) VALUES (397, 44, '≝', 'μ component', 4);
INSERT INTO operator_definition_lines (id, operator_id, prefix, content, line_order) VALUES (398, 44, '⊡', '1≡immediate(hours)|5≡medium(weeks)|9≡extended(months+)', 5);
INSERT INTO operator_definition_lines (id, operator_id, prefix, content, line_order) VALUES (399, 44, '∂', 'θ≠Լ (planning≠duration)', 6);
INSERT INTO operator_definition_lines (id, operator_id, prefix, content, line_order) VALUES (400, 44, '∂', 'θ≠⍜ (distance≠purpose)', 7);
INSERT INTO operator_definition_lines (id, operator_id, prefix, content, line_order) VALUES (401, 44, '∂', 'θ≠წ (θ⊃წ but measures reach)', 8);
INSERT INTO operator_definition_lines (id, operator_id, prefix, content, line_order) VALUES (402, 44, '⊛', 'θ ∈ μ(θδπς)', 9);
INSERT INTO operator_definition_lines (id, operator_id, prefix, content, line_order) VALUES (403, 44, '⊛', 'θ1→reactive∧short-term', 10);
INSERT INTO operator_definition_lines (id, operator_id, prefix, content, line_order) VALUES (404, 44, '⊛', 'θ9→strategic∧long-range', 11);
INSERT INTO operator_definition_lines (id, operator_id, prefix, content, line_order) VALUES (405, 44, '⊛', 'θ sets temporal ⯐ ∂', 12);
INSERT INTO operator_definition_lines (id, operator_id, prefix, content, line_order) VALUES (406, 44, '⊛', 'θ⊰⟟', 13);
INSERT INTO operator_definition_lines (id, operator_id, prefix, content, line_order) VALUES (407, 44, '⊛', '◈∈θ (projects have planning horizons)', 14);
INSERT INTO operator_definition_lines (id, operator_id, prefix, content, line_order) VALUES (408, 44, '⊢', 'θ9 ⊢ ◇strategic positioning', 15);
INSERT INTO operator_definition_lines (id, operator_id, prefix, content, line_order) VALUES (409, 44, '⊢', 'θ1 ⊢ reactive უ strategy', 16);
INSERT INTO operator_definition_lines (id, operator_id, prefix, content, line_order) VALUES (410, 44, '⊢', 'θ9∧ι1 ⊢ vision უ will', 17);
INSERT INTO operator_definition_lines (id, operator_id, prefix, content, line_order) VALUES (411, 44, '⟷', 'θ⟷⍜', 18);
INSERT INTO operator_definition_lines (id, operator_id, prefix, content, line_order) VALUES (412, 44, '⟷', 'θ⟷⟟', 19);
INSERT INTO operator_definition_lines (id, operator_id, prefix, content, line_order) VALUES (413, 44, '⟷', 'θ1→Ց9', 20);
INSERT INTO operators (id, symbol, name, module_id, category_id) VALUES (45, 'δ', 'density', 2, 9);
INSERT INTO symbols (symbol, codepoint, symbol_type, name) VALUES ('δ', 'U+03B4', 'operator', 'density');
INSERT INTO operator_definition_lines (id, operator_id, prefix, content, line_order) VALUES (414, 45, '≡', 'density', 1);
INSERT INTO operator_definition_lines (id, operator_id, prefix, content, line_order) VALUES (415, 45, '≡', 'commitment_volume', 2);
INSERT INTO operator_definition_lines (id, operator_id, prefix, content, line_order) VALUES (416, 45, '≝', 'time allocation intensity', 3);
INSERT INTO operator_definition_lines (id, operator_id, prefix, content, line_order) VALUES (417, 45, '≝', 'μ component', 4);
INSERT INTO operator_definition_lines (id, operator_id, prefix, content, line_order) VALUES (418, 45, '⊡', '1≡sparse|5≡moderate|9≡saturated', 5);
INSERT INTO operator_definition_lines (id, operator_id, prefix, content, line_order) VALUES (419, 45, '∂', 'δ≠Վ (temporal≠semantic)', 6);
INSERT INTO operator_definition_lines (id, operator_id, prefix, content, line_order) VALUES (420, 45, '∂', 'δ≠≐ (commitment≠compression)', 7);
INSERT INTO operator_definition_lines (id, operator_id, prefix, content, line_order) VALUES (421, 45, '∂', 'δ measures packing|Վ measures meaning-per-symbol', 8);
INSERT INTO operator_definition_lines (id, operator_id, prefix, content, line_order) VALUES (422, 45, '⊛', 'δ ∈ μ(θδπς)', 9);
INSERT INTO operator_definition_lines (id, operator_id, prefix, content, line_order) VALUES (423, 45, '⊛', 'δ1→flexible∧slack', 10);
INSERT INTO operator_definition_lines (id, operator_id, prefix, content, line_order) VALUES (424, 45, '⊛', 'δ9→packed∧constrained', 11);
INSERT INTO operator_definition_lines (id, operator_id, prefix, content, line_order) VALUES (425, 45, '⊛', 'δ9→γ⤋', 12);
INSERT INTO operator_definition_lines (id, operator_id, prefix, content, line_order) VALUES (426, 45, '⊛', 'δ⁻¹∝ε', 13);
INSERT INTO operator_definition_lines (id, operator_id, prefix, content, line_order) VALUES (427, 45, '⊢', 'δ9 ⊢ ¬◇flexibility ⊢ 𝀸 vulnerability', 14);
INSERT INTO operator_definition_lines (id, operator_id, prefix, content, line_order) VALUES (428, 45, '⊢', 'δ1 ⊢ slack ⊢ ◇absorption', 15);
INSERT INTO operator_definition_lines (id, operator_id, prefix, content, line_order) VALUES (429, 45, '⊢', 'δ9∧ς9 ⊢ maximal constraint ⊢ brittleness', 16);
INSERT INTO operator_definition_lines (id, operator_id, prefix, content, line_order) VALUES (430, 45, '⟷', 'δ⟷γ (δ9→γ⤋)', 17);
INSERT INTO operator_definition_lines (id, operator_id, prefix, content, line_order) VALUES (431, 45, '⟷', 'δ⟷ε (δ⁻¹∝ε)', 18);
INSERT INTO operator_definition_lines (id, operator_id, prefix, content, line_order) VALUES (432, 45, '⟷', 'δ9∧𝀸→Ց9', 19);
INSERT INTO operators (id, symbol, name, module_id, category_id) VALUES (46, 'π', 'precision', 2, 9);
INSERT INTO symbols (symbol, codepoint, symbol_type, name) VALUES ('π', 'U+03C0', 'operator', 'precision');
INSERT INTO operator_definition_lines (id, operator_id, prefix, content, line_order) VALUES (433, 46, '≡', 'precision', 1);
INSERT INTO operator_definition_lines (id, operator_id, prefix, content, line_order) VALUES (434, 46, '≡', 'timing_rigidity', 2);
INSERT INTO operator_definition_lines (id, operator_id, prefix, content, line_order) VALUES (435, 46, '≝', 'scheduling granularity', 3);
INSERT INTO operator_definition_lines (id, operator_id, prefix, content, line_order) VALUES (436, 46, '≝', 'μ component', 4);
INSERT INTO operator_definition_lines (id, operator_id, prefix, content, line_order) VALUES (437, 46, '⊡', '1≡loose|5≡structured|9≡rigid', 5);
INSERT INTO operator_definition_lines (id, operator_id, prefix, content, line_order) VALUES (438, 46, '∂', 'π≠ς (precision უ sync)', 6);
INSERT INTO operator_definition_lines (id, operator_id, prefix, content, line_order) VALUES (439, 46, '∂', 'π≠α (temporal≠goal)', 7);
INSERT INTO operator_definition_lines (id, operator_id, prefix, content, line_order) VALUES (440, 46, '∂', 'π measures tolerance|ς measures coupling', 8);
INSERT INTO operator_definition_lines (id, operator_id, prefix, content, line_order) VALUES (441, 46, '⊛', 'π ∈ μ(θδπς)', 9);
INSERT INTO operator_definition_lines (id, operator_id, prefix, content, line_order) VALUES (442, 46, '⊛', 'π1→fluid∧adaptable', 10);
INSERT INTO operator_definition_lines (id, operator_id, prefix, content, line_order) VALUES (443, 46, '⊛', 'π9→fixed∧strict', 11);
INSERT INTO operator_definition_lines (id, operator_id, prefix, content, line_order) VALUES (444, 46, '⊛', 'π9→𝀸 vulnerability', 12);
INSERT INTO operator_definition_lines (id, operator_id, prefix, content, line_order) VALUES (445, 46, '⊛', 'π constrains ε', 13);
INSERT INTO operator_definition_lines (id, operator_id, prefix, content, line_order) VALUES (446, 46, '⊢', 'π9 ⊢ exact coordination ⊢ brittleness', 14);
INSERT INTO operator_definition_lines (id, operator_id, prefix, content, line_order) VALUES (447, 46, '⊢', 'π1 ⊢ temporal slack ⊢ ◇absorption', 15);
INSERT INTO operator_definition_lines (id, operator_id, prefix, content, line_order) VALUES (448, 46, '⊢', 'π9∧ς9 ⊢ maximal rigidity ⊢ cascade failure risk', 16);
INSERT INTO operator_definition_lines (id, operator_id, prefix, content, line_order) VALUES (449, 46, '⟷', 'π⟷ε', 17);
INSERT INTO operator_definition_lines (id, operator_id, prefix, content, line_order) VALUES (450, 46, '⟷', 'π⟷𝀸 (π9→𝀸 impact amplified)', 18);
INSERT INTO operator_definition_lines (id, operator_id, prefix, content, line_order) VALUES (451, 46, '⟷', 'π⟷λ', 19);
INSERT INTO operators (id, symbol, name, module_id, category_id) VALUES (47, 'ς', 'sync', 2, 9);
INSERT INTO symbols (symbol, codepoint, symbol_type, name) VALUES ('ς', 'U+03C2', 'operator', 'sync');
INSERT INTO operator_definition_lines (id, operator_id, prefix, content, line_order) VALUES (452, 47, '≡', 'sync', 1);
INSERT INTO operator_definition_lines (id, operator_id, prefix, content, line_order) VALUES (453, 47, '≡', 'coordination_dependency', 2);
INSERT INTO operator_definition_lines (id, operator_id, prefix, content, line_order) VALUES (454, 47, '≝', 'synchronization requirements', 3);
INSERT INTO operator_definition_lines (id, operator_id, prefix, content, line_order) VALUES (455, 47, '≝', 'μ component', 4);
INSERT INTO operator_definition_lines (id, operator_id, prefix, content, line_order) VALUES (456, 47, '⊡', '1≡independent|5≡coordinated|9≡tightly_coupled', 5);
INSERT INTO operator_definition_lines (id, operator_id, prefix, content, line_order) VALUES (457, 47, '∂', 'ς≠π (sync≠precision)', 6);
INSERT INTO operator_definition_lines (id, operator_id, prefix, content, line_order) VALUES (458, 47, '∂', 'ς≠⋈ (temporal≠structural)', 7);
INSERT INTO operator_definition_lines (id, operator_id, prefix, content, line_order) VALUES (459, 47, '∂', 'ς measures coupling|π measures tolerance', 8);
INSERT INTO operator_definition_lines (id, operator_id, prefix, content, line_order) VALUES (460, 47, '⊛', 'ς ∈ μ(θδπς)', 9);
INSERT INTO operator_definition_lines (id, operator_id, prefix, content, line_order) VALUES (461, 47, '⊛', 'ς1→autonomous∧decoupled', 10);
INSERT INTO operator_definition_lines (id, operator_id, prefix, content, line_order) VALUES (462, 47, '⊛', 'ς9→interdependent∧synchronized', 11);
INSERT INTO operator_definition_lines (id, operator_id, prefix, content, line_order) VALUES (463, 47, '⊛', 'ς9→bottleneck vulnerability', 12);
INSERT INTO operator_definition_lines (id, operator_id, prefix, content, line_order) VALUES (464, 47, '⊛', 'ς→⋈ temporal', 13);
INSERT INTO operator_definition_lines (id, operator_id, prefix, content, line_order) VALUES (465, 47, '⊛', 'ς9→ε◻others', 14);
INSERT INTO operator_definition_lines (id, operator_id, prefix, content, line_order) VALUES (466, 47, '⊢', 'ς9 ⊢ coordination overhead ⊢ cascade risk', 15);
INSERT INTO operator_definition_lines (id, operator_id, prefix, content, line_order) VALUES (467, 47, '⊢', 'ς1 ⊢ autonomy ⊢ უ coordination benefit', 16);
INSERT INTO operator_definition_lines (id, operator_id, prefix, content, line_order) VALUES (468, 47, '⊢', 'ς9∧π9∧δ9 ⊢ system fragility', 17);
INSERT INTO operator_definition_lines (id, operator_id, prefix, content, line_order) VALUES (469, 47, '⟷', 'ς⟷⋈', 18);
INSERT INTO operator_definition_lines (id, operator_id, prefix, content, line_order) VALUES (470, 47, '⟷', 'ς⟷┃', 19);
INSERT INTO operator_definition_lines (id, operator_id, prefix, content, line_order) VALUES (471, 47, '⟷', 'ς⟷ε', 20);
INSERT INTO operators (id, symbol, name, module_id, category_id) VALUES (48, 'λ', 'consistency', 2, 10);
INSERT INTO symbols (symbol, codepoint, symbol_type, name) VALUES ('λ', 'U+03BB', 'operator', 'consistency');
INSERT INTO operator_definition_lines (id, operator_id, prefix, content, line_order) VALUES (472, 48, '≡', 'consistency', 1);
INSERT INTO operator_definition_lines (id, operator_id, prefix, content, line_order) VALUES (473, 48, '≡', 'temporal_pattern_stability', 2);
INSERT INTO operator_definition_lines (id, operator_id, prefix, content, line_order) VALUES (474, 48, '≝', 'behavioral regularity', 3);
INSERT INTO operator_definition_lines (id, operator_id, prefix, content, line_order) VALUES (475, 48, '≝', 'diagnostic', 4);
INSERT INTO operator_definition_lines (id, operator_id, prefix, content, line_order) VALUES (476, 48, '⊡', '1≡erratic|5≡patterned|9≡invariant', 5);
INSERT INTO operator_definition_lines (id, operator_id, prefix, content, line_order) VALUES (477, 48, '∂', 'λ≠թ (temporal≠logical)', 6);
INSERT INTO operator_definition_lines (id, operator_id, prefix, content, line_order) VALUES (478, 48, '∂', 'λ≠ delays (behavioral≠symbolic)', 7);
INSERT INTO operator_definition_lines (id, operator_id, prefix, content, line_order) VALUES (479, 48, '∂', 'λ measures pattern∘time|թ measures internal logic', 8);
INSERT INTO operator_definition_lines (id, operator_id, prefix, content, line_order) VALUES (480, 48, '⊛', 'λ diagnostic (λ∉ω ∧ λ∉μ)', 9);
INSERT INTO operator_definition_lines (id, operator_id, prefix, content, line_order) VALUES (481, 48, '⊛', 'λ1→erratic∧unpredictable', 10);
INSERT INTO operator_definition_lines (id, operator_id, prefix, content, line_order) VALUES (482, 48, '⊛', 'λ9→stable∧reliable', 11);
INSERT INTO operator_definition_lines (id, operator_id, prefix, content, line_order) VALUES (483, 48, '⊛', 'λ⊧𝀏', 12);
INSERT INTO operator_definition_lines (id, operator_id, prefix, content, line_order) VALUES (484, 48, '⊛', 'λ9→⌺', 13);
INSERT INTO operator_definition_lines (id, operator_id, prefix, content, line_order) VALUES (485, 48, '⊛', 'λ1→Ց9', 14);
INSERT INTO operator_definition_lines (id, operator_id, prefix, content, line_order) VALUES (486, 48, '⊛', '⋯∈λ1 (questions indicate inconsistency)', 15);
INSERT INTO operator_definition_lines (id, operator_id, prefix, content, line_order) VALUES (487, 48, '⊢', 'λ9 ⊢ ⟟ reliable ⊢ ◇planning', 16);
INSERT INTO operator_definition_lines (id, operator_id, prefix, content, line_order) VALUES (488, 48, '⊢', 'λ1 ⊢ ¬⟟ ⊢ reactive უ planning', 17);
INSERT INTO operator_definition_lines (id, operator_id, prefix, content, line_order) VALUES (489, 48, '⊢', 'λ⊰θ extension', 18);
INSERT INTO operator_definition_lines (id, operator_id, prefix, content, line_order) VALUES (490, 48, '⟷', 'λ⟷𝀏', 19);
INSERT INTO operator_definition_lines (id, operator_id, prefix, content, line_order) VALUES (491, 48, '⟷', 'λ⁻¹∝Ց', 20);
INSERT INTO operator_definition_lines (id, operator_id, prefix, content, line_order) VALUES (492, 48, '⟷', 'λ⟷⌺', 21);
INSERT INTO operator_definition_lines (id, operator_id, prefix, content, line_order) VALUES (493, 48, '⟷', 'λ⟷θ', 22);
INSERT INTO operators (id, symbol, name, module_id, category_id) VALUES (49, 'ϕ', 'flux', 2, 10);
INSERT INTO symbols (symbol, codepoint, symbol_type, name) VALUES ('ϕ', 'U+03D5', 'operator', 'flux');
INSERT INTO operator_definition_lines (id, operator_id, prefix, content, line_order) VALUES (494, 49, '≡', 'flux', 1);
INSERT INTO operator_definition_lines (id, operator_id, prefix, content, line_order) VALUES (495, 49, '≡', 'flow_state_measure', 2);
INSERT INTO operator_definition_lines (id, operator_id, prefix, content, line_order) VALUES (496, 49, '≝', 'dynamic fluidity', 3);
INSERT INTO operator_definition_lines (id, operator_id, prefix, content, line_order) VALUES (497, 49, '≝', 'diagnostic', 4);
INSERT INTO operator_definition_lines (id, operator_id, prefix, content, line_order) VALUES (498, 49, '⊡', '1≡blocked|5≡moving|9≡flowing', 5);
INSERT INTO operator_definition_lines (id, operator_id, prefix, content, line_order) VALUES (499, 49, '∂', 'ϕ≠𝀾 (ϕ measures|𝀾 names)', 6);
INSERT INTO operator_definition_lines (id, operator_id, prefix, content, line_order) VALUES (500, 49, '∂', 'ϕ≠ε (general≠purposive)', 7);
INSERT INTO operator_definition_lines (id, operator_id, prefix, content, line_order) VALUES (501, 49, '∂', 'ϕ diagnostic|ε teleological', 8);
INSERT INTO operator_definition_lines (id, operator_id, prefix, content, line_order) VALUES (502, 49, '⊛', 'ϕ diagnostic (ϕ∉ω ∧ ϕ∉μ)', 9);
INSERT INTO operator_definition_lines (id, operator_id, prefix, content, line_order) VALUES (503, 49, '⊛', 'ϕ1→blocked∧stagnant', 10);
INSERT INTO operator_definition_lines (id, operator_id, prefix, content, line_order) VALUES (504, 49, '⊛', 'ϕ9→flowing∧dynamic', 11);
INSERT INTO operator_definition_lines (id, operator_id, prefix, content, line_order) VALUES (505, 49, '⊛', 'ϕ measures 𝀾', 12);
INSERT INTO operator_definition_lines (id, operator_id, prefix, content, line_order) VALUES (506, 49, '⊛', 'ϕ1→𝁆 risk', 13);
INSERT INTO operator_definition_lines (id, operator_id, prefix, content, line_order) VALUES (507, 49, '⊛', 'ϕ9→𝀷 active', 14);
INSERT INTO operator_definition_lines (id, operator_id, prefix, content, line_order) VALUES (508, 49, '⊢', 'ϕ9 ⊢ momentum ⊢ 𝀾', 15);
INSERT INTO operator_definition_lines (id, operator_id, prefix, content, line_order) VALUES (509, 49, '⊢', 'ϕ1 ⊢ stagnation ⊢ 𝁆 risk', 16);
INSERT INTO operator_definition_lines (id, operator_id, prefix, content, line_order) VALUES (510, 49, '⊢', 'ϕ◻γ', 17);
INSERT INTO operator_definition_lines (id, operator_id, prefix, content, line_order) VALUES (511, 49, '⟷', 'ϕ⟷𝀾', 18);
INSERT INTO operator_definition_lines (id, operator_id, prefix, content, line_order) VALUES (512, 49, '⟷', 'ϕ⟷γ', 19);
INSERT INTO operator_definition_lines (id, operator_id, prefix, content, line_order) VALUES (513, 49, '⟷', 'ϕ⟷δ (δ⁻¹∝ϕ)', 20);
INSERT INTO operator_definition_lines (id, operator_id, prefix, content, line_order) VALUES (514, 49, '⟷', 'ϕ⟷ε', 21);
INSERT INTO operators (id, symbol, name, module_id, category_id) VALUES (50, 'γ', 'capacity', 2, 10);
INSERT INTO symbols (symbol, codepoint, symbol_type, name) VALUES ('γ', 'U+03B3', 'operator', 'capacity');
INSERT INTO operator_definition_lines (id, operator_id, prefix, content, line_order) VALUES (515, 50, '≡', 'capacity', 1);
INSERT INTO operator_definition_lines (id, operator_id, prefix, content, line_order) VALUES (516, 50, '≡', 'energy_reserve', 2);
INSERT INTO operator_definition_lines (id, operator_id, prefix, content, line_order) VALUES (517, 50, '≝', 'resource availability', 3);
INSERT INTO operator_definition_lines (id, operator_id, prefix, content, line_order) VALUES (518, 50, '≝', 'diagnostic', 4);
INSERT INTO operator_definition_lines (id, operator_id, prefix, content, line_order) VALUES (519, 50, '⊡', '1≡depleted|5≡adequate|9≡abundant', 5);
INSERT INTO operator_definition_lines (id, operator_id, prefix, content, line_order) VALUES (520, 50, '∂', 'γ≠Լ (energy≠duration)', 6);
INSERT INTO operator_definition_lines (id, operator_id, prefix, content, line_order) VALUES (521, 50, '∂', 'γ≠ε (having≠using)', 7);
INSERT INTO operator_definition_lines (id, operator_id, prefix, content, line_order) VALUES (522, 50, '∂', 'γ≠ϕ (reserve≠flow)', 8);
INSERT INTO operator_definition_lines (id, operator_id, prefix, content, line_order) VALUES (523, 50, '⊛', 'γ diagnostic (γ∉ω ∧ γ∉μ)', 9);
INSERT INTO operator_definition_lines (id, operator_id, prefix, content, line_order) VALUES (524, 50, '⊛', 'γ1→depleted∧exhausted', 10);
INSERT INTO operator_definition_lines (id, operator_id, prefix, content, line_order) VALUES (525, 50, '⊛', 'γ9→energized∧capable', 11);
INSERT INTO operator_definition_lines (id, operator_id, prefix, content, line_order) VALUES (526, 50, '⊛', 'γ⤋→𝁆', 12);
INSERT INTO operator_definition_lines (id, operator_id, prefix, content, line_order) VALUES (527, 50, '⊛', 'γ constrains ε ceiling', 13);
INSERT INTO operator_definition_lines (id, operator_id, prefix, content, line_order) VALUES (528, 50, '⊛', 'γ⊰ϕ', 14);
INSERT INTO operator_definition_lines (id, operator_id, prefix, content, line_order) VALUES (529, 50, '⊛', 'δ9∧ς9→γ⤋', 15);
INSERT INTO operator_definition_lines (id, operator_id, prefix, content, line_order) VALUES (530, 50, '⊢', 'γ9 ⊢ sustained performance ⊢ resilience', 16);
INSERT INTO operator_definition_lines (id, operator_id, prefix, content, line_order) VALUES (531, 50, '⊢', 'γ1 ⊢ ¬◇ε ⊢ 𝁆 imminent', 17);
INSERT INTO operator_definition_lines (id, operator_id, prefix, content, line_order) VALUES (532, 50, '⊢', 'γ⊰ε⊰ϕ', 18);
INSERT INTO operator_definition_lines (id, operator_id, prefix, content, line_order) VALUES (533, 50, '⟷', 'γ⟷ε (γ bounds ε)', 19);
INSERT INTO operator_definition_lines (id, operator_id, prefix, content, line_order) VALUES (534, 50, '⟷', 'γ⟷ϕ (γ⊰ϕ)', 20);
INSERT INTO operator_definition_lines (id, operator_id, prefix, content, line_order) VALUES (535, 50, '⟷', 'γ⟷δ (δ→γ⤋)', 21);
INSERT INTO operator_definition_lines (id, operator_id, prefix, content, line_order) VALUES (536, 50, '⟷', 'γ⟷𝁆', 22);
INSERT INTO operator_definition_lines (id, operator_id, prefix, content, line_order) VALUES (537, 50, '⟷', 'γ⟷Լ', 23);
INSERT INTO operators (id, symbol, name, module_id, category_id) VALUES (51, '⊱', 'follows_resulting', 2, 11);
INSERT INTO symbols (symbol, codepoint, symbol_type, name) VALUES ('⊱', 'U+22B1', 'operator', 'follows_resulting');
INSERT INTO operator_definition_lines (id, operator_id, prefix, content, line_order) VALUES (538, 51, '≡', 'follows_resulting', 1);
INSERT INTO operator_definition_lines (id, operator_id, prefix, content, line_order) VALUES (539, 51, '≡', 'emergent_causation', 2);
INSERT INTO operator_definition_lines (id, operator_id, prefix, content, line_order) VALUES (540, 51, '≝', 'consequential temporal flow', 3);
INSERT INTO operator_definition_lines (id, operator_id, prefix, content, line_order) VALUES (541, 51, '≝', 'resultant emergence through time', 4);
INSERT INTO operator_definition_lines (id, operator_id, prefix, content, line_order) VALUES (542, 51, '⊛', 'action⊱reality', 5);
INSERT INTO operator_definition_lines (id, operator_id, prefix, content, line_order) VALUES (543, 51, '⊛', '⟟⊱confirmation', 6);
INSERT INTO operator_definition_lines (id, operator_id, prefix, content, line_order) VALUES (544, 51, '⊛', '⊱ emerges_from', 7);
INSERT INTO operator_definition_lines (id, operator_id, prefix, content, line_order) VALUES (545, 51, '⊛', '𝀕⊱⧈', 8);
INSERT INTO operator_definition_lines (id, operator_id, prefix, content, line_order) VALUES (546, 51, '⊛', '𝄃⊱⌂', 9);
INSERT INTO operator_definition_lines (id, operator_id, prefix, content, line_order) VALUES (547, 51, '⊛', '𝀺⊱◬', 10);
INSERT INTO operator_definition_lines (id, operator_id, prefix, content, line_order) VALUES (548, 51, '∂', '⊱≠≻ resultant_not_sequential', 11);
INSERT INTO operator_definition_lines (id, operator_id, prefix, content, line_order) VALUES (549, 51, '∂', '¬mere temporal succession', 12);
INSERT INTO operator_definition_lines (id, operator_id, prefix, content, line_order) VALUES (550, 51, '∂', 'requires causal emergence', 13);
INSERT INTO operator_definition_lines (id, operator_id, prefix, content, line_order) VALUES (551, 51, '⊢', 'Causal action ⊢ ⊱ resulting state ⊢ temporal emergence', 14);
INSERT INTO operators (id, symbol, name, module_id, category_id) VALUES (52, '□', 'always', 2, 9);
INSERT INTO symbols (symbol, codepoint, symbol_type, name) VALUES ('□', 'U+25A1', 'operator', 'always');
INSERT INTO operator_definition_lines (id, operator_id, prefix, content, line_order) VALUES (552, 52, '≡', 'always', 1);
INSERT INTO operator_definition_lines (id, operator_id, prefix, content, line_order) VALUES (553, 52, '≡', 'invariant condition', 2);
INSERT INTO operator_definition_lines (id, operator_id, prefix, content, line_order) VALUES (554, 52, '≝', 'necessary truth', 3);
INSERT INTO operator_definition_lines (id, operator_id, prefix, content, line_order) VALUES (555, 52, '≝', 'universal constraint', 4);
INSERT INTO operator_definition_lines (id, operator_id, prefix, content, line_order) VALUES (556, 52, '∂', '¬◇ (eventual/possible)', 5);
INSERT INTO operator_definition_lines (id, operator_id, prefix, content, line_order) VALUES (557, 52, '∂', '¬◻ (contextual necessity)', 6);
INSERT INTO operator_definition_lines (id, operator_id, prefix, content, line_order) VALUES (558, 52, '∂', 'absolute invariance', 7);
INSERT INTO operator_definition_lines (id, operator_id, prefix, content, line_order) VALUES (559, 52, '⊛', '□ mandatory requirements', 8);
INSERT INTO operator_definition_lines (id, operator_id, prefix, content, line_order) VALUES (560, 52, '⊛', '□ immutable properties', 9);
INSERT INTO operator_definition_lines (id, operator_id, prefix, content, line_order) VALUES (561, 52, '⊛', '□ validation assertions', 10);
INSERT INTO operator_definition_lines (id, operator_id, prefix, content, line_order) VALUES (562, 52, '⊢', '□ properties must hold in all states', 11);
INSERT INTO operators (id, symbol, name, module_id, category_id) VALUES (53, '◇', 'eventually', 2, 9);
INSERT INTO symbols (symbol, codepoint, symbol_type, name) VALUES ('◇', 'U+25C7', 'operator', 'eventually');
INSERT INTO operator_definition_lines (id, operator_id, prefix, content, line_order) VALUES (563, 53, '≡', 'eventually', 1);
INSERT INTO operator_definition_lines (id, operator_id, prefix, content, line_order) VALUES (564, 53, '≡', 'future possibility', 2);
INSERT INTO operator_definition_lines (id, operator_id, prefix, content, line_order) VALUES (565, 53, '≝', 'temporal achievement', 3);
INSERT INTO operator_definition_lines (id, operator_id, prefix, content, line_order) VALUES (566, 53, '≝', 'goal realization', 4);
INSERT INTO operator_definition_lines (id, operator_id, prefix, content, line_order) VALUES (567, 53, '⊛', '◇ workflow completion', 5);
INSERT INTO operator_definition_lines (id, operator_id, prefix, content, line_order) VALUES (568, 53, '⊛', '◇ validation goals', 6);
INSERT INTO operator_definition_lines (id, operator_id, prefix, content, line_order) VALUES (569, 53, '⊛', '◇ eventual consistency', 7);
INSERT INTO operator_definition_lines (id, operator_id, prefix, content, line_order) VALUES (570, 53, '∂', '¬□ (immediate/always)', 8);
INSERT INTO operator_definition_lines (id, operator_id, prefix, content, line_order) VALUES (571, 53, '∂', 'temporal progression required', 9);
INSERT INTO operators (id, symbol, name, module_id, category_id) VALUES (54, '≺', 'precedes', 2, 9);
INSERT INTO symbols (symbol, codepoint, symbol_type, name) VALUES ('≺', 'U+227A', 'operator', 'precedes');
INSERT INTO operator_definition_lines (id, operator_id, prefix, content, line_order) VALUES (572, 54, '≡', 'precedes', 1);
INSERT INTO operator_definition_lines (id, operator_id, prefix, content, line_order) VALUES (573, 54, '≡', 'ordered before', 2);
INSERT INTO operator_definition_lines (id, operator_id, prefix, content, line_order) VALUES (574, 54, '≝', 'sequential ordering', 3);
INSERT INTO operator_definition_lines (id, operator_id, prefix, content, line_order) VALUES (575, 54, '≝', 'temporal precedence', 4);
INSERT INTO operator_definition_lines (id, operator_id, prefix, content, line_order) VALUES (576, 54, '∂', '¬⊰ (causal enabling)', 5);
INSERT INTO operator_definition_lines (id, operator_id, prefix, content, line_order) VALUES (577, 54, '∂', '¬→ (logical implication)', 6);
INSERT INTO operator_definition_lines (id, operator_id, prefix, content, line_order) VALUES (578, 54, '∂', 'simple ordering only', 7);
INSERT INTO operator_definition_lines (id, operator_id, prefix, content, line_order) VALUES (579, 54, '⊛', 'workflow stages (○₁≺○₂≺○₃)', 8);
INSERT INTO operator_definition_lines (id, operator_id, prefix, content, line_order) VALUES (580, 54, '⊛', '≺ chains', 9);
INSERT INTO operator_definition_lines (id, operator_id, prefix, content, line_order) VALUES (581, 54, '⊛', 'process dependencies', 10);
INSERT INTO operators (id, symbol, name, module_id, category_id) VALUES (55, '≻', 'succeeds', 2, 9);
INSERT INTO symbols (symbol, codepoint, symbol_type, name) VALUES ('≻', 'U+227B', 'operator', 'succeeds');
INSERT INTO operator_definition_lines (id, operator_id, prefix, content, line_order) VALUES (582, 55, '≡', 'succeeds', 1);
INSERT INTO operator_definition_lines (id, operator_id, prefix, content, line_order) VALUES (583, 55, '≡', 'ordered after', 2);
INSERT INTO operator_definition_lines (id, operator_id, prefix, content, line_order) VALUES (584, 55, '≝', 'sequential succession', 3);
INSERT INTO operator_definition_lines (id, operator_id, prefix, content, line_order) VALUES (585, 55, '≝', 'temporal following', 4);
INSERT INTO operator_definition_lines (id, operator_id, prefix, content, line_order) VALUES (586, 55, '∂', '¬(A≺B) ≡ (B≻A)', 5);
INSERT INTO operator_definition_lines (id, operator_id, prefix, content, line_order) VALUES (587, 55, '∂', 'inverse of ≺', 6);
INSERT INTO operator_definition_lines (id, operator_id, prefix, content, line_order) VALUES (588, 55, '⊛', 'deployment≻testing ∧ parent≻child lifecycle ∧ future≻present', 7);
INSERT INTO operator_definition_lines (id, operator_id, prefix, content, line_order) VALUES (589, 55, '⊛', 'lifecycle stages where parent≻child necessarily holds', 8);
INSERT INTO operator_definition_lines (id, operator_id, prefix, content, line_order) VALUES (590, 55, '⊢', 'A≺B ⊢ B≻A ⊢ temporal ordering consistency', 9);
INSERT INTO operators (id, symbol, name, module_id, category_id) VALUES (56, '⟟', 'prediction', 2, 9);
INSERT INTO symbols (symbol, codepoint, symbol_type, name) VALUES ('⟟', 'U+27DF', 'operator', 'prediction');
INSERT INTO operator_definition_lines (id, operator_id, prefix, content, line_order) VALUES (591, 56, '≡', 'prediction', 1);
INSERT INTO operator_definition_lines (id, operator_id, prefix, content, line_order) VALUES (592, 56, '≡', 'anticipatory_projection', 2);
INSERT INTO operator_definition_lines (id, operator_id, prefix, content, line_order) VALUES (593, 56, '≝', 'future state modeling', 3);
INSERT INTO operator_definition_lines (id, operator_id, prefix, content, line_order) VALUES (594, 56, '≝', 'expectation formation', 4);
INSERT INTO operator_definition_lines (id, operator_id, prefix, content, line_order) VALUES (595, 56, '⊡', 'Փ8Ե7', 5);
INSERT INTO operator_definition_lines (id, operator_id, prefix, content, line_order) VALUES (596, 56, '⊛', '⟟→future_state', 6);
INSERT INTO operator_definition_lines (id, operator_id, prefix, content, line_order) VALUES (597, 56, '⊛', 'model⟟outcome', 7);
INSERT INTO operator_definition_lines (id, operator_id, prefix, content, line_order) VALUES (598, 56, '⊛', '⟟⥅𝀞_perception', 8);
INSERT INTO operator_definition_lines (id, operator_id, prefix, content, line_order) VALUES (599, 56, '⊛', 'expectation⟟𝀕⟟result', 9);
INSERT INTO operator_definition_lines (id, operator_id, prefix, content, line_order) VALUES (600, 56, '⊛', '⟟→⟚ when 𝄎', 10);
INSERT INTO operator_definition_lines (id, operator_id, prefix, content, line_order) VALUES (601, 56, '⊛', '⟟→⛣ performative', 11);
INSERT INTO operator_definition_lines (id, operator_id, prefix, content, line_order) VALUES (602, 56, '⊛', '⟟ 𝀐 what it predicts', 12);
INSERT INTO operator_definition_lines (id, operator_id, prefix, content, line_order) VALUES (603, 56, '⊢', '⟟⊱confirmation (prediction results in confirmation)', 13);
INSERT INTO operators (id, symbol, name, module_id, category_id) VALUES (57, '𝄃', 'repeats', 2, 9);
INSERT INTO symbols (symbol, codepoint, symbol_type, name) VALUES ('𝄃', 'U+1D103', 'operator', 'repeats');
INSERT INTO operator_definition_lines (id, operator_id, prefix, content, line_order) VALUES (604, 57, '≡', 'repeats', 1);
INSERT INTO operator_definition_lines (id, operator_id, prefix, content, line_order) VALUES (605, 57, '≡', 'iterates_pattern', 2);
INSERT INTO operator_definition_lines (id, operator_id, prefix, content, line_order) VALUES (606, 57, '≝', 'temporal iteration', 3);
INSERT INTO operator_definition_lines (id, operator_id, prefix, content, line_order) VALUES (607, 57, '≝', 'pattern recurrence', 4);
INSERT INTO operator_definition_lines (id, operator_id, prefix, content, line_order) VALUES (608, 57, '⊡', 'Ր7Փ6', 5);
INSERT INTO operator_definition_lines (id, operator_id, prefix, content, line_order) VALUES (609, 57, '⊛', 'performativity via 𝄃', 6);
INSERT INTO operator_definition_lines (id, operator_id, prefix, content, line_order) VALUES (610, 57, '⊛', '𝄃 𝆌 ⧈', 7);
INSERT INTO operator_definition_lines (id, operator_id, prefix, content, line_order) VALUES (611, 57, '⊛', 'ritual 𝄃', 8);
INSERT INTO operator_definition_lines (id, operator_id, prefix, content, line_order) VALUES (612, 57, '⊛', '𝄃→sedimentation', 9);
INSERT INTO operator_definition_lines (id, operator_id, prefix, content, line_order) VALUES (613, 57, '⊛', '⌂ formed by 𝄃', 10);
INSERT INTO operator_definition_lines (id, operator_id, prefix, content, line_order) VALUES (614, 57, '⊛', '𝄃→⚘Judith Butler_gender', 11);
INSERT INTO operator_definition_lines (id, operator_id, prefix, content, line_order) VALUES (615, 57, '⊢', '𝄃⊱⌂ (repetition results in infrastructure)', 12);
INSERT INTO operators (id, symbol, name, module_id, category_id) VALUES (58, '⬡', 'simultaneous', 2, 9);
INSERT INTO symbols (symbol, codepoint, symbol_type, name) VALUES ('⬡', 'U+2B21', 'operator', 'simultaneous');
INSERT INTO operator_definition_lines (id, operator_id, prefix, content, line_order) VALUES (616, 58, '≡', 'simultaneous', 1);
INSERT INTO operator_definition_lines (id, operator_id, prefix, content, line_order) VALUES (617, 58, '≡', 'concurrent', 2);
INSERT INTO operator_definition_lines (id, operator_id, prefix, content, line_order) VALUES (618, 58, '≝', 'temporal co-occurrence', 3);
INSERT INTO operator_definition_lines (id, operator_id, prefix, content, line_order) VALUES (619, 58, '≝', 'synchronic relation', 4);
INSERT INTO operator_definition_lines (id, operator_id, prefix, content, line_order) VALUES (620, 58, '⊛', '⧈⬡reality', 5);
INSERT INTO operator_definition_lines (id, operator_id, prefix, content, line_order) VALUES (621, 58, '⊛', 'naming⬡existence', 6);
INSERT INTO operator_definition_lines (id, operator_id, prefix, content, line_order) VALUES (622, 58, '⊛', '⬡ co_constitutive', 7);
INSERT INTO operator_definition_lines (id, operator_id, prefix, content, line_order) VALUES (623, 58, '⊛', 'model⬡world', 8);
INSERT INTO operator_definition_lines (id, operator_id, prefix, content, line_order) VALUES (624, 58, '⊛', 'observer⬡observed⬡', 9);
INSERT INTO operator_definition_lines (id, operator_id, prefix, content, line_order) VALUES (625, 58, '⊛', '𝀔⬡𝀕', 10);
INSERT INTO operator_definition_lines (id, operator_id, prefix, content, line_order) VALUES (626, 58, '⊛', '⛫⬡subjects', 11);
INSERT INTO operator_definition_lines (id, operator_id, prefix, content, line_order) VALUES (627, 58, '∂', '¬sequential', 12);
INSERT INTO operator_definition_lines (id, operator_id, prefix, content, line_order) VALUES (628, 58, '∂', '¬causal priority', 13);
INSERT INTO operator_definition_lines (id, operator_id, prefix, content, line_order) VALUES (629, 58, '∂', 'mutual co-presence', 14);
INSERT INTO operators (id, symbol, name, module_id, category_id) VALUES (59, '⏣', 'state', 2, 9);
INSERT INTO symbols (symbol, codepoint, symbol_type, name) VALUES ('⏣', 'U+23E3', 'operator', 'state');
INSERT INTO operator_definition_lines (id, operator_id, prefix, content, line_order) VALUES (630, 59, '≡', 'state', 1);
INSERT INTO operator_definition_lines (id, operator_id, prefix, content, line_order) VALUES (631, 59, '≡', 'process_state', 2);
INSERT INTO operator_definition_lines (id, operator_id, prefix, content, line_order) VALUES (632, 59, '≝', 'workflow position', 3);
INSERT INTO operator_definition_lines (id, operator_id, prefix, content, line_order) VALUES (633, 59, '≝', 'current condition', 4);
INSERT INTO operator_definition_lines (id, operator_id, prefix, content, line_order) VALUES (634, 59, '⊡', 'Ր9Լ8խ6', 5);
INSERT INTO operator_definition_lines (id, operator_id, prefix, content, line_order) VALUES (635, 59, '⊛', 'ნ⏣∈∘workflow_chain', 6);
INSERT INTO operator_definition_lines (id, operator_id, prefix, content, line_order) VALUES (636, 59, '⊛', '○(⏣)→○⏣', 7);
INSERT INTO operator_definition_lines (id, operator_id, prefix, content, line_order) VALUES (637, 59, '⊛', '⏣=position', 8);
INSERT INTO operator_definition_lines (id, operator_id, prefix, content, line_order) VALUES (638, 59, '⊛', 'track ⏣ through session', 9);
INSERT INTO operator_definition_lines (id, operator_id, prefix, content, line_order) VALUES (639, 59, '⊛', '⑀⏣ (meta markers track state)', 10);
INSERT INTO operator_definition_lines (id, operator_id, prefix, content, line_order) VALUES (640, 59, '⊢', '⏣ state ⊢ position tracking ⊢ workflow progression', 11);
INSERT INTO operators (id, symbol, name, module_id, category_id) VALUES (60, '⟲', 'feedback_loop', 2, 11);
INSERT INTO symbols (symbol, codepoint, symbol_type, name) VALUES ('⟲', 'U+27F2', 'operator', 'feedback_loop');
INSERT INTO operator_definition_lines (id, operator_id, prefix, content, line_order) VALUES (641, 60, '≡', 'feedback_loop', 1);
INSERT INTO operator_definition_lines (id, operator_id, prefix, content, line_order) VALUES (642, 60, '≡', 'circular_causation', 2);
INSERT INTO operator_definition_lines (id, operator_id, prefix, content, line_order) VALUES (643, 60, '≝', 'output→input cycle', 3);
INSERT INTO operator_definition_lines (id, operator_id, prefix, content, line_order) VALUES (644, 60, '≝', 'self-reinforcing process', 4);
INSERT INTO operator_definition_lines (id, operator_id, prefix, content, line_order) VALUES (645, 60, '⊡', 'Ր9Տ8', 5);
INSERT INTO operator_definition_lines (id, operator_id, prefix, content, line_order) VALUES (646, 60, '⊛', '⟟→outcome⟲⟟', 6);
INSERT INTO operator_definition_lines (id, operator_id, prefix, content, line_order) VALUES (647, 60, '⊛', '⧈→𝀕⟲⧈', 7);
INSERT INTO operator_definition_lines (id, operator_id, prefix, content, line_order) VALUES (648, 60, '⊛', '⟲ amplifies initial_conditions', 8);
INSERT INTO operator_definition_lines (id, operator_id, prefix, content, line_order) VALUES (649, 60, '⊛', 'market⟲sentiment⟲price', 9);
INSERT INTO operator_definition_lines (id, operator_id, prefix, content, line_order) VALUES (650, 60, '⊛', 'social_reality⟲', 10);
INSERT INTO operator_definition_lines (id, operator_id, prefix, content, line_order) VALUES (651, 60, '⊛', '⟲ 𝀖 𝀺→◬', 11);
INSERT INTO operator_definition_lines (id, operator_id, prefix, content, line_order) VALUES (652, 60, '⊛', '⟲ can 𝀶 or 𝆌', 12);
INSERT INTO operator_definition_lines (id, operator_id, prefix, content, line_order) VALUES (653, 60, '⊛', '◈⊰⟡⊰◈ (projects spawn ideas spawn projects)', 13);
INSERT INTO operator_definition_lines (id, operator_id, prefix, content, line_order) VALUES (654, 60, '⊢', '⟲ ⊢ non-linear dynamics ⊢ emergent behavior', 14);
INSERT INTO operators (id, symbol, name, module_id, category_id) VALUES (61, '⟖', 'recursive_process', 2, 11);
INSERT INTO symbols (symbol, codepoint, symbol_type, name) VALUES ('⟖', 'U+27D6', 'operator', 'recursive_process');
INSERT INTO operator_definition_lines (id, operator_id, prefix, content, line_order) VALUES (655, 61, '≡', 'recursive_process', 1);
INSERT INTO operator_definition_lines (id, operator_id, prefix, content, line_order) VALUES (656, 61, '≡', 'self_application', 2);
INSERT INTO operator_definition_lines (id, operator_id, prefix, content, line_order) VALUES (657, 61, '≝', 'function applied to own output', 3);
INSERT INTO operator_definition_lines (id, operator_id, prefix, content, line_order) VALUES (658, 61, '≝', 'self-generating structure', 4);
INSERT INTO operator_definition_lines (id, operator_id, prefix, content, line_order) VALUES (659, 61, '⊡', 'Ր9Տ8', 5);
INSERT INTO operator_definition_lines (id, operator_id, prefix, content, line_order) VALUES (660, 61, '⊛', 'definition⟖self_reference⟖definition', 6);
INSERT INTO operator_definition_lines (id, operator_id, prefix, content, line_order) VALUES (661, 61, '⊛', '⟖ generates_complexity', 7);
INSERT INTO operator_definition_lines (id, operator_id, prefix, content, line_order) VALUES (662, 61, '⊛', 'language⟖metalanguage⟖', 8);
INSERT INTO operator_definition_lines (id, operator_id, prefix, content, line_order) VALUES (663, 61, '⊛', 'consciousness⟖self_awareness⟖', 9);
INSERT INTO operator_definition_lines (id, operator_id, prefix, content, line_order) VALUES (664, 61, '⊛', '⟖≈⟳ specialized', 10);
INSERT INTO operator_definition_lines (id, operator_id, prefix, content, line_order) VALUES (665, 61, '⊛', '⟖→𝄎 structures', 11);
INSERT INTO operator_definition_lines (id, operator_id, prefix, content, line_order) VALUES (666, 61, '⊛', '⟖ 𝀙 with each cycle', 12);
INSERT INTO operator_definition_lines (id, operator_id, prefix, content, line_order) VALUES (667, 61, '⊢', '⟖ ⊢ hierarchical complexity ⊢ self-organization', 13);
INSERT INTO operators (id, symbol, name, module_id, category_id) VALUES (62, '𝄎', 'reflexive', 2, 11);
INSERT INTO symbols (symbol, codepoint, symbol_type, name) VALUES ('𝄎', 'U+1D10E', 'operator', 'reflexive');
INSERT INTO operator_definition_lines (id, operator_id, prefix, content, line_order) VALUES (668, 62, '≡', 'reflexive', 1);
INSERT INTO operator_definition_lines (id, operator_id, prefix, content, line_order) VALUES (669, 62, '≡', 'self_referential', 2);
INSERT INTO operator_definition_lines (id, operator_id, prefix, content, line_order) VALUES (670, 62, '≝', 'self-aware structure', 3);
INSERT INTO operator_definition_lines (id, operator_id, prefix, content, line_order) VALUES (671, 62, '≝', 'meta-level observation', 4);
INSERT INTO operator_definition_lines (id, operator_id, prefix, content, line_order) VALUES (672, 62, '⊡', 'Ր8Տ7', 5);
INSERT INTO operator_definition_lines (id, operator_id, prefix, content, line_order) VALUES (673, 62, '⊛', '𝄎 loops→⟗', 6);
INSERT INTO operator_definition_lines (id, operator_id, prefix, content, line_order) VALUES (674, 62, '⊛', '𝄎 prediction→⟚', 7);
INSERT INTO operator_definition_lines (id, operator_id, prefix, content, line_order) VALUES (675, 62, '⊛', '𝄎 awareness 𝀴', 8);
INSERT INTO operator_definition_lines (id, operator_id, prefix, content, line_order) VALUES (676, 62, '⊛', '𝄎 𝀺→complexity', 9);
INSERT INTO operator_definition_lines (id, operator_id, prefix, content, line_order) VALUES (677, 62, '⊛', 'sociology≡𝄎', 10);
INSERT INTO operator_definition_lines (id, operator_id, prefix, content, line_order) VALUES (678, 62, '⊢', '𝄎 ⊢ second-order observation ⊢ systems theory', 11);
INSERT INTO operators (id, symbol, name, module_id, category_id) VALUES (63, '𝀺', 'process', 2, 9);
INSERT INTO symbols (symbol, codepoint, symbol_type, name) VALUES ('𝀺', 'U+1D03A', 'operator', 'process');
INSERT INTO operator_definition_lines (id, operator_id, prefix, content, line_order) VALUES (679, 63, '≡', 'process', 1);
INSERT INTO operator_definition_lines (id, operator_id, prefix, content, line_order) VALUES (680, 63, '≡', 'ongoing_activity', 2);
INSERT INTO operator_definition_lines (id, operator_id, prefix, content, line_order) VALUES (681, 63, '≝', 'temporal unfolding', 3);
INSERT INTO operator_definition_lines (id, operator_id, prefix, content, line_order) VALUES (682, 63, '≝', 'dynamic becoming', 4);
INSERT INTO operator_definition_lines (id, operator_id, prefix, content, line_order) VALUES (683, 63, '⊡', 'Փ9Գ8', 5);
INSERT INTO operator_definition_lines (id, operator_id, prefix, content, line_order) VALUES (684, 63, '⊛', 'reality≡𝀺 not thing', 6);
INSERT INTO operator_definition_lines (id, operator_id, prefix, content, line_order) VALUES (685, 63, '⊛', '⧈ as 𝀺', 7);
INSERT INTO operator_definition_lines (id, operator_id, prefix, content, line_order) VALUES (686, 63, '⊛', '𝀺 ontology→⚘Heraclitus', 8);
INSERT INTO operator_definition_lines (id, operator_id, prefix, content, line_order) VALUES (687, 63, '⊛', '𝀺≫substance', 9);
INSERT INTO operator_definition_lines (id, operator_id, prefix, content, line_order) VALUES (688, 63, '⊛', 'social≡𝀺', 10);
INSERT INTO operator_definition_lines (id, operator_id, prefix, content, line_order) VALUES (689, 63, '⊛', '𝀺→⚘Whitehead_philosophy', 11);
INSERT INTO operator_definition_lines (id, operator_id, prefix, content, line_order) VALUES (690, 63, '⊛', '𝀺⊱◬', 12);
INSERT INTO operator_definition_lines (id, operator_id, prefix, content, line_order) VALUES (691, 63, '⊢', '𝀺 ⊢ becoming over being ⊢ process metaphysics', 13);
INSERT INTO operators (id, symbol, name, module_id, category_id) VALUES (64, '𝀃', 'prehension', 2, 12);
INSERT INTO symbols (symbol, codepoint, symbol_type, name) VALUES ('𝀃', 'U+1D003', 'operator', 'prehension');
INSERT INTO operator_definition_lines (id, operator_id, prefix, content, line_order) VALUES (692, 64, '≡', 'prehension', 1);
INSERT INTO operator_definition_lines (id, operator_id, prefix, content, line_order) VALUES (693, 64, '≡', 'feeling forth', 2);
INSERT INTO operator_definition_lines (id, operator_id, prefix, content, line_order) VALUES (694, 64, '≡', 'vectorial grasping', 3);
INSERT INTO operator_definition_lines (id, operator_id, prefix, content, line_order) VALUES (695, 64, '≝', 'spreading outward', 4);
INSERT INTO operator_definition_lines (id, operator_id, prefix, content, line_order) VALUES (696, 64, '≝', 'selective reaching', 5);
INSERT INTO operator_definition_lines (id, operator_id, prefix, content, line_order) VALUES (697, 64, '≝', 'pre-conscious feeling', 6);
INSERT INTO operator_definition_lines (id, operator_id, prefix, content, line_order) VALUES (698, 64, '≝', 'precedes 𝀷', 7);
INSERT INTO operator_definition_lines (id, operator_id, prefix, content, line_order) VALUES (699, 64, '∂', '¬perception', 8);
INSERT INTO operator_definition_lines (id, operator_id, prefix, content, line_order) VALUES (700, 64, '∂', '¬cognition', 9);
INSERT INTO operator_definition_lines (id, operator_id, prefix, content, line_order) VALUES (701, 64, '∂', '¬single direction', 10);
INSERT INTO operator_definition_lines (id, operator_id, prefix, content, line_order) VALUES (702, 64, '∂', 'requires multiplicity of reach', 11);
INSERT INTO operator_definition_lines (id, operator_id, prefix, content, line_order) VALUES (703, 64, '⊛', 'occasion 𝀃 its world', 12);
INSERT INTO operator_definition_lines (id, operator_id, prefix, content, line_order) VALUES (704, 64, '⊛', 'positive 𝀃 (relevant) ∨ negative 𝀃 (excluded)', 13);
INSERT INTO operator_definition_lines (id, operator_id, prefix, content, line_order) VALUES (705, 64, '⊛', 'both 𝀃 modes→𝀗→occasion unity', 14);
INSERT INTO operator_definition_lines (id, operator_id, prefix, content, line_order) VALUES (706, 64, '⊛', 'vectorial: world→𝀃→occasion', 15);
INSERT INTO operator_definition_lines (id, operator_id, prefix, content, line_order) VALUES (707, 64, '⊛', 'unfurling before 𝀷 pressing', 16);
INSERT INTO operator_definition_lines (id, operator_id, prefix, content, line_order) VALUES (708, 64, '⊛', 'still airborne, not yet gathered', 17);
INSERT INTO operator_definition_lines (id, operator_id, prefix, content, line_order) VALUES (709, 64, '⊛', '𝀃→𝀷→satisfaction', 18);
INSERT INTO operator_definition_lines (id, operator_id, prefix, content, line_order) VALUES (710, 64, '⊛', 'many directions at once', 19);
INSERT INTO operator_definition_lines (id, operator_id, prefix, content, line_order) VALUES (711, 64, '⊛', '𝀷 integrates what 𝀃 gathers', 20);
INSERT INTO operator_definition_lines (id, operator_id, prefix, content, line_order) VALUES (712, 64, '⊛', 'πέταμαι: fly, spread out', 21);
INSERT INTO operator_definition_lines (id, operator_id, prefix, content, line_order) VALUES (713, 64, '⊛', '∀ occasions 𝀃', 22);
INSERT INTO operator_definition_lines (id, operator_id, prefix, content, line_order) VALUES (714, 64, '⊢', 'data gathered ⊢ world felt ⊢ 𝀷 enabled', 23);
INSERT INTO operators (id, symbol, name, module_id, category_id) VALUES (65, '𝀷', 'concrescence', 2, 12);
INSERT INTO symbols (symbol, codepoint, symbol_type, name) VALUES ('𝀷', 'U+1D037', 'operator', 'concrescence');
INSERT INTO operator_definition_lines (id, operator_id, prefix, content, line_order) VALUES (715, 65, '≡', 'concrescence', 1);
INSERT INTO operator_definition_lines (id, operator_id, prefix, content, line_order) VALUES (716, 65, '≡', 'pressing into unity', 2);
INSERT INTO operator_definition_lines (id, operator_id, prefix, content, line_order) VALUES (717, 65, '≝', 'many→one integration', 3);
INSERT INTO operator_definition_lines (id, operator_id, prefix, content, line_order) VALUES (718, 65, '≝', 'felt pressure of becoming', 4);
INSERT INTO operator_definition_lines (id, operator_id, prefix, content, line_order) VALUES (719, 65, '≝', '𝀃 integration', 5);
INSERT INTO operator_definition_lines (id, operator_id, prefix, content, line_order) VALUES (720, 65, '∂', '¬violence', 6);
INSERT INTO operator_definition_lines (id, operator_id, prefix, content, line_order) VALUES (721, 65, '∂', '¬completed satisfaction', 7);
INSERT INTO operator_definition_lines (id, operator_id, prefix, content, line_order) VALUES (722, 65, '∂', '¬mere collection', 8);
INSERT INTO operator_definition_lines (id, operator_id, prefix, content, line_order) VALUES (723, 65, '∂', 'requires weighted relevance', 9);
INSERT INTO operator_definition_lines (id, operator_id, prefix, content, line_order) VALUES (724, 65, '⊛', '𝀃→𝀷→satisfaction', 10);
INSERT INTO operator_definition_lines (id, operator_id, prefix, content, line_order) VALUES (725, 65, '⊛', 'many 𝀷 one', 11);
INSERT INTO operator_definition_lines (id, operator_id, prefix, content, line_order) VALUES (726, 65, '⊛', 'universe leaning on itself', 12);
INSERT INTO operator_definition_lines (id, operator_id, prefix, content, line_order) VALUES (727, 65, '⊛', 'weighted relevance gathering', 13);
INSERT INTO operator_definition_lines (id, operator_id, prefix, content, line_order) VALUES (728, 65, '⊛', '𝀗 lifts contradictions into 𝀷 unity', 14);
INSERT INTO operator_definition_lines (id, operator_id, prefix, content, line_order) VALUES (729, 65, '⊛', '⌻ via 𝀷', 15);
INSERT INTO operator_definition_lines (id, operator_id, prefix, content, line_order) VALUES (730, 65, '⊛', '𝀷 precedes 𝀏', 16);
INSERT INTO operator_definition_lines (id, operator_id, prefix, content, line_order) VALUES (731, 65, '⊛', '∀ actual occasions through 𝀷', 17);
INSERT INTO operator_definition_lines (id, operator_id, prefix, content, line_order) VALUES (732, 65, '⊛', 'πιάζω: grasp, press, seize', 18);
INSERT INTO operator_definition_lines (id, operator_id, prefix, content, line_order) VALUES (733, 65, '⊢', 'unified occasion ⊢ becoming complete', 19);
INSERT INTO operators (id, symbol, name, module_id, category_id) VALUES (66, '𝆌', 'reinforces', 2, 11);
INSERT INTO symbols (symbol, codepoint, symbol_type, name) VALUES ('𝆌', 'U+1D18C', 'operator', 'reinforces');
INSERT INTO operator_definition_lines (id, operator_id, prefix, content, line_order) VALUES (734, 66, '≡', 'reinforces', 1);
INSERT INTO operator_definition_lines (id, operator_id, prefix, content, line_order) VALUES (735, 66, '≡', 'strengthens_pattern', 2);
INSERT INTO operator_definition_lines (id, operator_id, prefix, content, line_order) VALUES (736, 66, '≝', 'feedback reinforcement', 3);
INSERT INTO operator_definition_lines (id, operator_id, prefix, content, line_order) VALUES (737, 66, '≝', 'pattern strengthening through repetition', 4);
INSERT INTO operator_definition_lines (id, operator_id, prefix, content, line_order) VALUES (738, 66, '⊡', 'Փ8Տ7', 5);
INSERT INTO operator_definition_lines (id, operator_id, prefix, content, line_order) VALUES (739, 66, '⊛', '𝄃 𝆌 ⧈', 6);
INSERT INTO operator_definition_lines (id, operator_id, prefix, content, line_order) VALUES (740, 66, '⊛', '⧈→𝀕→𝆌→⧈', 7);
INSERT INTO operator_definition_lines (id, operator_id, prefix, content, line_order) VALUES (741, 66, '⊛', 'usage patterns 𝆌 ⌺', 8);
INSERT INTO operator_definition_lines (id, operator_id, prefix, content, line_order) VALUES (742, 66, '⊛', '⛫ 𝆌 itself', 9);
INSERT INTO operator_definition_lines (id, operator_id, prefix, content, line_order) VALUES (743, 66, '⊛', '⟲ can 𝀶 or 𝆌', 10);
INSERT INTO operator_definition_lines (id, operator_id, prefix, content, line_order) VALUES (744, 66, '⊛', '𝆌 stabilizes patterns', 11);
INSERT INTO operator_definition_lines (id, operator_id, prefix, content, line_order) VALUES (745, 66, '⊛', 'behavior→𝆌→⌂', 12);
INSERT INTO operator_definition_lines (id, operator_id, prefix, content, line_order) VALUES (746, 66, '⊢', '𝆌 reinforcement ⊢ pattern stability ⊢ habitus formation', 13);
INSERT INTO operators (id, symbol, name, module_id, category_id) VALUES (67, '𝀖', 'accelerates', 2, 9);
INSERT INTO symbols (symbol, codepoint, symbol_type, name) VALUES ('𝀖', 'U+1D016', 'operator', 'accelerates');
INSERT INTO operator_definition_lines (id, operator_id, prefix, content, line_order) VALUES (747, 67, '≡', 'accelerates', 1);
INSERT INTO operator_definition_lines (id, operator_id, prefix, content, line_order) VALUES (748, 67, '≡', 'speeds_process', 2);
INSERT INTO operator_definition_lines (id, operator_id, prefix, content, line_order) VALUES (749, 67, '≝', 'temporal acceleration', 3);
INSERT INTO operator_definition_lines (id, operator_id, prefix, content, line_order) VALUES (750, 67, '≝', 'process intensification', 4);
INSERT INTO operator_definition_lines (id, operator_id, prefix, content, line_order) VALUES (751, 67, '⊡', 'Փ8Ց7', 5);
INSERT INTO operator_definition_lines (id, operator_id, prefix, content, line_order) VALUES (752, 67, '⊛', '⟲ 𝀖 𝀺→◬', 6);
INSERT INTO operator_definition_lines (id, operator_id, prefix, content, line_order) VALUES (753, 67, '⊛', '⟚ 𝀖 via media', 7);
INSERT INTO operator_definition_lines (id, operator_id, prefix, content, line_order) VALUES (754, 67, '⊛', 'technology 𝀖 social change', 8);
INSERT INTO operator_definition_lines (id, operator_id, prefix, content, line_order) VALUES (755, 67, '⊛', '𝀖 feedback loops', 9);
INSERT INTO operator_definition_lines (id, operator_id, prefix, content, line_order) VALUES (756, 67, '⊛', 'crisis 𝀖 transformation', 10);
INSERT INTO operator_definition_lines (id, operator_id, prefix, content, line_order) VALUES (757, 67, '⊛', '𝀖 → compressed temporality', 11);
INSERT INTO operator_definition_lines (id, operator_id, prefix, content, line_order) VALUES (758, 67, '⊢', '𝀖 acceleration ⊢ intensified dynamics ⊢ rapid emergence', 12);
INSERT INTO operators (id, symbol, name, module_id, category_id) VALUES (68, '𝁤', 'subverts', 2, 11);
INSERT INTO symbols (symbol, codepoint, symbol_type, name) VALUES ('𝁤', 'U+1D064', 'operator', 'subverts');
INSERT INTO operator_definition_lines (id, operator_id, prefix, content, line_order) VALUES (759, 68, '≡', 'subverts', 1);
INSERT INTO operator_definition_lines (id, operator_id, prefix, content, line_order) VALUES (760, 68, '≡', 'undermines_from_within', 2);
INSERT INTO operator_definition_lines (id, operator_id, prefix, content, line_order) VALUES (761, 68, '≝', 'performative subversion', 3);
INSERT INTO operator_definition_lines (id, operator_id, prefix, content, line_order) VALUES (762, 68, '≝', 'norm undermining through iteration', 4);
INSERT INTO operator_definition_lines (id, operator_id, prefix, content, line_order) VALUES (763, 68, '⊡', 'Ց8Փ7', 5);
INSERT INTO operator_definition_lines (id, operator_id, prefix, content, line_order) VALUES (764, 68, '∂', 'უdirect opposition', 6);
INSERT INTO operator_definition_lines (id, operator_id, prefix, content, line_order) VALUES (765, 68, '∂', 'უexternal attack', 7);
INSERT INTO operator_definition_lines (id, operator_id, prefix, content, line_order) VALUES (766, 68, '∂', 'requires working within structure', 8);
INSERT INTO operator_definition_lines (id, operator_id, prefix, content, line_order) VALUES (767, 68, '⊛', '𝁤 expected_⧈', 9);
INSERT INTO operator_definition_lines (id, operator_id, prefix, content, line_order) VALUES (768, 68, '⊛', 'performative 𝁤', 10);
INSERT INTO operator_definition_lines (id, operator_id, prefix, content, line_order) VALUES (769, 68, '⊛', '⟴ can 𝁤 norms', 11);
INSERT INTO operator_definition_lines (id, operator_id, prefix, content, line_order) VALUES (770, 68, '⊛', '𝁤→new_possibilities', 12);
INSERT INTO operator_definition_lines (id, operator_id, prefix, content, line_order) VALUES (771, 68, '⊛', 'parody 𝁤 original', 13);
INSERT INTO operator_definition_lines (id, operator_id, prefix, content, line_order) VALUES (772, 68, '⊛', '𝁤→⚘Judith Butler_drag', 14);
INSERT INTO operator_definition_lines (id, operator_id, prefix, content, line_order) VALUES (773, 68, '⊢', '𝁤 subversion ⊢ internal undermining ⊢ new possibilities', 15);
INSERT INTO operators (id, symbol, name, module_id, category_id) VALUES (69, 'დ', 'past', 3, 13);
INSERT INTO symbols (symbol, codepoint, symbol_type, name) VALUES ('დ', 'U+10D3', 'operator', 'past');
INSERT INTO operator_definition_lines (id, operator_id, prefix, content, line_order) VALUES (774, 69, '≡', 'past', 1);
INSERT INTO operator_definition_lines (id, operator_id, prefix, content, line_order) VALUES (775, 69, '≡', 'previous state', 2);
INSERT INTO operator_definition_lines (id, operator_id, prefix, content, line_order) VALUES (776, 69, '≝', 'former condition', 3);
INSERT INTO operator_definition_lines (id, operator_id, prefix, content, line_order) VALUES (777, 69, '≝', 'historical reference', 4);
INSERT INTO operator_definition_lines (id, operator_id, prefix, content, line_order) VALUES (778, 69, '⊛', 'დ≡previous_state ∧ ○⁻¹(ნ)=დ ∧ temporal retrospection', 5);
INSERT INTO operator_definition_lines (id, operator_id, prefix, content, line_order) VALUES (779, 69, '∂', '¬ნ', 6);
INSERT INTO operator_definition_lines (id, operator_id, prefix, content, line_order) VALUES (780, 69, '∂', '¬წ', 7);
INSERT INTO operator_definition_lines (id, operator_id, prefix, content, line_order) VALUES (781, 69, '∂', 'completed temporal reference', 8);
INSERT INTO operators (id, symbol, name, module_id, category_id) VALUES (70, 'ნ', 'now', 3, 13);
INSERT INTO symbols (symbol, codepoint, symbol_type, name) VALUES ('ნ', 'U+10DC', 'operator', 'now');
INSERT INTO operator_definition_lines (id, operator_id, prefix, content, line_order) VALUES (782, 70, '≡', 'now', 1);
INSERT INTO operator_definition_lines (id, operator_id, prefix, content, line_order) VALUES (783, 70, '≡', 'temporal_anchor', 2);
INSERT INTO operator_definition_lines (id, operator_id, prefix, content, line_order) VALUES (784, 70, '≝', 'current state', 3);
INSERT INTO operator_definition_lines (id, operator_id, prefix, content, line_order) VALUES (785, 70, '≝', 'present moment', 4);
INSERT INTO operator_definition_lines (id, operator_id, prefix, content, line_order) VALUES (786, 70, '⊛', 'ნ⯐ (current context) ∧ ნ_⌺=currently_stable ∧ session[ნ] temporal anchor', 5);
INSERT INTO operator_definition_lines (id, operator_id, prefix, content, line_order) VALUES (787, 70, '∂', '¬დ', 6);
INSERT INTO operator_definition_lines (id, operator_id, prefix, content, line_order) VALUES (788, 70, '∂', '¬წ', 7);
INSERT INTO operator_definition_lines (id, operator_id, prefix, content, line_order) VALUES (789, 70, '∂', 'absolute present reference', 8);
INSERT INTO operator_definition_lines (id, operator_id, prefix, content, line_order) VALUES (790, 70, '⊢', '○⁻¹(ნ)=დ', 9);
INSERT INTO operator_definition_lines (id, operator_id, prefix, content, line_order) VALUES (791, 70, '⊢', '○(ნ)=წ', 10);
INSERT INTO operator_definition_lines (id, operator_id, prefix, content, line_order) VALUES (792, 70, '⊢', 'ნ is temporal pivot point', 11);
INSERT INTO operators (id, symbol, name, module_id, category_id) VALUES (71, 'წ', 'future', 3, 13);
INSERT INTO symbols (symbol, codepoint, symbol_type, name) VALUES ('წ', 'U+10EC', 'operator', 'future');
INSERT INTO operator_definition_lines (id, operator_id, prefix, content, line_order) VALUES (793, 71, '≡', 'future', 1);
INSERT INTO operator_definition_lines (id, operator_id, prefix, content, line_order) VALUES (794, 71, '≡', 'next state', 2);
INSERT INTO operator_definition_lines (id, operator_id, prefix, content, line_order) VALUES (795, 71, '≝', 'planned condition', 3);
INSERT INTO operator_definition_lines (id, operator_id, prefix, content, line_order) VALUES (796, 71, '≝', 'prospective reference', 4);
INSERT INTO operator_definition_lines (id, operator_id, prefix, content, line_order) VALUES (797, 71, '⊛', '○(ნ)=წ ∧ წ_potential ∧ temporal projection', 5);
INSERT INTO operator_definition_lines (id, operator_id, prefix, content, line_order) VALUES (798, 71, '∂', '¬დ', 6);
INSERT INTO operator_definition_lines (id, operator_id, prefix, content, line_order) VALUES (799, 71, '∂', '¬ნ', 7);
INSERT INTO operator_definition_lines (id, operator_id, prefix, content, line_order) VALUES (800, 71, '∂', 'unrealized temporal reference', 8);
INSERT INTO operator_definition_lines (id, operator_id, prefix, content, line_order) VALUES (801, 71, '◇', '◇(წ→ნ) eventual realization as present', 9);
INSERT INTO operators (id, symbol, name, module_id, category_id) VALUES (72, 'გ', 'grounding', 3, 14);
INSERT INTO symbols (symbol, codepoint, symbol_type, name) VALUES ('გ', 'U+10D2', 'operator', 'grounding');
INSERT INTO operator_definition_lines (id, operator_id, prefix, content, line_order) VALUES (802, 72, '≡', 'grounding', 1);
INSERT INTO operator_definition_lines (id, operator_id, prefix, content, line_order) VALUES (803, 72, '≡', 'implementation', 2);
INSERT INTO operator_definition_lines (id, operator_id, prefix, content, line_order) VALUES (804, 72, '≡', 'concrete', 3);
INSERT INTO operator_definition_lines (id, operator_id, prefix, content, line_order) VALUES (805, 72, '≝', 'abstract→concrete realization', 4);
INSERT INTO operator_definition_lines (id, operator_id, prefix, content, line_order) VALUES (806, 72, '≝', 'actualization', 5);
INSERT INTO operator_definition_lines (id, operator_id, prefix, content, line_order) VALUES (807, 72, '⊛', 'ᛝ→გ⩎ ∧ abstract→გ ∧ ᛝ→გ=actualization', 6);
INSERT INTO operator_definition_lines (id, operator_id, prefix, content, line_order) VALUES (808, 72, '⊢', '∘(⊨,გ)→⩎', 7);
INSERT INTO operator_definition_lines (id, operator_id, prefix, content, line_order) VALUES (809, 72, '⊢', '⊧→გ_manifestation', 8);
INSERT INTO operators (id, symbol, name, module_id, category_id) VALUES (73, 'ო', 'operation', 3, 14);
INSERT INTO symbols (symbol, codepoint, symbol_type, name) VALUES ('ო', 'U+10DD', 'operator', 'operation');
INSERT INTO operator_definition_lines (id, operator_id, prefix, content, line_order) VALUES (810, 73, '≡', 'operation', 1);
INSERT INTO operator_definition_lines (id, operator_id, prefix, content, line_order) VALUES (811, 73, '≡', 'active_transformation', 2);
INSERT INTO operator_definition_lines (id, operator_id, prefix, content, line_order) VALUES (812, 73, '≝', 'transformation process', 3);
INSERT INTO operator_definition_lines (id, operator_id, prefix, content, line_order) VALUES (813, 73, '≝', 'operational execution', 4);
INSERT INTO operator_definition_lines (id, operator_id, prefix, content, line_order) VALUES (814, 73, '⊛', '⩎ო⩎ ∧ ⊟→ო→result ∧ ⊟→ო→resolution', 5);
INSERT INTO operators (id, symbol, name, module_id, category_id) VALUES (74, 'შ', 'shift', 3, 14);
INSERT INTO symbols (symbol, codepoint, symbol_type, name) VALUES ('შ', 'U+10E8', 'operator', 'shift');
INSERT INTO operator_definition_lines (id, operator_id, prefix, content, line_order) VALUES (815, 74, '≡', 'shift', 1);
INSERT INTO operator_definition_lines (id, operator_id, prefix, content, line_order) VALUES (816, 74, '≡', 'structural_rearrangement', 2);
INSERT INTO operator_definition_lines (id, operator_id, prefix, content, line_order) VALUES (817, 74, '≝', 'architectural transformation', 3);
INSERT INTO operator_definition_lines (id, operator_id, prefix, content, line_order) VALUES (818, 74, '≝', 'structural reconfiguration', 4);
INSERT INTO operator_definition_lines (id, operator_id, prefix, content, line_order) VALUES (819, 74, '⊛', 'შ operation=⤇_შ ∧ structural_შ ◻⤇ ∧ შ→new_architecture', 5);
INSERT INTO operator_definition_lines (id, operator_id, prefix, content, line_order) VALUES (820, 74, '⊢', '⩎→შ→⩎''=restructured', 6);
INSERT INTO operators (id, symbol, name, module_id, category_id) VALUES (75, 'უ', 'without', 3, 15);
INSERT INTO symbols (symbol, codepoint, symbol_type, name) VALUES ('უ', 'U+10E3', 'operator', 'without');
INSERT INTO operator_definition_lines (id, operator_id, prefix, content, line_order) VALUES (821, 75, '≡', 'without', 1);
INSERT INTO operator_definition_lines (id, operator_id, prefix, content, line_order) VALUES (822, 75, '≡', 'lacking', 2);
INSERT INTO operator_definition_lines (id, operator_id, prefix, content, line_order) VALUES (823, 75, '≡', 'absence', 3);
INSERT INTO operator_definition_lines (id, operator_id, prefix, content, line_order) VALUES (824, 75, '≝', 'absence marker', 4);
INSERT INTO operator_definition_lines (id, operator_id, prefix, content, line_order) VALUES (825, 75, '≝', 'negation of presence', 5);
INSERT INTO operator_definition_lines (id, operator_id, prefix, content, line_order) VALUES (826, 75, '⊛', 'უℳ ∧ უ⯐ ∧ ∅⥅=no_feedforward ∧ უ⥈=no_interanimation', 6);
INSERT INTO operators (id, symbol, name, module_id, category_id) VALUES (76, 'ჭ', 'source', 3, 15);
INSERT INTO symbols (symbol, codepoint, symbol_type, name) VALUES ('ჭ', 'U+10ED', 'operator', 'source');
INSERT INTO operator_definition_lines (id, operator_id, prefix, content, line_order) VALUES (827, 76, '≡', 'source', 1);
INSERT INTO operator_definition_lines (id, operator_id, prefix, content, line_order) VALUES (828, 76, '≡', 'origin_point', 2);
INSERT INTO operator_definition_lines (id, operator_id, prefix, content, line_order) VALUES (829, 76, '≝', 'semantic wellspring', 3);
INSERT INTO operator_definition_lines (id, operator_id, prefix, content, line_order) VALUES (830, 76, '≝', 'originating point', 4);
INSERT INTO operator_definition_lines (id, operator_id, prefix, content, line_order) VALUES (831, 76, '⊛', 'ჭ→⌻=source→forming ∧ pastჭ↬presentნ ∧ ℳ_ჭ ∧ ჭ=semantic_wellspring', 5);
INSERT INTO operator_definition_lines (id, operator_id, prefix, content, line_order) VALUES (832, 76, '⊢', '⧊ ☊ from ჭ', 6);
INSERT INTO operators (id, symbol, name, module_id, category_id) VALUES (77, '◻', 'necessity_relation', 4, 16);
INSERT INTO symbols (symbol, codepoint, symbol_type, name) VALUES ('◻', 'U+25FB', 'operator', 'necessity_relation');
INSERT INTO operator_definition_lines (id, operator_id, prefix, content, line_order) VALUES (833, 77, '≡', 'necessity relation', 1);
INSERT INTO operator_definition_lines (id, operator_id, prefix, content, line_order) VALUES (834, 77, '≡', 'requirement enforcement', 2);
INSERT INTO operator_definition_lines (id, operator_id, prefix, content, line_order) VALUES (835, 77, '≝', 'mandatory conditions', 3);
INSERT INTO operator_definition_lines (id, operator_id, prefix, content, line_order) VALUES (836, 77, '≝', 'prerequisite validation', 4);
INSERT INTO operator_definition_lines (id, operator_id, prefix, content, line_order) VALUES (837, 77, '⊛', '◻ requirement statements (∀ contexts)', 5);
INSERT INTO operator_definition_lines (id, operator_id, prefix, content, line_order) VALUES (838, 77, '⊛', '◻ constraint expressions', 6);
INSERT INTO operator_definition_lines (id, operator_id, prefix, content, line_order) VALUES (839, 77, '⊢', '◻ constraints must be satisfied before proceeding', 7);
INSERT INTO operators (id, symbol, name, module_id, category_id) VALUES (78, '⊨', 'validation_relation', 4, 16);
INSERT INTO symbols (symbol, codepoint, symbol_type, name) VALUES ('⊨', 'U+22A8', 'operator', 'validation_relation');
INSERT INTO operator_definition_lines (id, operator_id, prefix, content, line_order) VALUES (840, 78, '≡', 'validation relation', 1);
INSERT INTO operator_definition_lines (id, operator_id, prefix, content, line_order) VALUES (841, 78, '≡', 'evidence confirmation', 2);
INSERT INTO operator_definition_lines (id, operator_id, prefix, content, line_order) VALUES (842, 78, '≝', 'proof requirements', 3);
INSERT INTO operator_definition_lines (id, operator_id, prefix, content, line_order) VALUES (843, 78, '≝', 'empirical support', 4);
INSERT INTO operator_definition_lines (id, operator_id, prefix, content, line_order) VALUES (844, 78, '⊛', 'validation assertions (evidence ⊢ claim) ∧ evidence statements', 5);
INSERT INTO operator_definition_lines (id, operator_id, prefix, content, line_order) VALUES (845, 78, '⊛', '≟→⊨ validation chain establishes confidence', 6);
INSERT INTO operators (id, symbol, name, module_id, category_id) VALUES (79, '≫', 'strong_preference', 4, 16);
INSERT INTO symbols (symbol, codepoint, symbol_type, name) VALUES ('≫', 'U+226B', 'operator', 'strong_preference');
INSERT INTO operator_definition_lines (id, operator_id, prefix, content, line_order) VALUES (846, 79, '≡', 'strong preference relation', 1);
INSERT INTO operator_definition_lines (id, operator_id, prefix, content, line_order) VALUES (847, 79, '≡', 'dominance ordering', 2);
INSERT INTO operator_definition_lines (id, operator_id, prefix, content, line_order) VALUES (848, 79, '≝', 'much-greater-than', 3);
INSERT INTO operator_definition_lines (id, operator_id, prefix, content, line_order) VALUES (849, 79, '≝', 'priority enforcement', 4);
INSERT INTO operator_definition_lines (id, operator_id, prefix, content, line_order) VALUES (850, 79, '∂', '¬equality (=)', 5);
INSERT INTO operator_definition_lines (id, operator_id, prefix, content, line_order) VALUES (851, 79, '∂', '¬weak preference (>)', 6);
INSERT INTO operator_definition_lines (id, operator_id, prefix, content, line_order) VALUES (852, 79, '∂', 'categorical dominance required', 7);
INSERT INTO operator_definition_lines (id, operator_id, prefix, content, line_order) VALUES (853, 79, '⊛', '≫ assertions', 8);
INSERT INTO operator_definition_lines (id, operator_id, prefix, content, line_order) VALUES (854, 79, '⊛', 'priority statements (precision≫pollution)', 9);
INSERT INTO operator_definition_lines (id, operator_id, prefix, content, line_order) VALUES (855, 79, '□', 'Design principle: clarity≫ambiguity', 10);
INSERT INTO operator_definition_lines (id, operator_id, prefix, content, line_order) VALUES (856, 79, '□', 'resonance≫force', 11);
INSERT INTO operators (id, symbol, name, module_id, category_id) VALUES (80, '○', 'next_state', 4, 17);
INSERT INTO symbols (symbol, codepoint, symbol_type, name) VALUES ('○', 'U+25CB', 'operator', 'next_state');
INSERT INTO operator_definition_lines (id, operator_id, prefix, content, line_order) VALUES (857, 80, '≡', 'next state', 1);
INSERT INTO operator_definition_lines (id, operator_id, prefix, content, line_order) VALUES (858, 80, '≡', 'temporal successor', 2);
INSERT INTO operator_definition_lines (id, operator_id, prefix, content, line_order) VALUES (859, 80, '≝', 'state machine transitions', 3);
INSERT INTO operator_definition_lines (id, operator_id, prefix, content, line_order) VALUES (860, 80, '≝', 'workflow pipeline sequences', 4);
INSERT INTO operator_definition_lines (id, operator_id, prefix, content, line_order) VALUES (861, 80, '⊛', 'process steps (○₁≺○₂≺○₃)', 5);
INSERT INTO operator_definition_lines (id, operator_id, prefix, content, line_order) VALUES (862, 80, '⊛', 'verification checklists', 6);
INSERT INTO operator_definition_lines (id, operator_id, prefix, content, line_order) VALUES (863, 80, '◇', '◇(○₄) eventual completion', 7);
INSERT INTO operators (id, symbol, name, module_id, category_id) VALUES (81, '⊛', 'pattern_detection', 4, 16);
INSERT INTO symbols (symbol, codepoint, symbol_type, name) VALUES ('⊛', 'U+229B', 'operator', 'pattern_detection');
INSERT INTO operator_definition_lines (id, operator_id, prefix, content, line_order) VALUES (864, 81, '≡', 'pattern detection', 1);
INSERT INTO operator_definition_lines (id, operator_id, prefix, content, line_order) VALUES (865, 81, '≡', 'recognition operation', 2);
INSERT INTO operator_definition_lines (id, operator_id, prefix, content, line_order) VALUES (866, 81, '≝', 'emergent pattern identification', 3);
INSERT INTO operator_definition_lines (id, operator_id, prefix, content, line_order) VALUES (867, 81, '≝', 'recurring form crystallization', 4);
INSERT INTO operator_definition_lines (id, operator_id, prefix, content, line_order) VALUES (868, 81, '⊛', 'usage indicators ∧ detection markers (∃ pattern instances) ∧ application contexts', 5);
INSERT INTO operator_definition_lines (id, operator_id, prefix, content, line_order) VALUES (869, 81, '⊛', 'Noise contains signal requiring ⊛ to extract', 6);
INSERT INTO operators (id, symbol, name, module_id, category_id) VALUES (82, '≟', 'testing_relation', 4, 16);
INSERT INTO symbols (symbol, codepoint, symbol_type, name) VALUES ('≟', 'U+225F', 'operator', 'testing_relation');
INSERT INTO operator_definition_lines (id, operator_id, prefix, content, line_order) VALUES (870, 82, '≡', 'testing relation', 1);
INSERT INTO operator_definition_lines (id, operator_id, prefix, content, line_order) VALUES (871, 82, '≡', 'verification operation', 2);
INSERT INTO operator_definition_lines (id, operator_id, prefix, content, line_order) VALUES (872, 82, '≝', 'assertion questioning', 3);
INSERT INTO operator_definition_lines (id, operator_id, prefix, content, line_order) VALUES (873, 82, '≝', 'discrimination tests', 4);
INSERT INTO operator_definition_lines (id, operator_id, prefix, content, line_order) VALUES (874, 82, '∂', '¬◻ (asserting necessity)', 5);
INSERT INTO operator_definition_lines (id, operator_id, prefix, content, line_order) VALUES (875, 82, '∂', '¬⊢ (proving entailment)', 6);
INSERT INTO operator_definition_lines (id, operator_id, prefix, content, line_order) VALUES (876, 82, '∂', '¬⊨ (validating evidence)', 7);
INSERT INTO operator_definition_lines (id, operator_id, prefix, content, line_order) VALUES (877, 82, '⊛', '≟ type discrimination ∧ ≟ validation queries', 8);
INSERT INTO operator_definition_lines (id, operator_id, prefix, content, line_order) VALUES (878, 82, '⊛', '≟ discovers edge cases ∧ ≟→⊨ validation chain', 9);
INSERT INTO operators (id, symbol, name, module_id, category_id) VALUES (83, '⊟', 'uncertain', 4, 16);
INSERT INTO symbols (symbol, codepoint, symbol_type, name) VALUES ('⊟', 'U+229F', 'operator', 'uncertain');
INSERT INTO operator_definition_lines (id, operator_id, prefix, content, line_order) VALUES (879, 83, '≡', 'uncertain', 1);
INSERT INTO operator_definition_lines (id, operator_id, prefix, content, line_order) VALUES (880, 83, '≡', 'needs_clarification', 2);
INSERT INTO operator_definition_lines (id, operator_id, prefix, content, line_order) VALUES (881, 83, '≝', 'explicit uncertainty marker', 3);
INSERT INTO operator_definition_lines (id, operator_id, prefix, content, line_order) VALUES (882, 83, '≝', 'requires resolution', 4);
INSERT INTO operator_definition_lines (id, operator_id, prefix, content, line_order) VALUES (883, 83, '⊛', '⊟→⌾→clarification workflow', 5);
INSERT INTO operator_definition_lines (id, operator_id, prefix, content, line_order) VALUES (884, 83, '⊛', '⊟ marked explicitly ∧ carried through session', 6);
INSERT INTO operator_definition_lines (id, operator_id, prefix, content, line_order) VALUES (885, 83, '⊛', '⊟→ო→resolution path', 7);
INSERT INTO operators (id, symbol, name, module_id, category_id) VALUES (84, '⊢', 'entails', 4, 18);
INSERT INTO symbols (symbol, codepoint, symbol_type, name) VALUES ('⊢', 'U+22A2', 'operator', 'entails');
INSERT INTO operator_definition_lines (id, operator_id, prefix, content, line_order) VALUES (886, 84, '≡', 'entails', 1);
INSERT INTO operator_definition_lines (id, operator_id, prefix, content, line_order) VALUES (887, 84, '≡', 'proves', 2);
INSERT INTO operator_definition_lines (id, operator_id, prefix, content, line_order) VALUES (888, 84, '≝', 'logical entailment', 3);
INSERT INTO operator_definition_lines (id, operator_id, prefix, content, line_order) VALUES (889, 84, '≝', 'proof validation', 4);
INSERT INTO operator_definition_lines (id, operator_id, prefix, content, line_order) VALUES (890, 84, '⊛', '⊢ chains (A⊢B⊢C) ∧ evidence requirements (premises ⊢ conclusion)', 5);
INSERT INTO operator_definition_lines (id, operator_id, prefix, content, line_order) VALUES (891, 84, '⊛', 'Consistency⊢reliability⊢system_stability', 6);
INSERT INTO operators (id, symbol, name, module_id, category_id) VALUES (85, '⊩', 'policy_enforcement', 4, 18);
INSERT INTO symbols (symbol, codepoint, symbol_type, name) VALUES ('⊩', 'U+22A9', 'operator', 'policy_enforcement');
INSERT INTO operator_definition_lines (id, operator_id, prefix, content, line_order) VALUES (892, 85, '≡', 'policy enforcement', 1);
INSERT INTO operator_definition_lines (id, operator_id, prefix, content, line_order) VALUES (893, 85, '≡', 'governance rule', 2);
INSERT INTO operator_definition_lines (id, operator_id, prefix, content, line_order) VALUES (894, 85, '≝', 'mandatory compliance', 3);
INSERT INTO operator_definition_lines (id, operator_id, prefix, content, line_order) VALUES (895, 85, '≝', 'constraint enforcement', 4);
INSERT INTO operator_definition_lines (id, operator_id, prefix, content, line_order) VALUES (896, 85, '⊛', '⊩ access control', 5);
INSERT INTO operator_definition_lines (id, operator_id, prefix, content, line_order) VALUES (897, 85, '⊛', '⊩ rate limiting', 6);
INSERT INTO operator_definition_lines (id, operator_id, prefix, content, line_order) VALUES (898, 85, '⊛', '⊩ resource constraints', 7);
INSERT INTO operator_definition_lines (id, operator_id, prefix, content, line_order) VALUES (899, 85, '□', '⊩ rules remain invariant across contexts', 8);
INSERT INTO operators (id, symbol, name, module_id, category_id) VALUES (86, '⊧', 'embodies', 4, 18);
INSERT INTO symbols (symbol, codepoint, symbol_type, name) VALUES ('⊧', 'U+22A7', 'operator', 'embodies');
INSERT INTO operator_definition_lines (id, operator_id, prefix, content, line_order) VALUES (900, 86, '≡', 'embodies', 1);
INSERT INTO operator_definition_lines (id, operator_id, prefix, content, line_order) VALUES (901, 86, '≡', 'concrete manifestation', 2);
INSERT INTO operator_definition_lines (id, operator_id, prefix, content, line_order) VALUES (902, 86, '≝', 'abstract→concrete realization', 3);
INSERT INTO operator_definition_lines (id, operator_id, prefix, content, line_order) VALUES (903, 86, '≝', 'instantiation', 4);
INSERT INTO operator_definition_lines (id, operator_id, prefix, content, line_order) VALUES (904, 86, '∂', '¬mere mention', 5);
INSERT INTO operator_definition_lines (id, operator_id, prefix, content, line_order) VALUES (905, 86, '∂', '¬reference', 6);
INSERT INTO operator_definition_lines (id, operator_id, prefix, content, line_order) VALUES (906, 86, '∂', '¬description', 7);
INSERT INTO operator_definition_lines (id, operator_id, prefix, content, line_order) VALUES (907, 86, '∂', 'requires actual instantiation', 8);
INSERT INTO operator_definition_lines (id, operator_id, prefix, content, line_order) VALUES (908, 86, '⊛', 'concept ⊧ pattern', 9);
INSERT INTO operator_definition_lines (id, operator_id, prefix, content, line_order) VALUES (909, 86, '⊛', '∃ concrete instances', 10);
INSERT INTO operator_definition_lines (id, operator_id, prefix, content, line_order) VALUES (910, 86, '⊢', '⊧→გ manifestation', 11);
INSERT INTO operators (id, symbol, name, module_id, category_id) VALUES (87, '⊰', 'precedes_enabling', 4, 17);
INSERT INTO symbols (symbol, codepoint, symbol_type, name) VALUES ('⊰', 'U+22B0', 'operator', 'precedes_enabling');
INSERT INTO operator_definition_lines (id, operator_id, prefix, content, line_order) VALUES (911, 87, '≡', 'precedes enabling', 1);
INSERT INTO operator_definition_lines (id, operator_id, prefix, content, line_order) VALUES (912, 87, '≡', 'causal precedence', 2);
INSERT INTO operator_definition_lines (id, operator_id, prefix, content, line_order) VALUES (913, 87, '≝', 'prerequisite conditions', 3);
INSERT INTO operator_definition_lines (id, operator_id, prefix, content, line_order) VALUES (914, 87, '≝', 'enabling relationships', 4);
INSERT INTO operator_definition_lines (id, operator_id, prefix, content, line_order) VALUES (915, 87, '∂', '¬≺ (mere sequential ordering)', 5);
INSERT INTO operator_definition_lines (id, operator_id, prefix, content, line_order) VALUES (916, 87, '∂', '¬→ (logical implication)', 6);
INSERT INTO operator_definition_lines (id, operator_id, prefix, content, line_order) VALUES (917, 87, '∂', 'requires causal necessity', 7);
INSERT INTO operator_definition_lines (id, operator_id, prefix, content, line_order) VALUES (918, 87, '⊛', '⊰ causal chains (A⊰B⊰C)', 8);
INSERT INTO operator_definition_lines (id, operator_id, prefix, content, line_order) VALUES (919, 87, '⊛', 'dependency patterns', 9);
INSERT INTO operator_definition_lines (id, operator_id, prefix, content, line_order) VALUES (920, 87, '⊢', 'Infrastructure⊰practice⊰outcomes', 10);
INSERT INTO operators (id, symbol, name, module_id, category_id) VALUES (88, '⟷', 'bidirectional', 4, 17);
INSERT INTO symbols (symbol, codepoint, symbol_type, name) VALUES ('⟷', 'U+27F7', 'operator', 'bidirectional');
INSERT INTO operator_definition_lines (id, operator_id, prefix, content, line_order) VALUES (921, 88, '≡', 'bidirectional relation', 1);
INSERT INTO operator_definition_lines (id, operator_id, prefix, content, line_order) VALUES (922, 88, '≡', 'mutual transformation', 2);
INSERT INTO operator_definition_lines (id, operator_id, prefix, content, line_order) VALUES (923, 88, '≝', 'reciprocal causation', 3);
INSERT INTO operator_definition_lines (id, operator_id, prefix, content, line_order) VALUES (924, 88, '≝', 'symmetrical influence', 4);
INSERT INTO operator_definition_lines (id, operator_id, prefix, content, line_order) VALUES (925, 88, '⊛', 'feedback loops (A⟷B) ∧ co-constitutive relationships ∧ mutual dependency', 5);
INSERT INTO operator_definition_lines (id, operator_id, prefix, content, line_order) VALUES (926, 88, '⊛', 'Present⟷absent dialectic ∧ exploration⟷implementation cycles', 6);
INSERT INTO operator_definition_lines (id, operator_id, prefix, content, line_order) VALUES (927, 88, '⊢', '⟷→𝀗 dialectical sublation', 7);
INSERT INTO operators (id, symbol, name, module_id, category_id) VALUES (89, '⊕', 'structured_combination', 4, 18);
INSERT INTO symbols (symbol, codepoint, symbol_type, name) VALUES ('⊕', 'U+2295', 'operator', 'structured_combination');
INSERT INTO operator_definition_lines (id, operator_id, prefix, content, line_order) VALUES (928, 89, '≡', 'structured combination', 1);
INSERT INTO operator_definition_lines (id, operator_id, prefix, content, line_order) VALUES (929, 89, '≡', 'compositional merge', 2);
INSERT INTO operator_definition_lines (id, operator_id, prefix, content, line_order) VALUES (930, 89, '≝', 'integrative synthesis', 3);
INSERT INTO operator_definition_lines (id, operator_id, prefix, content, line_order) VALUES (931, 89, '≝', 'additive composition', 4);
INSERT INTO operator_definition_lines (id, operator_id, prefix, content, line_order) VALUES (932, 89, '⊛', '⊕ entity combinations (⚘⊕⊙⊕⊳)', 5);
INSERT INTO operator_definition_lines (id, operator_id, prefix, content, line_order) VALUES (933, 89, '⊛', '⊕ multi-component systems', 6);
INSERT INTO operator_definition_lines (id, operator_id, prefix, content, line_order) VALUES (934, 89, '∂', '⊕≠simple union', 7);
INSERT INTO operator_definition_lines (id, operator_id, prefix, content, line_order) VALUES (935, 89, '∂', 'requires structural integration', 8);
INSERT INTO operator_definition_lines (id, operator_id, prefix, content, line_order) VALUES (936, 89, '⊢', '⊕→𝀷 concrescence through structured combination', 9);
INSERT INTO operators (id, symbol, name, module_id, category_id) VALUES (90, '✱', 'attractor', 4, 17);
INSERT INTO symbols (symbol, codepoint, symbol_type, name) VALUES ('✱', 'U+2731', 'operator', 'attractor');
INSERT INTO operator_definition_lines (id, operator_id, prefix, content, line_order) VALUES (937, 90, '≡', 'attractor', 1);
INSERT INTO operator_definition_lines (id, operator_id, prefix, content, line_order) VALUES (938, 90, '≡', 'stable_state', 2);
INSERT INTO operator_definition_lines (id, operator_id, prefix, content, line_order) VALUES (939, 90, '≝', 'state space convergence point', 3);
INSERT INTO operator_definition_lines (id, operator_id, prefix, content, line_order) VALUES (940, 90, '≝', 'dynamic stability', 4);
INSERT INTO operator_definition_lines (id, operator_id, prefix, content, line_order) VALUES (941, 90, '∂', '¬mere equilibrium', 5);
INSERT INTO operator_definition_lines (id, operator_id, prefix, content, line_order) VALUES (942, 90, '∂', '¬static state', 6);
INSERT INTO operator_definition_lines (id, operator_id, prefix, content, line_order) VALUES (943, 90, '∂', 'requires basin of attraction', 7);
INSERT INTO operator_definition_lines (id, operator_id, prefix, content, line_order) VALUES (944, 90, '⊛', '✱ = convergence target in state space', 8);
INSERT INTO operator_definition_lines (id, operator_id, prefix, content, line_order) VALUES (945, 90, '⊛', 'trajectory→✱', 9);
INSERT INTO operator_definition_lines (id, operator_id, prefix, content, line_order) VALUES (946, 90, '⊛', '✱ types: fixed-point, limit cycle, strange, torus', 10);
INSERT INTO operator_definition_lines (id, operator_id, prefix, content, line_order) VALUES (947, 90, '⊛', '⌺≡✱ specialized', 11);
INSERT INTO operator_definition_lines (id, operator_id, prefix, content, line_order) VALUES (948, 90, '⊛', 'basin(✱) = region of convergence', 12);
INSERT INTO operator_definition_lines (id, operator_id, prefix, content, line_order) VALUES (949, 90, '⊛', 'stability(✱) measured by perturbation resistance', 13);
INSERT INTO operator_definition_lines (id, operator_id, prefix, content, line_order) VALUES (950, 90, '⊛', '✱→𝀏 crystallization into stable form', 14);
INSERT INTO operator_definition_lines (id, operator_id, prefix, content, line_order) VALUES (951, 90, '⊢', '✱ presence ⊢ predictable long-term behavior ⊢ system stability', 15);
INSERT INTO operators (id, symbol, name, module_id, category_id) VALUES (91, '⩕', 'analyze', 4, 17);
INSERT INTO symbols (symbol, codepoint, symbol_type, name) VALUES ('⩕', 'U+2A55', 'operator', 'analyze');
INSERT INTO operator_definition_lines (id, operator_id, prefix, content, line_order) VALUES (952, 91, '≡', 'analyze', 1);
INSERT INTO operator_definition_lines (id, operator_id, prefix, content, line_order) VALUES (953, 91, '≡', 'systematic_examination', 2);
INSERT INTO operator_definition_lines (id, operator_id, prefix, content, line_order) VALUES (954, 91, '≝', 'decomposition for understanding', 3);
INSERT INTO operator_definition_lines (id, operator_id, prefix, content, line_order) VALUES (955, 91, '≝', 'structured investigation', 4);
INSERT INTO operator_definition_lines (id, operator_id, prefix, content, line_order) VALUES (956, 91, '⊡', 'Ե9Բ8', 5);
INSERT INTO operator_definition_lines (id, operator_id, prefix, content, line_order) VALUES (957, 91, '⊛', '⯐⩕→☊', 6);
INSERT INTO operator_definition_lines (id, operator_id, prefix, content, line_order) VALUES (958, 91, '⊛', '⊳⩕→insights', 7);
INSERT INTO operator_definition_lines (id, operator_id, prefix, content, line_order) VALUES (959, 91, '⊛', '⏣⩕→diagnosis', 8);
INSERT INTO operator_definition_lines (id, operator_id, prefix, content, line_order) VALUES (960, 91, '⊛', '⧊⩕→decomposition', 9);
INSERT INTO operator_definition_lines (id, operator_id, prefix, content, line_order) VALUES (961, 91, '⊢', '⩕ analysis ⊢ structured insight ⊢ informed action', 10);
INSERT INTO operators (id, symbol, name, module_id, category_id) VALUES (92, '↗', 'performance', 4, 17);
INSERT INTO symbols (symbol, codepoint, symbol_type, name) VALUES ('↗', 'U+2197', 'operator', 'performance');
INSERT INTO operator_definition_lines (id, operator_id, prefix, content, line_order) VALUES (962, 92, '≡', 'performance', 1);
INSERT INTO operator_definition_lines (id, operator_id, prefix, content, line_order) VALUES (963, 92, '≡', 'optimization_vector', 2);
INSERT INTO operator_definition_lines (id, operator_id, prefix, content, line_order) VALUES (964, 92, '≝', 'system efficiency', 3);
INSERT INTO operator_definition_lines (id, operator_id, prefix, content, line_order) VALUES (965, 92, '≝', 'resource utilization', 4);
INSERT INTO operator_definition_lines (id, operator_id, prefix, content, line_order) VALUES (966, 92, '⊡', 'Փ9Ց7', 5);
INSERT INTO operator_definition_lines (id, operator_id, prefix, content, line_order) VALUES (967, 92, '⊛', 'system↗', 6);
INSERT INTO operator_definition_lines (id, operator_id, prefix, content, line_order) VALUES (968, 92, '⊛', '⩕→↗ analysis', 7);
INSERT INTO operator_definition_lines (id, operator_id, prefix, content, line_order) VALUES (969, 92, '⊛', 'latency↗', 8);
INSERT INTO operator_definition_lines (id, operator_id, prefix, content, line_order) VALUES (970, 92, '⊛', 'throughput↗', 9);
INSERT INTO operator_definition_lines (id, operator_id, prefix, content, line_order) VALUES (971, 92, '⊛', '↗⤋ detection', 10);
INSERT INTO operator_definition_lines (id, operator_id, prefix, content, line_order) VALUES (972, 92, '⊢', '↗ performance ⊢ efficiency gains ⊢ system health', 11);
INSERT INTO operators (id, symbol, name, module_id, category_id) VALUES (93, '◩', 'command', 4, 17);
INSERT INTO symbols (symbol, codepoint, symbol_type, name) VALUES ('◩', 'U+25E9', 'operator', 'command');
INSERT INTO operator_definition_lines (id, operator_id, prefix, content, line_order) VALUES (973, 93, '≡', 'command', 1);
INSERT INTO operator_definition_lines (id, operator_id, prefix, content, line_order) VALUES (974, 93, '≡', 'directive_operation', 2);
INSERT INTO operator_definition_lines (id, operator_id, prefix, content, line_order) VALUES (975, 93, '≝', 'imperative control', 3);
INSERT INTO operator_definition_lines (id, operator_id, prefix, content, line_order) VALUES (976, 93, '≝', 'execution trigger', 4);
INSERT INTO operator_definition_lines (id, operator_id, prefix, content, line_order) VALUES (977, 93, '⊡', 'Փ9Բ7', 5);
INSERT INTO operator_definition_lines (id, operator_id, prefix, content, line_order) VALUES (978, 93, '⊛', '◩→execution_trigger', 6);
INSERT INTO operator_definition_lines (id, operator_id, prefix, content, line_order) VALUES (979, 93, '⊛', '◩∈imperative_control', 7);
INSERT INTO operator_definition_lines (id, operator_id, prefix, content, line_order) VALUES (980, 93, '⊛', 'user◩interface', 8);
INSERT INTO operator_definition_lines (id, operator_id, prefix, content, line_order) VALUES (981, 93, '⊛', '◩→action_initiation', 9);
INSERT INTO operator_definition_lines (id, operator_id, prefix, content, line_order) VALUES (982, 93, '⊛', '◩→state_transition', 10);
INSERT INTO operator_definition_lines (id, operator_id, prefix, content, line_order) VALUES (983, 93, '⊛', 'system◩response', 11);
INSERT INTO operator_definition_lines (id, operator_id, prefix, content, line_order) VALUES (984, 93, '⊢', '◩ command ⊢ action initiation ⊢ state transition', 12);
INSERT INTO operators (id, symbol, name, module_id, category_id) VALUES (94, '⏈', 'management', 4, 17);
INSERT INTO symbols (symbol, codepoint, symbol_type, name) VALUES ('⏈', 'U+23C8', 'operator', 'management');
INSERT INTO operator_definition_lines (id, operator_id, prefix, content, line_order) VALUES (985, 94, '≡', 'management', 1);
INSERT INTO operator_definition_lines (id, operator_id, prefix, content, line_order) VALUES (986, 94, '≡', 'oversight_operation', 2);
INSERT INTO operator_definition_lines (id, operator_id, prefix, content, line_order) VALUES (987, 94, '≝', 'administrative control', 3);
INSERT INTO operator_definition_lines (id, operator_id, prefix, content, line_order) VALUES (988, 94, '≝', 'governance layer', 4);
INSERT INTO operator_definition_lines (id, operator_id, prefix, content, line_order) VALUES (989, 94, '⊡', 'Բ8Ա7', 5);
INSERT INTO operator_definition_lines (id, operator_id, prefix, content, line_order) VALUES (990, 94, '⊛', '⏈→governance_layer', 6);
INSERT INTO operator_definition_lines (id, operator_id, prefix, content, line_order) VALUES (991, 94, '⊛', '⏈∈administrative_control', 7);
INSERT INTO operator_definition_lines (id, operator_id, prefix, content, line_order) VALUES (992, 94, '⊛', 'resource⏈allocation', 8);
INSERT INTO operator_definition_lines (id, operator_id, prefix, content, line_order) VALUES (993, 94, '⊛', '⏈→policy_enforcement', 9);
INSERT INTO operator_definition_lines (id, operator_id, prefix, content, line_order) VALUES (994, 94, '⊛', 'system⏈monitoring', 10);
INSERT INTO operator_definition_lines (id, operator_id, prefix, content, line_order) VALUES (995, 94, '⊛', '⏈→quality_assurance', 11);
INSERT INTO operator_definition_lines (id, operator_id, prefix, content, line_order) VALUES (996, 94, '⊢', '⏈ management ⊢ resource governance ⊢ quality assurance', 12);
INSERT INTO operators (id, symbol, name, module_id, category_id) VALUES (95, '↬', 'connects', 4, 18);
INSERT INTO symbols (symbol, codepoint, symbol_type, name) VALUES ('↬', 'U+21AC', 'operator', 'connects');
INSERT INTO operator_definition_lines (id, operator_id, prefix, content, line_order) VALUES (997, 95, '≡', 'connects', 1);
INSERT INTO operator_definition_lines (id, operator_id, prefix, content, line_order) VALUES (998, 95, '≡', 'direct_linkage', 2);
INSERT INTO operator_definition_lines (id, operator_id, prefix, content, line_order) VALUES (999, 95, '≝', 'direct pathway', 3);
INSERT INTO operator_definition_lines (id, operator_id, prefix, content, line_order) VALUES (1000, 95, '≝', 'node connection', 4);
INSERT INTO operator_definition_lines (id, operator_id, prefix, content, line_order) VALUES (1001, 95, '⊛', '⩎↬⩎ via ↬', 5);
INSERT INTO operator_definition_lines (id, operator_id, prefix, content, line_order) VALUES (1002, 95, '⊛', 'direct ↬ between nodes', 6);
INSERT INTO operator_definition_lines (id, operator_id, prefix, content, line_order) VALUES (1003, 95, '⊛', 'API↬feed↬tool', 7);
INSERT INTO operator_definition_lines (id, operator_id, prefix, content, line_order) VALUES (1004, 95, '⊛', '↬ creates pathway', 8);
INSERT INTO operator_definition_lines (id, operator_id, prefix, content, line_order) VALUES (1005, 95, '⊢', '↬ connection ⊢ pathway creation ⊢ system linkage', 9);
INSERT INTO operators (id, symbol, name, module_id, category_id) VALUES (96, '⌇', 'translation', 4, 18);
INSERT INTO symbols (symbol, codepoint, symbol_type, name) VALUES ('⌇', 'U+2307', 'operator', 'translation');
INSERT INTO operator_definition_lines (id, operator_id, prefix, content, line_order) VALUES (1006, 96, '≡', 'translation', 1);
INSERT INTO operator_definition_lines (id, operator_id, prefix, content, line_order) VALUES (1007, 96, '≡', 'representation_transform', 2);
INSERT INTO operator_definition_lines (id, operator_id, prefix, content, line_order) VALUES (1008, 96, '≝', 'cross-representation mapping', 3);
INSERT INTO operator_definition_lines (id, operator_id, prefix, content, line_order) VALUES (1009, 96, '≝', 'format conversion', 4);
INSERT INTO operator_definition_lines (id, operator_id, prefix, content, line_order) VALUES (1010, 96, '⊛', '⯐⌇⯐=⯐ transform', 5);
INSERT INTO operator_definition_lines (id, operator_id, prefix, content, line_order) VALUES (1011, 96, '⊛', '⚘⌇⌬ notation', 6);
INSERT INTO operator_definition_lines (id, operator_id, prefix, content, line_order) VALUES (1012, 96, '⊛', '⌇ between representations', 7);
INSERT INTO operator_definition_lines (id, operator_id, prefix, content, line_order) VALUES (1013, 96, '⊛', '◭⌇ꕥ', 8);
INSERT INTO operator_definition_lines (id, operator_id, prefix, content, line_order) VALUES (1014, 96, '⊢', '⌇ translation ⊢ representation equivalence ⊢ semantic preservation', 9);
INSERT INTO operators (id, symbol, name, module_id, category_id) VALUES (97, '↭', 'reciprocal_flow', 4, 18);
INSERT INTO symbols (symbol, codepoint, symbol_type, name) VALUES ('↭', 'U+21AD', 'operator', 'reciprocal_flow');
INSERT INTO operator_definition_lines (id, operator_id, prefix, content, line_order) VALUES (1015, 97, '≡', 'reciprocal_flow', 1);
INSERT INTO operator_definition_lines (id, operator_id, prefix, content, line_order) VALUES (1016, 97, '≡', 'collaborative exchange', 2);
INSERT INTO operator_definition_lines (id, operator_id, prefix, content, line_order) VALUES (1017, 97, '≝', 'bidirectional exchange', 3);
INSERT INTO operator_definition_lines (id, operator_id, prefix, content, line_order) VALUES (1018, 97, '≝', 'mutual transfer', 4);
INSERT INTO operator_definition_lines (id, operator_id, prefix, content, line_order) VALUES (1019, 97, '⊛', '↭ flow between ⊚', 5);
INSERT INTO operator_definition_lines (id, operator_id, prefix, content, line_order) VALUES (1020, 97, '⊛', 'collaborative↭exchange', 6);
INSERT INTO operator_definition_lines (id, operator_id, prefix, content, line_order) VALUES (1021, 97, '⊛', 'ნ⯐⊕↭→ნ+1⯐', 7);
INSERT INTO operator_definition_lines (id, operator_id, prefix, content, line_order) VALUES (1022, 97, '⊛', 'give↭receive', 8);
INSERT INTO operator_definition_lines (id, operator_id, prefix, content, line_order) VALUES (1023, 97, '⊢', '↭ reciprocity ⊢ mutual exchange ⊢ collaborative flow', 9);
INSERT INTO operators (id, symbol, name, module_id, category_id) VALUES (98, '∞', 'infinity', 4, 19);
INSERT INTO symbols (symbol, codepoint, symbol_type, name) VALUES ('∞', 'U+221E', 'operator', 'infinity');
INSERT INTO operator_definition_lines (id, operator_id, prefix, content, line_order) VALUES (1024, 98, '≡', 'infinity', 1);
INSERT INTO operator_definition_lines (id, operator_id, prefix, content, line_order) VALUES (1025, 98, '≡', 'unbounded', 2);
INSERT INTO operator_definition_lines (id, operator_id, prefix, content, line_order) VALUES (1026, 98, '≝', 'limitless extent', 3);
INSERT INTO operator_definition_lines (id, operator_id, prefix, content, line_order) VALUES (1027, 98, '≝', 'unrestricted potential', 4);
INSERT INTO operator_definition_lines (id, operator_id, prefix, content, line_order) VALUES (1028, 98, '⊛', 'ℳ/ꕥ→∞', 5);
INSERT INTO operator_definition_lines (id, operator_id, prefix, content, line_order) VALUES (1029, 98, '⊛', 'compression→∞', 6);
INSERT INTO operator_definition_lines (id, operator_id, prefix, content, line_order) VALUES (1030, 98, '⊛', 'semantic_field→∞', 7);
INSERT INTO operator_definition_lines (id, operator_id, prefix, content, line_order) VALUES (1031, 98, '⊛', 'potential_relations→∞', 8);
INSERT INTO operator_definition_lines (id, operator_id, prefix, content, line_order) VALUES (1032, 98, '⊢', '∞ unboundedness ⊢ unlimited potential ⊢ open horizon', 9);
INSERT INTO operators (id, symbol, name, module_id, category_id) VALUES (99, '⊿', 'triangulates', 4, 16);
INSERT INTO symbols (symbol, codepoint, symbol_type, name) VALUES ('⊿', 'U+22BF', 'operator', 'triangulates');
INSERT INTO operator_definition_lines (id, operator_id, prefix, content, line_order) VALUES (1033, 99, '≡', 'triangulates', 1);
INSERT INTO operator_definition_lines (id, operator_id, prefix, content, line_order) VALUES (1034, 99, '≡', 'validates across viewpoints', 2);
INSERT INTO operator_definition_lines (id, operator_id, prefix, content, line_order) VALUES (1035, 99, '≝', 'multi-perspective validation', 3);
INSERT INTO operator_definition_lines (id, operator_id, prefix, content, line_order) VALUES (1036, 99, '≝', 'semiotic trichotomy', 4);
INSERT INTO operator_definition_lines (id, operator_id, prefix, content, line_order) VALUES (1037, 99, '∂', '¬single viewpoint', 5);
INSERT INTO operator_definition_lines (id, operator_id, prefix, content, line_order) VALUES (1038, 99, '∂', 'requires ≥3 perspectives', 6);
INSERT INTO operator_definition_lines (id, operator_id, prefix, content, line_order) VALUES (1039, 99, '⊛', '∑⊚→⊿⊢validation', 7);
INSERT INTO operator_definition_lines (id, operator_id, prefix, content, line_order) VALUES (1040, 99, '⊛', '⊿=∑⊚⊢', 8);
INSERT INTO operator_definition_lines (id, operator_id, prefix, content, line_order) VALUES (1041, 99, '⊛', 'API⊿⚘∩⚘∩⚘', 9);
INSERT INTO operator_definition_lines (id, operator_id, prefix, content, line_order) VALUES (1042, 99, '⊛', '⊿ ensures ⊨', 10);
INSERT INTO operator_definition_lines (id, operator_id, prefix, content, line_order) VALUES (1043, 99, '⊛', '⊿≡⚘⦑C.S. Peirce⦒ triadic sign', 11);
INSERT INTO operator_definition_lines (id, operator_id, prefix, content, line_order) VALUES (1044, 99, '⊢', '⊿ triangulation ⊢ validated truth ⊢ robust confirmation', 12);
INSERT INTO operators (id, symbol, name, module_id, category_id) VALUES (100, '⊖', 'property_difference', 4, 18);
INSERT INTO symbols (symbol, codepoint, symbol_type, name) VALUES ('⊖', 'U+2296', 'operator', 'property_difference');
INSERT INTO operator_definition_lines (id, operator_id, prefix, content, line_order) VALUES (1045, 100, '≡', 'property_difference', 1);
INSERT INTO operator_definition_lines (id, operator_id, prefix, content, line_order) VALUES (1046, 100, '≡', 'distance_measure', 2);
INSERT INTO operator_definition_lines (id, operator_id, prefix, content, line_order) VALUES (1047, 100, '≝', 'compatibility assessment', 3);
INSERT INTO operator_definition_lines (id, operator_id, prefix, content, line_order) VALUES (1048, 100, '≝', 'gap analysis', 4);
INSERT INTO operator_definition_lines (id, operator_id, prefix, content, line_order) VALUES (1049, 100, '⊛', '⇀₁⊖⇀₂→distance_measure', 5);
INSERT INTO operator_definition_lines (id, operator_id, prefix, content, line_order) VALUES (1050, 100, '⊛', 'compatibility_assessment', 6);
INSERT INTO operator_definition_lines (id, operator_id, prefix, content, line_order) VALUES (1051, 100, '⊛', 'gap_analysis', 7);
INSERT INTO operator_definition_lines (id, operator_id, prefix, content, line_order) VALUES (1052, 100, '⊛', '|P₁[Վ] - P₂[Վ]| < τ', 8);
INSERT INTO operator_definition_lines (id, operator_id, prefix, content, line_order) VALUES (1053, 100, '⊢', '⊖ difference ⊢ compatibility measure ⊢ alignment gap', 9);
INSERT INTO operators (id, symbol, name, module_id, category_id) VALUES (101, '↓', 'property_projection', 4, 18);
INSERT INTO symbols (symbol, codepoint, symbol_type, name) VALUES ('↓', 'U+2193', 'operator', 'property_projection');
INSERT INTO operator_definition_lines (id, operator_id, prefix, content, line_order) VALUES (1054, 101, '≡', 'property_projection', 1);
INSERT INTO operator_definition_lines (id, operator_id, prefix, content, line_order) VALUES (1055, 101, '≡', 'dimension_selection', 2);
INSERT INTO operator_definition_lines (id, operator_id, prefix, content, line_order) VALUES (1056, 101, '≝', 'filtered properties', 3);
INSERT INTO operator_definition_lines (id, operator_id, prefix, content, line_order) VALUES (1057, 101, '≝', 'focused analysis', 4);
INSERT INTO operator_definition_lines (id, operator_id, prefix, content, line_order) VALUES (1058, 101, '⊛', '⇀↓[subset]→filtered_properties', 5);
INSERT INTO operator_definition_lines (id, operator_id, prefix, content, line_order) VALUES (1059, 101, '⊛', 'dimension_selection', 6);
INSERT INTO operator_definition_lines (id, operator_id, prefix, content, line_order) VALUES (1060, 101, '⊛', 'focused_analysis', 7);
INSERT INTO operator_definition_lines (id, operator_id, prefix, content, line_order) VALUES (1061, 101, '⊛', 'select Հ ∈ {Բ,Գ,Վ,Ե}', 8);
INSERT INTO operator_definition_lines (id, operator_id, prefix, content, line_order) VALUES (1062, 101, '⊢', '↓ projection ⊢ dimension selection ⊢ focused view', 9);
INSERT INTO operators (id, symbol, name, module_id, category_id) VALUES (102, '⋄', 'property_compatibility', 4, 18);
INSERT INTO symbols (symbol, codepoint, symbol_type, name) VALUES ('⋄', 'U+22C4', 'operator', 'property_compatibility');
INSERT INTO operator_definition_lines (id, operator_id, prefix, content, line_order) VALUES (1063, 102, '≡', 'property_compatibility', 1);
INSERT INTO operator_definition_lines (id, operator_id, prefix, content, line_order) VALUES (1064, 102, '≡', 'similarity_score', 2);
INSERT INTO operator_definition_lines (id, operator_id, prefix, content, line_order) VALUES (1065, 102, '≝', 'threshold comparison', 3);
INSERT INTO operator_definition_lines (id, operator_id, prefix, content, line_order) VALUES (1066, 102, '≝', 'alignment verification', 4);
INSERT INTO operator_definition_lines (id, operator_id, prefix, content, line_order) VALUES (1067, 102, '⊛', '⇀₁⋄⇀₂→similarity_score', 5);
INSERT INTO operator_definition_lines (id, operator_id, prefix, content, line_order) VALUES (1068, 102, '⊛', 'threshold_comparison', 6);
INSERT INTO operator_definition_lines (id, operator_id, prefix, content, line_order) VALUES (1069, 102, '⊛', 'alignment_verification', 7);
INSERT INTO operator_definition_lines (id, operator_id, prefix, content, line_order) VALUES (1070, 102, '⊛', '∀Հ ∈ (P₁ ∩ P₂): |P₁[Հ] - P₂[Հ]| < 0.3', 8);
INSERT INTO operator_definition_lines (id, operator_id, prefix, content, line_order) VALUES (1071, 102, '⊢', '⋄ compatibility ⊢ similarity assessment ⊢ alignment', 9);
INSERT INTO operators (id, symbol, name, module_id, category_id) VALUES (103, '⫍', 'metaphorize', 4, 17);
INSERT INTO symbols (symbol, codepoint, symbol_type, name) VALUES ('⫍', 'U+2ACD', 'operator', 'metaphorize');
INSERT INTO operator_definition_lines (id, operator_id, prefix, content, line_order) VALUES (1072, 103, '≡', 'metaphorize', 1);
INSERT INTO operator_definition_lines (id, operator_id, prefix, content, line_order) VALUES (1073, 103, '≡', 'transform_to_metaphor', 2);
INSERT INTO operator_definition_lines (id, operator_id, prefix, content, line_order) VALUES (1074, 103, '≝', 'abstract→concrete mapping', 3);
INSERT INTO operator_definition_lines (id, operator_id, prefix, content, line_order) VALUES (1075, 103, '≝', 'figurative translation', 4);
INSERT INTO operator_definition_lines (id, operator_id, prefix, content, line_order) VALUES (1076, 103, '⊛', '⫍→ᛝ', 5);
INSERT INTO operator_definition_lines (id, operator_id, prefix, content, line_order) VALUES (1077, 103, '⊛', '⧊⫍concrete metaphor', 6);
INSERT INTO operator_definition_lines (id, operator_id, prefix, content, line_order) VALUES (1078, 103, '⊛', 'requirement⫍→ᛝ', 7);
INSERT INTO operator_definition_lines (id, operator_id, prefix, content, line_order) VALUES (1079, 103, '⊛', 'abstract⫍tangible', 8);
INSERT INTO operator_definition_lines (id, operator_id, prefix, content, line_order) VALUES (1080, 103, '⊢', '⫍ metaphorization ⊢ concrete grounding ⊢ tangible understanding', 9);
INSERT INTO operators (id, symbol, name, module_id, category_id) VALUES (104, '∘', 'compose', 4, 18);
INSERT INTO symbols (symbol, codepoint, symbol_type, name) VALUES ('∘', 'U+2218', 'operator', 'compose');
INSERT INTO operator_definition_lines (id, operator_id, prefix, content, line_order) VALUES (1081, 104, '≡', 'compose', 1);
INSERT INTO operator_definition_lines (id, operator_id, prefix, content, line_order) VALUES (1082, 104, '≡', 'function composition', 2);
INSERT INTO operator_definition_lines (id, operator_id, prefix, content, line_order) VALUES (1083, 104, '≝', 'sequential combination', 3);
INSERT INTO operator_definition_lines (id, operator_id, prefix, content, line_order) VALUES (1084, 104, '≝', 'pipeline construction', 4);
INSERT INTO operator_definition_lines (id, operator_id, prefix, content, line_order) VALUES (1085, 104, '⊛', '∘(use,consolidation)→stability', 5);
INSERT INTO operator_definition_lines (id, operator_id, prefix, content, line_order) VALUES (1086, 104, '⊛', '∘(validation,resolution)→confidence', 6);
INSERT INTO operator_definition_lines (id, operator_id, prefix, content, line_order) VALUES (1087, 104, '⊛', 'pipeline≡∘sequence', 7);
INSERT INTO operator_definition_lines (id, operator_id, prefix, content, line_order) VALUES (1088, 104, '⊛', '∘→𝀾 composition as flow', 8);
INSERT INTO operator_definition_lines (id, operator_id, prefix, content, line_order) VALUES (1089, 104, '⊢', 'Associativity: ∘(f,∘(g,h)) ≡ ∘(∘(f,g),h)', 9);
INSERT INTO operator_definition_lines (id, operator_id, prefix, content, line_order) VALUES (1090, 104, '◇', 'Complex pipelines built through ∘ reach eventual stability', 10);
INSERT INTO operators (id, symbol, name, module_id, category_id) VALUES (105, '≡', 'equivalence', 4, 19);
INSERT INTO symbols (symbol, codepoint, symbol_type, name) VALUES ('≡', 'U+2261', 'operator', 'equivalence');
INSERT INTO operator_definition_lines (id, operator_id, prefix, content, line_order) VALUES (1091, 105, '≡', 'equivalence', 1);
INSERT INTO operator_definition_lines (id, operator_id, prefix, content, line_order) VALUES (1092, 105, '≡', 'semantic identity', 2);
INSERT INTO operator_definition_lines (id, operator_id, prefix, content, line_order) VALUES (1093, 105, '≝', 'definitional equality', 3);
INSERT INTO operator_definition_lines (id, operator_id, prefix, content, line_order) VALUES (1094, 105, '≝', 'mutual substitutability', 4);
INSERT INTO operator_definition_lines (id, operator_id, prefix, content, line_order) VALUES (1095, 105, '⊛', 'A≡B allows substitution in all contexts', 5);
INSERT INTO operators (id, symbol, name, module_id, category_id) VALUES (106, '≝', 'defined_as', 4, 19);
INSERT INTO symbols (symbol, codepoint, symbol_type, name) VALUES ('≝', 'U+225D', 'operator', 'defined_as');
INSERT INTO operator_definition_lines (id, operator_id, prefix, content, line_order) VALUES (1096, 106, '≡', 'defined as', 1);
INSERT INTO operator_definition_lines (id, operator_id, prefix, content, line_order) VALUES (1097, 106, '≡', 'definitional relation', 2);
INSERT INTO operator_definition_lines (id, operator_id, prefix, content, line_order) VALUES (1098, 106, '≝', 'formal definition', 3);
INSERT INTO operator_definition_lines (id, operator_id, prefix, content, line_order) VALUES (1099, 106, '≝', 'specification', 4);
INSERT INTO operator_definition_lines (id, operator_id, prefix, content, line_order) VALUES (1100, 106, '⊛', 'term ≝ definition structure', 5);
INSERT INTO operators (id, symbol, name, module_id, category_id) VALUES (107, '→', 'implies', 4, 19);
INSERT INTO symbols (symbol, codepoint, symbol_type, name) VALUES ('→', 'U+2192', 'operator', 'implies');
INSERT INTO operator_definition_lines (id, operator_id, prefix, content, line_order) VALUES (1101, 107, '≡', 'implies', 1);
INSERT INTO operator_definition_lines (id, operator_id, prefix, content, line_order) VALUES (1102, 107, '≡', 'logical implication', 2);
INSERT INTO operator_definition_lines (id, operator_id, prefix, content, line_order) VALUES (1103, 107, '≝', 'if-then relation', 3);
INSERT INTO operator_definition_lines (id, operator_id, prefix, content, line_order) VALUES (1104, 107, '≝', 'conditional consequence', 4);
INSERT INTO operator_definition_lines (id, operator_id, prefix, content, line_order) VALUES (1105, 107, '⊛', 'A→B', 5);
INSERT INTO operator_definition_lines (id, operator_id, prefix, content, line_order) VALUES (1106, 107, '⊛', 'antecedent→consequent', 6);
INSERT INTO operators (id, symbol, name, module_id, category_id) VALUES (108, '∧', 'and', 4, 19);
INSERT INTO symbols (symbol, codepoint, symbol_type, name) VALUES ('∧', 'U+2227', 'operator', 'and');
INSERT INTO operator_definition_lines (id, operator_id, prefix, content, line_order) VALUES (1107, 108, '≡', 'and', 1);
INSERT INTO operator_definition_lines (id, operator_id, prefix, content, line_order) VALUES (1108, 108, '≡', 'conjunction', 2);
INSERT INTO operator_definition_lines (id, operator_id, prefix, content, line_order) VALUES (1109, 108, '≝', 'logical conjunction', 3);
INSERT INTO operator_definition_lines (id, operator_id, prefix, content, line_order) VALUES (1110, 108, '≝', 'both conditions', 4);
INSERT INTO operator_definition_lines (id, operator_id, prefix, content, line_order) VALUES (1111, 108, '⊛', 'A∧B requires both A and B', 5);
INSERT INTO operators (id, symbol, name, module_id, category_id) VALUES (109, '∨', 'or', 4, 19);
INSERT INTO symbols (symbol, codepoint, symbol_type, name) VALUES ('∨', 'U+2228', 'operator', 'or');
INSERT INTO operator_definition_lines (id, operator_id, prefix, content, line_order) VALUES (1112, 109, '≡', 'or', 1);
INSERT INTO operator_definition_lines (id, operator_id, prefix, content, line_order) VALUES (1113, 109, '≡', 'disjunction', 2);
INSERT INTO operator_definition_lines (id, operator_id, prefix, content, line_order) VALUES (1114, 109, '≝', 'logical disjunction', 3);
INSERT INTO operator_definition_lines (id, operator_id, prefix, content, line_order) VALUES (1115, 109, '≝', 'either condition', 4);
INSERT INTO operator_definition_lines (id, operator_id, prefix, content, line_order) VALUES (1116, 109, '⊛', 'A∨B requires at least one of A or B', 5);
INSERT INTO operators (id, symbol, name, module_id, category_id) VALUES (110, '¬', 'not', 4, 19);
INSERT INTO symbols (symbol, codepoint, symbol_type, name) VALUES ('¬', 'U+00AC', 'operator', 'not');
INSERT INTO operator_definition_lines (id, operator_id, prefix, content, line_order) VALUES (1117, 110, '≡', 'not', 1);
INSERT INTO operator_definition_lines (id, operator_id, prefix, content, line_order) VALUES (1118, 110, '≡', 'negation', 2);
INSERT INTO operator_definition_lines (id, operator_id, prefix, content, line_order) VALUES (1119, 110, '≝', 'logical negation', 3);
INSERT INTO operator_definition_lines (id, operator_id, prefix, content, line_order) VALUES (1120, 110, '≝', 'complement', 4);
INSERT INTO operator_definition_lines (id, operator_id, prefix, content, line_order) VALUES (1121, 110, '⊛', '¬A is true when A is false', 5);
INSERT INTO operators (id, symbol, name, module_id, category_id) VALUES (111, '∀', 'for_all', 4, 19);
INSERT INTO symbols (symbol, codepoint, symbol_type, name) VALUES ('∀', 'U+2200', 'operator', 'for_all');
INSERT INTO operator_definition_lines (id, operator_id, prefix, content, line_order) VALUES (1122, 111, '≡', 'for all', 1);
INSERT INTO operator_definition_lines (id, operator_id, prefix, content, line_order) VALUES (1123, 111, '≡', 'universal quantification', 2);
INSERT INTO operator_definition_lines (id, operator_id, prefix, content, line_order) VALUES (1124, 111, '≝', 'universal quantifier', 3);
INSERT INTO operator_definition_lines (id, operator_id, prefix, content, line_order) VALUES (1125, 111, '≝', 'applies to all', 4);
INSERT INTO operator_definition_lines (id, operator_id, prefix, content, line_order) VALUES (1126, 111, '⊛', '∀x P(x) means P holds for every x', 5);
INSERT INTO operators (id, symbol, name, module_id, category_id) VALUES (112, '∃', 'there_exists', 4, 19);
INSERT INTO symbols (symbol, codepoint, symbol_type, name) VALUES ('∃', 'U+2203', 'operator', 'there_exists');
INSERT INTO operator_definition_lines (id, operator_id, prefix, content, line_order) VALUES (1127, 112, '≡', 'there exists', 1);
INSERT INTO operator_definition_lines (id, operator_id, prefix, content, line_order) VALUES (1128, 112, '≡', 'existential quantification', 2);
INSERT INTO operator_definition_lines (id, operator_id, prefix, content, line_order) VALUES (1129, 112, '≝', 'existential quantifier', 3);
INSERT INTO operator_definition_lines (id, operator_id, prefix, content, line_order) VALUES (1130, 112, '≝', 'at least one', 4);
INSERT INTO operator_definition_lines (id, operator_id, prefix, content, line_order) VALUES (1131, 112, '⊛', '∃x P(x) means P holds for some x', 5);
INSERT INTO operators (id, symbol, name, module_id, category_id) VALUES (113, '∴', 'therefore', 4, 19);
INSERT INTO symbols (symbol, codepoint, symbol_type, name) VALUES ('∴', 'U+2234', 'operator', 'therefore');
INSERT INTO operator_definition_lines (id, operator_id, prefix, content, line_order) VALUES (1132, 113, '≡', 'therefore', 1);
INSERT INTO operator_definition_lines (id, operator_id, prefix, content, line_order) VALUES (1133, 113, '≡', 'conclusion marker', 2);
INSERT INTO operator_definition_lines (id, operator_id, prefix, content, line_order) VALUES (1134, 113, '≝', 'logical conclusion', 3);
INSERT INTO operator_definition_lines (id, operator_id, prefix, content, line_order) VALUES (1135, 113, '≝', 'inference indicator', 4);
INSERT INTO operator_definition_lines (id, operator_id, prefix, content, line_order) VALUES (1136, 113, '⊛', 'premises ∴ conclusion', 5);
INSERT INTO operators (id, symbol, name, module_id, category_id) VALUES (114, '⊂', 'subset', 4, 19);
INSERT INTO symbols (symbol, codepoint, symbol_type, name) VALUES ('⊂', 'U+2282', 'operator', 'subset');
INSERT INTO operator_definition_lines (id, operator_id, prefix, content, line_order) VALUES (1137, 114, '≡', 'subset', 1);
INSERT INTO operator_definition_lines (id, operator_id, prefix, content, line_order) VALUES (1138, 114, '≡', 'proper subset', 2);
INSERT INTO operator_definition_lines (id, operator_id, prefix, content, line_order) VALUES (1139, 114, '≝', 'set inclusion', 3);
INSERT INTO operator_definition_lines (id, operator_id, prefix, content, line_order) VALUES (1140, 114, '≝', 'contained within', 4);
INSERT INTO operator_definition_lines (id, operator_id, prefix, content, line_order) VALUES (1141, 114, '⊛', 'A⊂B means every element of A is in B', 5);
INSERT INTO operators (id, symbol, name, module_id, category_id) VALUES (115, '⊃', 'superset', 4, 19);
INSERT INTO symbols (symbol, codepoint, symbol_type, name) VALUES ('⊃', 'U+2283', 'operator', 'superset');
INSERT INTO operator_definition_lines (id, operator_id, prefix, content, line_order) VALUES (1142, 115, '≡', 'superset', 1);
INSERT INTO operator_definition_lines (id, operator_id, prefix, content, line_order) VALUES (1143, 115, '≡', 'proper superset', 2);
INSERT INTO operator_definition_lines (id, operator_id, prefix, content, line_order) VALUES (1144, 115, '≝', 'set containment', 3);
INSERT INTO operator_definition_lines (id, operator_id, prefix, content, line_order) VALUES (1145, 115, '≝', 'contains within', 4);
INSERT INTO operator_definition_lines (id, operator_id, prefix, content, line_order) VALUES (1146, 115, '⊛', 'A⊃B means every element of B is in A', 5);
INSERT INTO operator_definition_lines (id, operator_id, prefix, content, line_order) VALUES (1147, 115, '⊢', 'A⊃B ↔ B⊂A', 6);
INSERT INTO operators (id, symbol, name, module_id, category_id) VALUES (116, '⊅', 'not_subset', 4, 19);
INSERT INTO symbols (symbol, codepoint, symbol_type, name) VALUES ('⊅', 'U+2285', 'operator', 'not_subset');
INSERT INTO operator_definition_lines (id, operator_id, prefix, content, line_order) VALUES (1148, 116, '≡', 'not subset', 1);
INSERT INTO operator_definition_lines (id, operator_id, prefix, content, line_order) VALUES (1149, 116, '≡', 'exclusion', 2);
INSERT INTO operator_definition_lines (id, operator_id, prefix, content, line_order) VALUES (1150, 116, '≝', 'set non-inclusion', 3);
INSERT INTO operator_definition_lines (id, operator_id, prefix, content, line_order) VALUES (1151, 116, '≝', 'not contained', 4);
INSERT INTO operator_definition_lines (id, operator_id, prefix, content, line_order) VALUES (1152, 116, '⊛', 'A⊅B means A is not a subset of B', 5);
INSERT INTO operators (id, symbol, name, module_id, category_id) VALUES (117, '↔', 'iff', 4, 19);
INSERT INTO symbols (symbol, codepoint, symbol_type, name) VALUES ('↔', 'U+2194', 'operator', 'iff');
INSERT INTO operator_definition_lines (id, operator_id, prefix, content, line_order) VALUES (1153, 117, '≡', 'if and only if', 1);
INSERT INTO operator_definition_lines (id, operator_id, prefix, content, line_order) VALUES (1154, 117, '≡', 'biconditional', 2);
INSERT INTO operator_definition_lines (id, operator_id, prefix, content, line_order) VALUES (1155, 117, '≝', 'logical equivalence', 3);
INSERT INTO operator_definition_lines (id, operator_id, prefix, content, line_order) VALUES (1156, 117, '≝', 'mutual implication', 4);
INSERT INTO operator_definition_lines (id, operator_id, prefix, content, line_order) VALUES (1157, 117, '⊛', 'A↔B means A→B ∧ B→A', 5);
INSERT INTO operators (id, symbol, name, module_id, category_id) VALUES (118, '∈', 'element_of', 4, 19);
INSERT INTO symbols (symbol, codepoint, symbol_type, name) VALUES ('∈', 'U+2208', 'operator', 'element_of');
INSERT INTO operator_definition_lines (id, operator_id, prefix, content, line_order) VALUES (1158, 118, '≡', 'element of', 1);
INSERT INTO operator_definition_lines (id, operator_id, prefix, content, line_order) VALUES (1159, 118, '≡', 'membership', 2);
INSERT INTO operator_definition_lines (id, operator_id, prefix, content, line_order) VALUES (1160, 118, '≝', 'set membership', 3);
INSERT INTO operator_definition_lines (id, operator_id, prefix, content, line_order) VALUES (1161, 118, '≝', 'belongs to', 4);
INSERT INTO operator_definition_lines (id, operator_id, prefix, content, line_order) VALUES (1162, 118, '⊛', 'x∈S means x is a member of set S', 5);
INSERT INTO operators (id, symbol, name, module_id, category_id) VALUES (119, '∉', 'not_element_of', 4, 19);
INSERT INTO symbols (symbol, codepoint, symbol_type, name) VALUES ('∉', 'U+2209', 'operator', 'not_element_of');
INSERT INTO operator_definition_lines (id, operator_id, prefix, content, line_order) VALUES (1163, 119, '≡', 'not element of', 1);
INSERT INTO operator_definition_lines (id, operator_id, prefix, content, line_order) VALUES (1164, 119, '≡', 'non-membership', 2);
INSERT INTO operator_definition_lines (id, operator_id, prefix, content, line_order) VALUES (1165, 119, '≝', 'set exclusion', 3);
INSERT INTO operator_definition_lines (id, operator_id, prefix, content, line_order) VALUES (1166, 119, '≝', 'does not belong to', 4);
INSERT INTO operator_definition_lines (id, operator_id, prefix, content, line_order) VALUES (1167, 119, '⊛', 'x∉S means x is not a member of set S', 5);
INSERT INTO operator_definition_lines (id, operator_id, prefix, content, line_order) VALUES (1168, 119, '⊢', 'x∉S ↔ ¬(x∈S)', 6);
INSERT INTO operators (id, symbol, name, module_id, category_id) VALUES (120, '←', 'imports', 4, 16);
INSERT INTO symbols (symbol, codepoint, symbol_type, name) VALUES ('←', 'U+2190', 'operator', 'imports');
INSERT INTO operator_definition_lines (id, operator_id, prefix, content, line_order) VALUES (1169, 120, '≡', 'imports', 1);
INSERT INTO operator_definition_lines (id, operator_id, prefix, content, line_order) VALUES (1170, 120, '≡', 'sources from', 2);
INSERT INTO operator_definition_lines (id, operator_id, prefix, content, line_order) VALUES (1171, 120, '≝', 'dependency declaration', 3);
INSERT INTO operator_definition_lines (id, operator_id, prefix, content, line_order) VALUES (1172, 120, '≝', 'module inclusion', 4);
INSERT INTO operator_definition_lines (id, operator_id, prefix, content, line_order) VALUES (1173, 120, '⊛', '← core logical ⊸ [≡ ≝ → ∧ ∨]', 5);
INSERT INTO operator_definition_lines (id, operator_id, prefix, content, line_order) VALUES (1174, 120, '⊛', '← entity primary ⊸ [⚘ ⌖ ⧖]', 6);
INSERT INTO operator_definition_lines (id, operator_id, prefix, content, line_order) VALUES (1175, 120, '⊛', 'module ← dependency', 7);
INSERT INTO operator_definition_lines (id, operator_id, prefix, content, line_order) VALUES (1176, 120, '⊢', '← import ⊢ namespace availability ⊢ symbol access', 8);
INSERT INTO operators (id, symbol, name, module_id, category_id) VALUES (121, '∩', 'intersection', 4, 19);
INSERT INTO symbols (symbol, codepoint, symbol_type, name) VALUES ('∩', 'U+2229', 'operator', 'intersection');
INSERT INTO operator_definition_lines (id, operator_id, prefix, content, line_order) VALUES (1177, 121, '≡', 'intersection', 1);
INSERT INTO operator_definition_lines (id, operator_id, prefix, content, line_order) VALUES (1178, 121, '≡', 'common elements', 2);
INSERT INTO operator_definition_lines (id, operator_id, prefix, content, line_order) VALUES (1179, 121, '≝', 'set intersection', 3);
INSERT INTO operator_definition_lines (id, operator_id, prefix, content, line_order) VALUES (1180, 121, '≝', 'shared members', 4);
INSERT INTO operator_definition_lines (id, operator_id, prefix, content, line_order) VALUES (1181, 121, '⊛', 'A∩B contains elements in both A and B', 5);
INSERT INTO operator_definition_lines (id, operator_id, prefix, content, line_order) VALUES (1182, 121, '⊛', 'technical∩conceptual', 6);
INSERT INTO operator_definition_lines (id, operator_id, prefix, content, line_order) VALUES (1183, 121, '⊛', '⚘∩⚘∩⚘', 7);
INSERT INTO operator_definition_lines (id, operator_id, prefix, content, line_order) VALUES (1184, 121, '⊛', '⚘∩⌬=⩍_space', 8);
INSERT INTO operators (id, symbol, name, module_id, category_id) VALUES (122, '∪', 'union', 4, 19);
INSERT INTO symbols (symbol, codepoint, symbol_type, name) VALUES ('∪', 'U+222A', 'operator', 'union');
INSERT INTO operator_definition_lines (id, operator_id, prefix, content, line_order) VALUES (1185, 122, '≡', 'union', 1);
INSERT INTO operator_definition_lines (id, operator_id, prefix, content, line_order) VALUES (1186, 122, '≡', 'combined elements', 2);
INSERT INTO operator_definition_lines (id, operator_id, prefix, content, line_order) VALUES (1187, 122, '≝', 'set union', 3);
INSERT INTO operator_definition_lines (id, operator_id, prefix, content, line_order) VALUES (1188, 122, '≝', 'all members', 4);
INSERT INTO operator_definition_lines (id, operator_id, prefix, content, line_order) VALUES (1189, 122, '⊛', 'A∪B contains all elements from A or B', 5);
INSERT INTO operator_definition_lines (id, operator_id, prefix, content, line_order) VALUES (1190, 122, '⊛', 'დ∪ნ=⯐', 6);
INSERT INTO operator_definition_lines (id, operator_id, prefix, content, line_order) VALUES (1191, 122, '⊛', 'local∪global=full_ℳ', 7);
INSERT INTO operators (id, symbol, name, module_id, category_id) VALUES (123, '⊆', 'subset_or_equal', 4, 19);
INSERT INTO symbols (symbol, codepoint, symbol_type, name) VALUES ('⊆', 'U+2286', 'operator', 'subset_or_equal');
INSERT INTO operator_definition_lines (id, operator_id, prefix, content, line_order) VALUES (1192, 123, '≡', 'subset or equal', 1);
INSERT INTO operator_definition_lines (id, operator_id, prefix, content, line_order) VALUES (1193, 123, '≡', 'non-strict subset', 2);
INSERT INTO operator_definition_lines (id, operator_id, prefix, content, line_order) VALUES (1194, 123, '≝', 'set inclusion', 3);
INSERT INTO operator_definition_lines (id, operator_id, prefix, content, line_order) VALUES (1195, 123, '≝', 'contained within or equal', 4);
INSERT INTO operator_definition_lines (id, operator_id, prefix, content, line_order) VALUES (1196, 123, '⊛', 'A⊆B means every element of A is in B or A=B', 5);
INSERT INTO operator_definition_lines (id, operator_id, prefix, content, line_order) VALUES (1197, 123, '⊛', '⩎⊆⛁_system', 6);
INSERT INTO operator_definition_lines (id, operator_id, prefix, content, line_order) VALUES (1198, 123, '⊛', 'current_☊⊆potential', 7);
INSERT INTO operator_definition_lines (id, operator_id, prefix, content, line_order) VALUES (1199, 123, '⊛', 'affordances⊆prescriptions', 8);
INSERT INTO operators (id, symbol, name, module_id, category_id) VALUES (124, '⋃', 'big_union', 4, 19);
INSERT INTO symbols (symbol, codepoint, symbol_type, name) VALUES ('⋃', 'U+22C3', 'operator', 'big_union');
INSERT INTO operator_definition_lines (id, operator_id, prefix, content, line_order) VALUES (1200, 124, '≡', 'big union', 1);
INSERT INTO operator_definition_lines (id, operator_id, prefix, content, line_order) VALUES (1201, 124, '≡', 'union over collection', 2);
INSERT INTO operator_definition_lines (id, operator_id, prefix, content, line_order) VALUES (1202, 124, '≝', 'generalized union', 3);
INSERT INTO operator_definition_lines (id, operator_id, prefix, content, line_order) VALUES (1203, 124, '≝', 'union of multiple sets', 4);
INSERT INTO operator_definition_lines (id, operator_id, prefix, content, line_order) VALUES (1204, 124, '⊛', '⋃{A₁, A₂, ..., Aₙ} = union of all sets', 5);
INSERT INTO operator_definition_lines (id, operator_id, prefix, content, line_order) VALUES (1205, 124, '⊛', '⋃{დ,ნ,წ}=full_temporal', 6);
INSERT INTO operators (id, symbol, name, module_id, category_id) VALUES (125, '⋂', 'big_intersection', 4, 19);
INSERT INTO symbols (symbol, codepoint, symbol_type, name) VALUES ('⋂', 'U+22C2', 'operator', 'big_intersection');
INSERT INTO operator_definition_lines (id, operator_id, prefix, content, line_order) VALUES (1206, 125, '≡', 'big intersection', 1);
INSERT INTO operator_definition_lines (id, operator_id, prefix, content, line_order) VALUES (1207, 125, '≡', 'intersection over collection', 2);
INSERT INTO operator_definition_lines (id, operator_id, prefix, content, line_order) VALUES (1208, 125, '≝', 'generalized intersection', 3);
INSERT INTO operator_definition_lines (id, operator_id, prefix, content, line_order) VALUES (1209, 125, '≝', 'common to all sets', 4);
INSERT INTO operator_definition_lines (id, operator_id, prefix, content, line_order) VALUES (1210, 125, '⊛', '⋂{A₁, A₂, ..., Aₙ} = intersection of all sets', 5);
INSERT INTO operator_definition_lines (id, operator_id, prefix, content, line_order) VALUES (1211, 125, '⊛', '⋂{⚘,⚘,⚘}→API_design', 6);
INSERT INTO operator_definition_lines (id, operator_id, prefix, content, line_order) VALUES (1212, 125, '⊛', '⋂⊚→shared_☊', 7);
INSERT INTO operators (id, symbol, name, module_id, category_id) VALUES (126, '∑', 'summation', 4, 19);
INSERT INTO symbols (symbol, codepoint, symbol_type, name) VALUES ('∑', 'U+2211', 'operator', 'summation');
INSERT INTO operator_definition_lines (id, operator_id, prefix, content, line_order) VALUES (1213, 126, '≡', 'summation', 1);
INSERT INTO operator_definition_lines (id, operator_id, prefix, content, line_order) VALUES (1214, 126, '≡', 'aggregation', 2);
INSERT INTO operator_definition_lines (id, operator_id, prefix, content, line_order) VALUES (1215, 126, '≝', 'mathematical sum', 3);
INSERT INTO operator_definition_lines (id, operator_id, prefix, content, line_order) VALUES (1216, 126, '≝', 'total accumulation', 4);
INSERT INTO operator_definition_lines (id, operator_id, prefix, content, line_order) VALUES (1217, 126, '⊛', '∑ᵢ aᵢ = sum of all elements', 5);
INSERT INTO operator_definition_lines (id, operator_id, prefix, content, line_order) VALUES (1218, 126, '⊛', '∑⊚=complete_picture', 6);
INSERT INTO operator_definition_lines (id, operator_id, prefix, content, line_order) VALUES (1219, 126, '⊛', '∑⊟→consensus', 7);
INSERT INTO operator_definition_lines (id, operator_id, prefix, content, line_order) VALUES (1220, 126, '⊛', '∑⧊→⌺', 8);
INSERT INTO operator_definition_lines (id, operator_id, prefix, content, line_order) VALUES (1221, 126, '⊛', '∑elements→comprehensive', 9);
INSERT INTO operators (id, symbol, name, module_id, category_id) VALUES (127, '∫', 'integration', 4, 19);
INSERT INTO symbols (symbol, codepoint, symbol_type, name) VALUES ('∫', 'U+222B', 'operator', 'integration');
INSERT INTO operator_definition_lines (id, operator_id, prefix, content, line_order) VALUES (1222, 127, '≡', 'integration', 1);
INSERT INTO operator_definition_lines (id, operator_id, prefix, content, line_order) VALUES (1223, 127, '≡', 'continuous accumulation', 2);
INSERT INTO operator_definition_lines (id, operator_id, prefix, content, line_order) VALUES (1224, 127, '≝', 'mathematical integral', 3);
INSERT INTO operator_definition_lines (id, operator_id, prefix, content, line_order) VALUES (1225, 127, '≝', 'continuous sum', 4);
INSERT INTO operator_definition_lines (id, operator_id, prefix, content, line_order) VALUES (1226, 127, '⊛', '∫f(x)dx = integral over domain', 5);
INSERT INTO operator_definition_lines (id, operator_id, prefix, content, line_order) VALUES (1227, 127, '⊛', '∫⧊→⌺', 6);
INSERT INTO operator_definition_lines (id, operator_id, prefix, content, line_order) VALUES (1228, 127, '⊛', '∫⥈→☊_process', 7);
INSERT INTO operator_definition_lines (id, operator_id, prefix, content, line_order) VALUES (1229, 127, '⊛', '∫use→mastery', 8);
INSERT INTO operators (id, symbol, name, module_id, category_id) VALUES (128, '≅', 'congruent', 4, 19);
INSERT INTO symbols (symbol, codepoint, symbol_type, name) VALUES ('≅', 'U+2245', 'operator', 'congruent');
INSERT INTO operator_definition_lines (id, operator_id, prefix, content, line_order) VALUES (1230, 128, '≡', 'congruent', 1);
INSERT INTO operator_definition_lines (id, operator_id, prefix, content, line_order) VALUES (1231, 128, '≡', 'structurally equivalent', 2);
INSERT INTO operator_definition_lines (id, operator_id, prefix, content, line_order) VALUES (1232, 128, '≝', 'structural equivalence', 3);
INSERT INTO operator_definition_lines (id, operator_id, prefix, content, line_order) VALUES (1233, 128, '≝', 'same form', 4);
INSERT INTO operator_definition_lines (id, operator_id, prefix, content, line_order) VALUES (1234, 128, '⊛', 'A≅B means A and B have equivalent structure', 5);
INSERT INTO operator_definition_lines (id, operator_id, prefix, content, line_order) VALUES (1235, 128, '⊛', 'API≅contract', 6);
INSERT INTO operators (id, symbol, name, module_id, category_id) VALUES (129, '≃', 'isomorphism', 4, 19);
INSERT INTO symbols (symbol, codepoint, symbol_type, name) VALUES ('≃', 'U+2243', 'operator', 'isomorphism');
INSERT INTO operator_definition_lines (id, operator_id, prefix, content, line_order) VALUES (1236, 129, '≡', 'isomorphism', 1);
INSERT INTO operator_definition_lines (id, operator_id, prefix, content, line_order) VALUES (1237, 129, '≡', 'bidirectional equivalence', 2);
INSERT INTO operator_definition_lines (id, operator_id, prefix, content, line_order) VALUES (1238, 129, '≝', 'structural isomorphism', 3);
INSERT INTO operator_definition_lines (id, operator_id, prefix, content, line_order) VALUES (1239, 129, '≝', 'perfect correspondence', 4);
INSERT INTO operator_definition_lines (id, operator_id, prefix, content, line_order) VALUES (1240, 129, '⊛', 'A≃B means structure-preserving bijection exists', 5);
INSERT INTO operator_definition_lines (id, operator_id, prefix, content, line_order) VALUES (1241, 129, '⊛', 'structure≃behavior', 6);
INSERT INTO operator_definition_lines (id, operator_id, prefix, content, line_order) VALUES (1242, 129, '⊛', 'form≃function', 7);
INSERT INTO operator_definition_lines (id, operator_id, prefix, content, line_order) VALUES (1243, 129, '⊛', 'API≃contract_isomorphism', 8);
INSERT INTO operators (id, symbol, name, module_id, category_id) VALUES (130, '⊔', 'join', 4, 19);
INSERT INTO symbols (symbol, codepoint, symbol_type, name) VALUES ('⊔', 'U+2294', 'operator', 'join');
INSERT INTO operator_definition_lines (id, operator_id, prefix, content, line_order) VALUES (1244, 130, '≡', 'join', 1);
INSERT INTO operator_definition_lines (id, operator_id, prefix, content, line_order) VALUES (1245, 130, '≡', 'least upper bound', 2);
INSERT INTO operator_definition_lines (id, operator_id, prefix, content, line_order) VALUES (1246, 130, '≝', 'lattice join', 3);
INSERT INTO operator_definition_lines (id, operator_id, prefix, content, line_order) VALUES (1247, 130, '≝', 'supremum', 4);
INSERT INTO operator_definition_lines (id, operator_id, prefix, content, line_order) VALUES (1248, 130, '⊛', 'A⊔B = smallest element greater than both A and B', 5);
INSERT INTO operator_definition_lines (id, operator_id, prefix, content, line_order) VALUES (1249, 130, '⊛', 'local⊔global→∑', 6);
INSERT INTO operator_definition_lines (id, operator_id, prefix, content, line_order) VALUES (1250, 130, '⊛', '⊚⊔→synthesis', 7);
INSERT INTO operators (id, symbol, name, module_id, category_id) VALUES (131, '⎊', 'merger', 4, 18);
INSERT INTO symbols (symbol, codepoint, symbol_type, name) VALUES ('⎊', 'U+238A', 'operator', 'merger');
INSERT INTO operator_definition_lines (id, operator_id, prefix, content, line_order) VALUES (1251, 131, '≡', 'merger', 1);
INSERT INTO operator_definition_lines (id, operator_id, prefix, content, line_order) VALUES (1252, 131, '≡', 'structural combination', 2);
INSERT INTO operator_definition_lines (id, operator_id, prefix, content, line_order) VALUES (1253, 131, '≝', 'deep integration', 3);
INSERT INTO operator_definition_lines (id, operator_id, prefix, content, line_order) VALUES (1254, 131, '≝', 'merged structure', 4);
INSERT INTO operator_definition_lines (id, operator_id, prefix, content, line_order) VALUES (1255, 131, '⊛', 'A⎊B creates unified whole', 5);
INSERT INTO operator_definition_lines (id, operator_id, prefix, content, line_order) VALUES (1256, 131, '⊛', 'components⎊→⛁', 6);
INSERT INTO operator_definition_lines (id, operator_id, prefix, content, line_order) VALUES (1257, 131, '⊛', '⊚⎊→⩍', 7);
INSERT INTO operator_definition_lines (id, operator_id, prefix, content, line_order) VALUES (1258, 131, '⊛', 'partial_☊⎊→∑', 8);
INSERT INTO operator_definition_lines (id, operator_id, prefix, content, line_order) VALUES (1259, 131, '∂', '⎊≠⨝_deep_integration', 9);
INSERT INTO operators (id, symbol, name, module_id, category_id) VALUES (132, '⇌', 'extract', 4, 18);
INSERT INTO symbols (symbol, codepoint, symbol_type, name) VALUES ('⇌', 'U+21CC', 'operator', 'extract');
INSERT INTO operator_definition_lines (id, operator_id, prefix, content, line_order) VALUES (1260, 132, '≡', 'extract', 1);
INSERT INTO operator_definition_lines (id, operator_id, prefix, content, line_order) VALUES (1261, 132, '≡', 'bidirectional derivation', 2);
INSERT INTO operator_definition_lines (id, operator_id, prefix, content, line_order) VALUES (1262, 132, '≝', 'two-way transformation', 3);
INSERT INTO operator_definition_lines (id, operator_id, prefix, content, line_order) VALUES (1263, 132, '≝', 'mutual derivation', 4);
INSERT INTO operator_definition_lines (id, operator_id, prefix, content, line_order) VALUES (1264, 132, '⊛', 'A⇌B means can derive either from the other', 5);
INSERT INTO operator_definition_lines (id, operator_id, prefix, content, line_order) VALUES (1265, 132, '⊛', '⇌pattern from ⯐', 6);
INSERT INTO operator_definition_lines (id, operator_id, prefix, content, line_order) VALUES (1266, 132, '⊛', 'meaning⇌symbol', 7);
INSERT INTO operator_definition_lines (id, operator_id, prefix, content, line_order) VALUES (1267, 132, '⊛', 'abstract⇌concrete', 8);
INSERT INTO operators (id, symbol, name, module_id, category_id) VALUES (133, '⊥', 'bottom', 4, 19);
INSERT INTO symbols (symbol, codepoint, symbol_type, name) VALUES ('⊥', 'U+22A5', 'operator', 'bottom');
INSERT INTO operator_definition_lines (id, operator_id, prefix, content, line_order) VALUES (1268, 133, '≡', 'bottom', 1);
INSERT INTO operator_definition_lines (id, operator_id, prefix, content, line_order) VALUES (1269, 133, '≡', 'falsum', 2);
INSERT INTO operator_definition_lines (id, operator_id, prefix, content, line_order) VALUES (1270, 133, '≝', 'logical contradiction', 3);
INSERT INTO operator_definition_lines (id, operator_id, prefix, content, line_order) VALUES (1271, 133, '≝', 'always false', 4);
INSERT INTO operator_definition_lines (id, operator_id, prefix, content, line_order) VALUES (1272, 133, '⊛', '⊥ represents impossibility', 5);
INSERT INTO operator_definition_lines (id, operator_id, prefix, content, line_order) VALUES (1273, 133, '⊛', 'unreachable state', 6);
INSERT INTO operators (id, symbol, name, module_id, category_id) VALUES (134, '∂', 'boundary', 4, 19);
INSERT INTO symbols (symbol, codepoint, symbol_type, name) VALUES ('∂', 'U+2202', 'operator', 'boundary');
INSERT INTO operator_definition_lines (id, operator_id, prefix, content, line_order) VALUES (1274, 134, '≡', 'boundary', 1);
INSERT INTO operator_definition_lines (id, operator_id, prefix, content, line_order) VALUES (1275, 134, '≡', 'interface_edge', 2);
INSERT INTO operator_definition_lines (id, operator_id, prefix, content, line_order) VALUES (1276, 134, '≝', 'scope delimiter', 3);
INSERT INTO operator_definition_lines (id, operator_id, prefix, content, line_order) VALUES (1277, 134, '≝', 'separation point', 4);
INSERT INTO operator_definition_lines (id, operator_id, prefix, content, line_order) VALUES (1278, 134, '⊛', 'service∂service ∧ API∂client ∧ ∂ defines scope', 5);
INSERT INTO operator_definition_lines (id, operator_id, prefix, content, line_order) VALUES (1279, 134, '⊛', 'security∂ perimeter ∧ ∂ enforcement points', 6);
INSERT INTO operator_definition_lines (id, operator_id, prefix, content, line_order) VALUES (1280, 134, '⊛', 'microservice∂ isolation ∧ ┃≈∂ specialized', 7);
INSERT INTO operators (id, symbol, name, module_id, category_id) VALUES (135, '≈', 'approximately_equals', 4, 19);
INSERT INTO symbols (symbol, codepoint, symbol_type, name) VALUES ('≈', 'U+2248', 'operator', 'approximately_equals');
INSERT INTO operator_definition_lines (id, operator_id, prefix, content, line_order) VALUES (1281, 135, '≡', 'approximately equals', 1);
INSERT INTO operator_definition_lines (id, operator_id, prefix, content, line_order) VALUES (1282, 135, '≡', 'similar to', 2);
INSERT INTO operator_definition_lines (id, operator_id, prefix, content, line_order) VALUES (1283, 135, '≝', 'soft equivalence', 3);
INSERT INTO operator_definition_lines (id, operator_id, prefix, content, line_order) VALUES (1284, 135, '≝', 'close approximation', 4);
INSERT INTO operator_definition_lines (id, operator_id, prefix, content, line_order) VALUES (1285, 135, '⊛', 'revision≈refinement ∧ ☊≈navigation', 5);
INSERT INTO operator_definition_lines (id, operator_id, prefix, content, line_order) VALUES (1286, 135, '⊛', 'notation≈compression ∧ current≈evolving', 6);
INSERT INTO operator_definition_lines (id, operator_id, prefix, content, line_order) VALUES (1287, 135, '⊛', 'allows flexible semantic matching', 7);
INSERT INTO operators (id, symbol, name, module_id, category_id) VALUES (136, '≐', 'density', 4, 19);
INSERT INTO symbols (symbol, codepoint, symbol_type, name) VALUES ('≐', 'U+2250', 'operator', 'density');
INSERT INTO operator_definition_lines (id, operator_id, prefix, content, line_order) VALUES (1288, 136, '≡', 'density', 1);
INSERT INTO operator_definition_lines (id, operator_id, prefix, content, line_order) VALUES (1289, 136, '≡', 'concentration', 2);
INSERT INTO operator_definition_lines (id, operator_id, prefix, content, line_order) VALUES (1290, 136, '≝', 'semantic density', 3);
INSERT INTO operator_definition_lines (id, operator_id, prefix, content, line_order) VALUES (1291, 136, '≝', 'compression measure', 4);
INSERT INTO operator_definition_lines (id, operator_id, prefix, content, line_order) VALUES (1292, 136, '⊛', '≐⧊→⌺ crystallization', 5);
INSERT INTO operator_definition_lines (id, operator_id, prefix, content, line_order) VALUES (1293, 136, '⊛', 'semantic≐ ∧ compression≐ ∧ symbol≐efficiency', 6);
INSERT INTO operator_definition_lines (id, operator_id, prefix, content, line_order) VALUES (1294, 136, '⊛', 'measures information concentration', 7);
INSERT INTO operators (id, symbol, name, module_id, category_id) VALUES (137, '∅', 'empty_set', 4, 19);
INSERT INTO symbols (symbol, codepoint, symbol_type, name) VALUES ('∅', 'U+2205', 'operator', 'empty_set');
INSERT INTO operator_definition_lines (id, operator_id, prefix, content, line_order) VALUES (1295, 137, '≡', 'empty set', 1);
INSERT INTO operator_definition_lines (id, operator_id, prefix, content, line_order) VALUES (1296, 137, '≡', 'null absence', 2);
INSERT INTO operator_definition_lines (id, operator_id, prefix, content, line_order) VALUES (1297, 137, '≝', 'empty state', 3);
INSERT INTO operator_definition_lines (id, operator_id, prefix, content, line_order) VALUES (1298, 137, '≝', 'no elements', 4);
INSERT INTO operator_definition_lines (id, operator_id, prefix, content, line_order) VALUES (1299, 137, '⊛', '∅≡empty_state ∧ undefined→∅', 5);
INSERT INTO operator_definition_lines (id, operator_id, prefix, content, line_order) VALUES (1300, 137, '⊛', '∅ℳ=no_meaning ∧ ∅⌺=unstable', 6);
INSERT INTO operator_definition_lines (id, operator_id, prefix, content, line_order) VALUES (1301, 137, '⊛', 'logical_∅ represents absence', 7);
INSERT INTO operators (id, symbol, name, module_id, category_id) VALUES (138, '∝', 'proportional_to', 4, 19);
INSERT INTO symbols (symbol, codepoint, symbol_type, name) VALUES ('∝', 'U+221D', 'operator', 'proportional_to');
INSERT INTO operator_definition_lines (id, operator_id, prefix, content, line_order) VALUES (1302, 138, '≡', 'proportional to', 1);
INSERT INTO operator_definition_lines (id, operator_id, prefix, content, line_order) VALUES (1303, 138, '≡', 'ratio relation', 2);
INSERT INTO operator_definition_lines (id, operator_id, prefix, content, line_order) VALUES (1304, 138, '≝', 'proportional relationship', 3);
INSERT INTO operator_definition_lines (id, operator_id, prefix, content, line_order) VALUES (1305, 138, '≝', 'scalar relationship', 4);
INSERT INTO operator_definition_lines (id, operator_id, prefix, content, line_order) VALUES (1306, 138, '⊛', 'A∝B means A varies proportionally with B', 5);
INSERT INTO operator_definition_lines (id, operator_id, prefix, content, line_order) VALUES (1307, 138, '⊛', 'certainty⁻¹∝☊', 6);
INSERT INTO operator_definition_lines (id, operator_id, prefix, content, line_order) VALUES (1308, 138, '⊛', 'density∝compression', 7);
INSERT INTO operator_definition_lines (id, operator_id, prefix, content, line_order) VALUES (1309, 138, '⊛', 'use∝stability', 8);
INSERT INTO operator_definition_lines (id, operator_id, prefix, content, line_order) VALUES (1310, 138, '⊛', '⥈∝ℳ', 9);
INSERT INTO operators (id, symbol, name, module_id, category_id) VALUES (139, '∇', 'gradient', 4, 19);
INSERT INTO symbols (symbol, codepoint, symbol_type, name) VALUES ('∇', 'U+2207', 'operator', 'gradient');
INSERT INTO operator_definition_lines (id, operator_id, prefix, content, line_order) VALUES (1311, 139, '≡', 'gradient', 1);
INSERT INTO operator_definition_lines (id, operator_id, prefix, content, line_order) VALUES (1312, 139, '≡', 'optimal direction', 2);
INSERT INTO operator_definition_lines (id, operator_id, prefix, content, line_order) VALUES (1313, 139, '≝', 'direction of steepest ascent', 3);
INSERT INTO operator_definition_lines (id, operator_id, prefix, content, line_order) VALUES (1314, 139, '≝', 'optimization vector', 4);
INSERT INTO operator_definition_lines (id, operator_id, prefix, content, line_order) VALUES (1315, 139, '⊛', '∇f points toward maximum increase', 5);
INSERT INTO operator_definition_lines (id, operator_id, prefix, content, line_order) VALUES (1316, 139, '⊛', '∇(⥅,┃,⥈)→☊', 6);
INSERT INTO operator_definition_lines (id, operator_id, prefix, content, line_order) VALUES (1317, 139, '⊛', '∇⧆→resolution', 7);
INSERT INTO operator_definition_lines (id, operator_id, prefix, content, line_order) VALUES (1318, 139, '⊛', '∇⯐→optimization', 8);
INSERT INTO operator_definition_lines (id, operator_id, prefix, content, line_order) VALUES (1319, 139, '⊛', '∇process→⊙', 9);
INSERT INTO operators (id, symbol, name, module_id, category_id) VALUES (140, '⊞', 'commit', 4, 18);
INSERT INTO symbols (symbol, codepoint, symbol_type, name) VALUES ('⊞', 'U+229E', 'operator', 'commit');
INSERT INTO operator_definition_lines (id, operator_id, prefix, content, line_order) VALUES (1320, 140, '≡', 'commit', 1);
INSERT INTO operator_definition_lines (id, operator_id, prefix, content, line_order) VALUES (1321, 140, '≡', 'definitive addition', 2);
INSERT INTO operator_definition_lines (id, operator_id, prefix, content, line_order) VALUES (1322, 140, '≝', 'permanent state change', 3);
INSERT INTO operator_definition_lines (id, operator_id, prefix, content, line_order) VALUES (1323, 140, '≝', 'finalized addition', 4);
INSERT INTO operator_definition_lines (id, operator_id, prefix, content, line_order) VALUES (1324, 140, '⊡', 'Փ8Լ9', 5);
INSERT INTO operator_definition_lines (id, operator_id, prefix, content, line_order) VALUES (1325, 140, '∂', '¬tentative change', 6);
INSERT INTO operator_definition_lines (id, operator_id, prefix, content, line_order) VALUES (1326, 140, '∂', 'requires finalization', 7);
INSERT INTO operator_definition_lines (id, operator_id, prefix, content, line_order) VALUES (1327, 140, '⊛', '⊞→permanent_state', 8);
INSERT INTO operator_definition_lines (id, operator_id, prefix, content, line_order) VALUES (1328, 140, '⊛', '⊞∈commitment_process', 9);
INSERT INTO operator_definition_lines (id, operator_id, prefix, content, line_order) VALUES (1329, 140, '⊛', '⊞→finalized_addition', 10);
INSERT INTO operator_definition_lines (id, operator_id, prefix, content, line_order) VALUES (1330, 140, '⊛', '⊞≠tentative_change', 11);
INSERT INTO operator_definition_lines (id, operator_id, prefix, content, line_order) VALUES (1331, 140, '⊛', '⊞→obligation_creation', 12);
INSERT INTO operator_definition_lines (id, operator_id, prefix, content, line_order) VALUES (1332, 140, '⊛', '⊞∮→completion', 13);
INSERT INTO operators (id, symbol, name, module_id, category_id) VALUES (141, '∮', 'resolve', 4, 18);
INSERT INTO symbols (symbol, codepoint, symbol_type, name) VALUES ('∮', 'U+222E', 'operator', 'resolve');
INSERT INTO operator_definition_lines (id, operator_id, prefix, content, line_order) VALUES (1333, 141, '≡', 'resolve', 1);
INSERT INTO operator_definition_lines (id, operator_id, prefix, content, line_order) VALUES (1334, 141, '≡', 'closure_operation', 2);
INSERT INTO operator_definition_lines (id, operator_id, prefix, content, line_order) VALUES (1335, 141, '≝', 'finalization process', 3);
INSERT INTO operator_definition_lines (id, operator_id, prefix, content, line_order) VALUES (1336, 141, '≝', 'stable outcome achievement', 4);
INSERT INTO operator_definition_lines (id, operator_id, prefix, content, line_order) VALUES (1337, 141, '⊡', 'Փ8Լ8', 5);
INSERT INTO operator_definition_lines (id, operator_id, prefix, content, line_order) VALUES (1338, 141, '⊛', '∮→completion_state', 6);
INSERT INTO operator_definition_lines (id, operator_id, prefix, content, line_order) VALUES (1339, 141, '⊛', '∮∈finalization_process', 7);
INSERT INTO operator_definition_lines (id, operator_id, prefix, content, line_order) VALUES (1340, 141, '⊛', '⊟→∮ resolution', 8);
INSERT INTO operator_definition_lines (id, operator_id, prefix, content, line_order) VALUES (1341, 141, '⊛', 'conflict∮consensus', 9);
INSERT INTO operator_definition_lines (id, operator_id, prefix, content, line_order) VALUES (1342, 141, '⊛', '∮→stable_outcome', 10);
INSERT INTO operator_definition_lines (id, operator_id, prefix, content, line_order) VALUES (1343, 141, '⊛', 'workflow∮termination', 11);
INSERT INTO operator_definition_lines (id, operator_id, prefix, content, line_order) VALUES (1344, 141, '⊛', '⊞→∮_commitment_closure', 12);
INSERT INTO operator_definition_lines (id, operator_id, prefix, content, line_order) VALUES (1345, 141, '⊢', '∮ resolution ⊢ stable outcome ⊢ workflow completion', 13);
INSERT INTO operators (id, symbol, name, module_id, category_id) VALUES (142, '⎄', 'interaction', 4, 18);
INSERT INTO symbols (symbol, codepoint, symbol_type, name) VALUES ('⎄', 'U+2384', 'operator', 'interaction');
INSERT INTO operator_definition_lines (id, operator_id, prefix, content, line_order) VALUES (1346, 142, '≡', 'interaction', 1);
INSERT INTO operator_definition_lines (id, operator_id, prefix, content, line_order) VALUES (1347, 142, '≡', 'components engage', 2);
INSERT INTO operator_definition_lines (id, operator_id, prefix, content, line_order) VALUES (1348, 142, '≝', 'mutual engagement', 3);
INSERT INTO operator_definition_lines (id, operator_id, prefix, content, line_order) VALUES (1349, 142, '≝', 'system coupling', 4);
INSERT INTO operator_definition_lines (id, operator_id, prefix, content, line_order) VALUES (1350, 142, '⊛', 'components⎄engage', 5);
INSERT INTO operator_definition_lines (id, operator_id, prefix, content, line_order) VALUES (1351, 142, '⊛', '⩎⎄⩎', 6);
INSERT INTO operator_definition_lines (id, operator_id, prefix, content, line_order) VALUES (1352, 142, '⊛', '⚘⎄⌬ via ┃', 7);
INSERT INTO operator_definition_lines (id, operator_id, prefix, content, line_order) VALUES (1353, 142, '⊛', 'systems⎄through⎄', 8);
INSERT INTO operator_definition_lines (id, operator_id, prefix, content, line_order) VALUES (1354, 142, '⊢', '⎄ interaction ⊢ component coupling ⊢ system behavior', 9);
INSERT INTO operators (id, symbol, name, module_id, category_id) VALUES (143, '⨝', 'integration', 4, 18);
INSERT INTO symbols (symbol, codepoint, symbol_type, name) VALUES ('⨝', 'U+2A1D', 'operator', 'integration');
INSERT INTO operator_definition_lines (id, operator_id, prefix, content, line_order) VALUES (1355, 143, '≡', 'integration', 1);
INSERT INTO operator_definition_lines (id, operator_id, prefix, content, line_order) VALUES (1356, 143, '≡', 'systematic_merging', 2);
INSERT INTO operator_definition_lines (id, operator_id, prefix, content, line_order) VALUES (1357, 143, '≝', 'emergent unification', 3);
INSERT INTO operator_definition_lines (id, operator_id, prefix, content, line_order) VALUES (1358, 143, '≝', 'cross-domain synthesis', 4);
INSERT INTO operator_definition_lines (id, operator_id, prefix, content, line_order) VALUES (1359, 143, '⊡', 'Փ8Գ8 delays7', 5);
INSERT INTO operator_definition_lines (id, operator_id, prefix, content, line_order) VALUES (1360, 143, '∂', '⨝≠⊕ simple addition', 6);
INSERT INTO operator_definition_lines (id, operator_id, prefix, content, line_order) VALUES (1361, 143, '∂', 'requires coherence emergence', 7);
INSERT INTO operator_definition_lines (id, operator_id, prefix, content, line_order) VALUES (1362, 143, '⊛', '⨝→unified_system', 8);
INSERT INTO operator_definition_lines (id, operator_id, prefix, content, line_order) VALUES (1363, 143, '⊛', '⨝∈synthesis_process', 9);
INSERT INTO operator_definition_lines (id, operator_id, prefix, content, line_order) VALUES (1364, 143, '⊛', 'components⨝→coherent_whole', 10);
INSERT INTO operator_definition_lines (id, operator_id, prefix, content, line_order) VALUES (1365, 143, '⊛', '⨝ creates ◬', 11);
INSERT INTO operator_definition_lines (id, operator_id, prefix, content, line_order) VALUES (1366, 143, '⊛', '⨝→cross_domain_combination', 12);
INSERT INTO operator_definition_lines (id, operator_id, prefix, content, line_order) VALUES (1367, 143, '⊛', 'symbols⨝meanings→◭_system', 13);
INSERT INTO operator_definition_lines (id, operator_id, prefix, content, line_order) VALUES (1368, 143, '⊛', '⨝ ≡ 𝀷_structural', 14);
INSERT INTO operator_definition_lines (id, operator_id, prefix, content, line_order) VALUES (1369, 143, '⊢', '⨝ integration ⊢ coherent whole ⊢ emergent properties', 15);
INSERT INTO operators (id, symbol, name, module_id, category_id) VALUES (144, 'ℤ', 'integer', 4, 20);
INSERT INTO symbols (symbol, codepoint, symbol_type, name) VALUES ('ℤ', 'U+2124', 'operator', 'integer');
INSERT INTO operator_definition_lines (id, operator_id, prefix, content, line_order) VALUES (1370, 144, '≡', 'integer', 1);
INSERT INTO operator_definition_lines (id, operator_id, prefix, content, line_order) VALUES (1371, 144, '≡', 'whole_number', 2);
INSERT INTO operator_definition_lines (id, operator_id, prefix, content, line_order) VALUES (1372, 144, '≝', 'discrete countable value', 3);
INSERT INTO operator_definition_lines (id, operator_id, prefix, content, line_order) VALUES (1373, 144, '≝', 'whole number domain', 4);
INSERT INTO operator_definition_lines (id, operator_id, prefix, content, line_order) VALUES (1374, 144, '⊡', 'Բ9Փ8', 5);
INSERT INTO operator_definition_lines (id, operator_id, prefix, content, line_order) VALUES (1375, 144, '∂', 'ℤ≠ℝ (discrete not continuous)', 6);
INSERT INTO operator_definition_lines (id, operator_id, prefix, content, line_order) VALUES (1376, 144, '∂', 'ℤ⊂numeric_types', 7);
INSERT INTO operator_definition_lines (id, operator_id, prefix, content, line_order) VALUES (1377, 144, '⊛', 'ℤ∈countable_domain', 8);
INSERT INTO operator_definition_lines (id, operator_id, prefix, content, line_order) VALUES (1378, 144, '⊛', 'ℤ→ℝ conversion', 9);
INSERT INTO operator_definition_lines (id, operator_id, prefix, content, line_order) VALUES (1379, 144, '⊛', '⧈[ℤ] indexing', 10);
INSERT INTO operator_definition_lines (id, operator_id, prefix, content, line_order) VALUES (1380, 144, '⊛', 'loop_bounds≡ℤ', 11);
INSERT INTO operator_definition_lines (id, operator_id, prefix, content, line_order) VALUES (1381, 144, '⊛', 'ნ_ℤ values', 12);
INSERT INTO operator_definition_lines (id, operator_id, prefix, content, line_order) VALUES (1382, 144, '⊛', 'ℤ ⊨ range⌾', 13);
INSERT INTO operator_definition_lines (id, operator_id, prefix, content, line_order) VALUES (1383, 144, '⊛', 'ℤ≡⩎_field', 14);
INSERT INTO operator_definition_lines (id, operator_id, prefix, content, line_order) VALUES (1384, 144, '⊢', 'ℤ integer ⊢ countable domain ⊢ discrete values', 15);
INSERT INTO operators (id, symbol, name, module_id, category_id) VALUES (145, '⊸', 'import', 4, 16);
INSERT INTO symbols (symbol, codepoint, symbol_type, name) VALUES ('⊸', 'U+22B8', 'operator', 'import');
INSERT INTO operator_definition_lines (id, operator_id, prefix, content, line_order) VALUES (1385, 145, '≡', 'import', 1);
INSERT INTO operator_definition_lines (id, operator_id, prefix, content, line_order) VALUES (1386, 145, '≡', 'module_inclusion', 2);
INSERT INTO operator_definition_lines (id, operator_id, prefix, content, line_order) VALUES (1387, 145, '≝', 'dependency declaration', 3);
INSERT INTO operator_definition_lines (id, operator_id, prefix, content, line_order) VALUES (1388, 145, '≝', 'external resource inclusion', 4);
INSERT INTO operator_definition_lines (id, operator_id, prefix, content, line_order) VALUES (1389, 145, '⊡', 'Գ8Լ7', 5);
INSERT INTO operator_definition_lines (id, operator_id, prefix, content, line_order) VALUES (1390, 145, '∂', '⊸≠← (⊸ brings in|← arrow direction)', 6);
INSERT INTO operator_definition_lines (id, operator_id, prefix, content, line_order) VALUES (1391, 145, '∂', 'requires external source', 7);
INSERT INTO operator_definition_lines (id, operator_id, prefix, content, line_order) VALUES (1392, 145, '⊛', '⊸→external_⩎', 8);
INSERT INTO operator_definition_lines (id, operator_id, prefix, content, line_order) VALUES (1393, 145, '⊛', '⊸ creates ↬_dependencies', 9);
INSERT INTO operator_definition_lines (id, operator_id, prefix, content, line_order) VALUES (1394, 145, '⊛', 'namespace_resolution via ⊸', 10);
INSERT INTO operator_definition_lines (id, operator_id, prefix, content, line_order) VALUES (1395, 145, '⊛', '⊸→reuse', 11);
INSERT INTO operator_definition_lines (id, operator_id, prefix, content, line_order) VALUES (1396, 145, '⊛', '⊸→⧈ availability', 12);
INSERT INTO operator_definition_lines (id, operator_id, prefix, content, line_order) VALUES (1397, 145, '⊛', 'dependency∧⊸', 13);
INSERT INTO operator_definition_lines (id, operator_id, prefix, content, line_order) VALUES (1398, 145, '⊛', 'circular∧⊸', 14);
INSERT INTO operator_definition_lines (id, operator_id, prefix, content, line_order) VALUES (1399, 145, '⊛', 'lazyო◻⊸', 15);
INSERT INTO operator_definition_lines (id, operator_id, prefix, content, line_order) VALUES (1400, 145, '⊛', 'დწ_conflict∈⊸', 16);
INSERT INTO operator_definition_lines (id, operator_id, prefix, content, line_order) VALUES (1401, 145, '⊢', '⊸ import ⊢ namespace availability ⊢ external dependency', 17);
INSERT INTO operators (id, symbol, name, module_id, category_id) VALUES (146, '⊐', 'awaiting', 4, 16);
INSERT INTO symbols (symbol, codepoint, symbol_type, name) VALUES ('⊐', 'U+2290', 'operator', 'awaiting');
INSERT INTO operator_definition_lines (id, operator_id, prefix, content, line_order) VALUES (1402, 146, '≡', 'awaiting', 1);
INSERT INTO operator_definition_lines (id, operator_id, prefix, content, line_order) VALUES (1403, 146, '≡', 'ball_elsewhere', 2);
INSERT INTO operator_definition_lines (id, operator_id, prefix, content, line_order) VALUES (1404, 146, '≝', 'open loop held by other', 3);
INSERT INTO operator_definition_lines (id, operator_id, prefix, content, line_order) VALUES (1405, 146, '≝', 'blocked pending external action', 4);
INSERT INTO operator_definition_lines (id, operator_id, prefix, content, line_order) VALUES (1406, 146, '⊡', '1≡stale|5≡active|9≡urgent', 5);
INSERT INTO operator_definition_lines (id, operator_id, prefix, content, line_order) VALUES (1407, 146, '∂', '⊐≠⊏ (⊐ they hold | ⊏ I hold)', 6);
INSERT INTO operator_definition_lines (id, operator_id, prefix, content, line_order) VALUES (1408, 146, '∂', '⊐≠◇ (⊐ blocked | ◇ eventual)', 7);
INSERT INTO operator_definition_lines (id, operator_id, prefix, content, line_order) VALUES (1409, 146, '∂', '⊐≠⊟ (⊐ agent known | ⊟ unclear)', 8);
INSERT INTO operator_definition_lines (id, operator_id, prefix, content, line_order) VALUES (1410, 146, '⊛', '⊐⚘⦑agent⦒⦑item⦒', 9);
INSERT INTO operator_definition_lines (id, operator_id, prefix, content, line_order) VALUES (1411, 146, '⊛', '⊐⍚⦑org⦒⦑item⦒', 10);
INSERT INTO operator_definition_lines (id, operator_id, prefix, content, line_order) VALUES (1412, 146, '⊛', 'follow-up◻⊐', 11);
INSERT INTO operator_definition_lines (id, operator_id, prefix, content, line_order) VALUES (1413, 146, '⊛', 'γ drain low', 12);
INSERT INTO operator_definition_lines (id, operator_id, prefix, content, line_order) VALUES (1414, 146, '⊛', '⍜ external', 13);
INSERT INTO operator_definition_lines (id, operator_id, prefix, content, line_order) VALUES (1415, 146, '⊢', '⊐ ⊢ action unavailable ⊢ ◇follow-up', 14);
INSERT INTO operator_definition_lines (id, operator_id, prefix, content, line_order) VALUES (1416, 146, '⟷', '⊐⟷ς (⊐ creates coordination dependency)', 15);
INSERT INTO operator_definition_lines (id, operator_id, prefix, content, line_order) VALUES (1417, 146, '⟷', '⊐→⊏ when responsibility transfers', 16);
INSERT INTO operators (id, symbol, name, module_id, category_id) VALUES (147, '⊏', 'owing', 4, 16);
INSERT INTO symbols (symbol, codepoint, symbol_type, name) VALUES ('⊏', 'U+228F', 'operator', 'owing');
INSERT INTO operator_definition_lines (id, operator_id, prefix, content, line_order) VALUES (1418, 147, '≡', 'owing', 1);
INSERT INTO operator_definition_lines (id, operator_id, prefix, content, line_order) VALUES (1419, 147, '≡', 'ball_here', 2);
INSERT INTO operator_definition_lines (id, operator_id, prefix, content, line_order) VALUES (1420, 147, '≝', 'open loop held by self', 3);
INSERT INTO operator_definition_lines (id, operator_id, prefix, content, line_order) VALUES (1421, 147, '≝', 'blocked pending my action', 4);
INSERT INTO operator_definition_lines (id, operator_id, prefix, content, line_order) VALUES (1422, 147, '⊡', '1≡stale|5≡active|9≡urgent', 5);
INSERT INTO operator_definition_lines (id, operator_id, prefix, content, line_order) VALUES (1423, 147, '∂', '⊏≠⊐ (⊏ I hold | ⊐ they hold)', 6);
INSERT INTO operator_definition_lines (id, operator_id, prefix, content, line_order) VALUES (1424, 147, '⊛', '⊏⚘⦑agent⦒⦑item⦒', 7);
INSERT INTO operator_definition_lines (id, operator_id, prefix, content, line_order) VALUES (1425, 147, '⊛', '⊏⦑item⦒', 8);
INSERT INTO operator_definition_lines (id, operator_id, prefix, content, line_order) VALUES (1426, 147, '⊛', 'action available', 9);
INSERT INTO operator_definition_lines (id, operator_id, prefix, content, line_order) VALUES (1427, 147, '⊛', 'guilt accumulates', 10);
INSERT INTO operator_definition_lines (id, operator_id, prefix, content, line_order) VALUES (1428, 147, '⊛', 'γ drain high', 11);
INSERT INTO operator_definition_lines (id, operator_id, prefix, content, line_order) VALUES (1429, 147, '⊛', '⍜ internal', 12);
INSERT INTO operator_definition_lines (id, operator_id, prefix, content, line_order) VALUES (1430, 147, '⊢', '⊏ ⊢ action available ⊢ ◇∮', 13);
INSERT INTO operator_definition_lines (id, operator_id, prefix, content, line_order) VALUES (1431, 147, '⊢', '⊏ accumulation ⊢ γ⤋', 14);
INSERT INTO operator_definition_lines (id, operator_id, prefix, content, line_order) VALUES (1432, 147, '⟷', '⊏⟷γ (⊏ count drains capacity)', 15);
INSERT INTO operator_definition_lines (id, operator_id, prefix, content, line_order) VALUES (1433, 147, '⟷', '⊏→∮ via action', 16);
INSERT INTO operator_definition_lines (id, operator_id, prefix, content, line_order) VALUES (1434, 147, '⟷', '⊏→⊐ via delegation', 17);
INSERT INTO operators (id, symbol, name, module_id, category_id) VALUES (148, '⏸', 'dormant', 4, 16);
INSERT INTO symbols (symbol, codepoint, symbol_type, name) VALUES ('⏸', 'U+23F8', 'operator', 'dormant');
INSERT INTO operator_definition_lines (id, operator_id, prefix, content, line_order) VALUES (1435, 148, '≡', 'dormant', 1);
INSERT INTO operator_definition_lines (id, operator_id, prefix, content, line_order) VALUES (1436, 148, '≡', 'intentionally_paused', 2);
INSERT INTO operator_definition_lines (id, operator_id, prefix, content, line_order) VALUES (1437, 148, '≝', 'open loop suspended by choice', 3);
INSERT INTO operator_definition_lines (id, operator_id, prefix, content, line_order) VALUES (1438, 148, '≝', 'will reactivate', 4);
INSERT INTO operator_definition_lines (id, operator_id, prefix, content, line_order) VALUES (1439, 148, '∂', '⏸≠⊏ (⏸ paused | ⊏ actionable)', 5);
INSERT INTO operator_definition_lines (id, operator_id, prefix, content, line_order) VALUES (1440, 148, '∂', '⏸≠⊐ (⏸ by choice | ⊐ by external)', 6);
INSERT INTO operator_definition_lines (id, operator_id, prefix, content, line_order) VALUES (1441, 148, '⊛', '⏸⦑item⦒', 7);
INSERT INTO operator_definition_lines (id, operator_id, prefix, content, line_order) VALUES (1442, 148, '⊛', 'cork without abandonment', 8);
INSERT INTO operator_definition_lines (id, operator_id, prefix, content, line_order) VALUES (1443, 148, '⊛', 'γ drain near zero', 9);
INSERT INTO operator_definition_lines (id, operator_id, prefix, content, line_order) VALUES (1444, 148, '⟷', '⏸→⊏ via reactivation', 10);
INSERT INTO operators (id, symbol, name, module_id, category_id) VALUES (149, '⊬', 'orphaned', 4, 16);
INSERT INTO symbols (symbol, codepoint, symbol_type, name) VALUES ('⊬', 'U+22AC', 'operator', 'orphaned');
INSERT INTO operator_definition_lines (id, operator_id, prefix, content, line_order) VALUES (1445, 149, '≡', 'orphaned', 1);
INSERT INTO operator_definition_lines (id, operator_id, prefix, content, line_order) VALUES (1446, 149, '≡', 'holder_unclear', 2);
INSERT INTO operator_definition_lines (id, operator_id, prefix, content, line_order) VALUES (1447, 149, '≝', 'open loop fallen through', 3);
INSERT INTO operator_definition_lines (id, operator_id, prefix, content, line_order) VALUES (1448, 149, '≝', 'neither party owns', 4);
INSERT INTO operator_definition_lines (id, operator_id, prefix, content, line_order) VALUES (1449, 149, '⊛', '⊬⦑item⦒', 5);
INSERT INTO operator_definition_lines (id, operator_id, prefix, content, line_order) VALUES (1450, 149, '⊛', 'requires triage', 6);
INSERT INTO operator_definition_lines (id, operator_id, prefix, content, line_order) VALUES (1451, 149, '⊛', 'often surfaces as surprise', 7);
INSERT INTO operator_definition_lines (id, operator_id, prefix, content, line_order) VALUES (1452, 149, '⟷', '⊬⟷⊟ (orphaned loops need clarification)', 8);
INSERT INTO operators (id, symbol, name, module_id, category_id) VALUES (150, '⟓', 'description', 5, 21);
INSERT INTO symbols (symbol, codepoint, symbol_type, name) VALUES ('⟓', 'U+27D3', 'operator', 'description');
INSERT INTO operator_definition_lines (id, operator_id, prefix, content, line_order) VALUES (1453, 150, '≡', 'description', 1);
INSERT INTO operator_definition_lines (id, operator_id, prefix, content, line_order) VALUES (1454, 150, '≡', 'definition_field', 2);
INSERT INTO operator_definition_lines (id, operator_id, prefix, content, line_order) VALUES (1455, 150, '≝', 'specification clarity', 3);
INSERT INTO operator_definition_lines (id, operator_id, prefix, content, line_order) VALUES (1456, 150, '≝', 'metadata structure', 4);
INSERT INTO operator_definition_lines (id, operator_id, prefix, content, line_order) VALUES (1457, 150, '⊛', '⟓→specification_clarity ∧ ⟓∈metadata_structure', 5);
INSERT INTO operator_definition_lines (id, operator_id, prefix, content, line_order) VALUES (1458, 150, '⊛', '⩎⟓comprehensive_documentation ∧ ⟓→semantic_precision', 6);
INSERT INTO operator_definition_lines (id, operator_id, prefix, content, line_order) VALUES (1459, 150, '⊛', 'API⟓design ∧ schema⟓completeness', 7);
INSERT INTO operators (id, symbol, name, module_id, category_id) VALUES (151, '⊡', 'value_map', 5, 22);
INSERT INTO symbols (symbol, codepoint, symbol_type, name) VALUES ('⊡', 'U+22A1', 'operator', 'value_map');
INSERT INTO operator_definition_lines (id, operator_id, prefix, content, line_order) VALUES (1460, 151, '≡', 'value_map', 1);
INSERT INTO operator_definition_lines (id, operator_id, prefix, content, line_order) VALUES (1461, 151, '≡', 'quality_assessment', 2);
INSERT INTO operator_definition_lines (id, operator_id, prefix, content, line_order) VALUES (1462, 151, '≝', 'value assessment notation', 3);
INSERT INTO operator_definition_lines (id, operator_id, prefix, content, line_order) VALUES (1463, 151, '≝', 'quality evaluation scale', 4);
INSERT INTO operator_definition_lines (id, operator_id, prefix, content, line_order) VALUES (1464, 151, '⊛', '⊡ property_vector notation ∧ Armenian 0-9 scale', 5);
INSERT INTO operator_definition_lines (id, operator_id, prefix, content, line_order) VALUES (1465, 151, '⊛', '⊡⟨Փ9Գ8⟩ indicates high value assessment', 6);
INSERT INTO operator_definition_lines (id, operator_id, prefix, content, line_order) VALUES (1466, 151, '⊛', '⊡ prefix for value_map scores across operators', 7);
INSERT INTO operators (id, symbol, name, module_id, category_id) VALUES (152, '⧠', 'examples', 5, 21);
INSERT INTO symbols (symbol, codepoint, symbol_type, name) VALUES ('⧠', 'U+29E0', 'operator', 'examples');
INSERT INTO operator_definition_lines (id, operator_id, prefix, content, line_order) VALUES (1467, 152, '≡', 'examples', 1);
INSERT INTO operator_definition_lines (id, operator_id, prefix, content, line_order) VALUES (1468, 152, '≡', 'concrete_instances', 2);
INSERT INTO operator_definition_lines (id, operator_id, prefix, content, line_order) VALUES (1469, 152, '≝', 'concrete cases', 3);
INSERT INTO operator_definition_lines (id, operator_id, prefix, content, line_order) VALUES (1470, 152, '≝', 'manifestations', 4);
INSERT INTO operator_definition_lines (id, operator_id, prefix, content, line_order) VALUES (1471, 152, '⊛', '⧏⧠concrete_cases', 5);
INSERT INTO operator_definition_lines (id, operator_id, prefix, content, line_order) VALUES (1472, 152, '⊛', '⧊⧠manifestations', 6);
INSERT INTO operator_definition_lines (id, operator_id, prefix, content, line_order) VALUES (1473, 152, '⊛', 'pattern⧠occurrences', 7);
INSERT INTO operator_definition_lines (id, operator_id, prefix, content, line_order) VALUES (1474, 152, '⊛', '⋕⧠implementations', 8);
INSERT INTO operators (id, symbol, name, module_id, category_id) VALUES (153, '⌕', 'tag', 5, 21);
INSERT INTO symbols (symbol, codepoint, symbol_type, name) VALUES ('⌕', 'U+2315', 'operator', 'tag');
INSERT INTO operator_definition_lines (id, operator_id, prefix, content, line_order) VALUES (1475, 153, '≡', 'tag', 1);
INSERT INTO operator_definition_lines (id, operator_id, prefix, content, line_order) VALUES (1476, 153, '≡', 'classification_marker', 2);
INSERT INTO operator_definition_lines (id, operator_id, prefix, content, line_order) VALUES (1477, 153, '≝', 'entity annotation', 3);
INSERT INTO operator_definition_lines (id, operator_id, prefix, content, line_order) VALUES (1478, 153, '≝', 'highlight-to-concept bridge', 4);
INSERT INTO operator_definition_lines (id, operator_id, prefix, content, line_order) VALUES (1479, 153, '∂', '⌕⊅⧊ (⌕ applied | ⧊ abstract)', 5);
INSERT INTO operator_definition_lines (id, operator_id, prefix, content, line_order) VALUES (1480, 153, '∂', '⌕⊅❧ (⌕ annotation | ❧ passage)', 6);
INSERT INTO operator_definition_lines (id, operator_id, prefix, content, line_order) VALUES (1481, 153, '⊛', '❧ ⊰ ⌕ (highlights carry tags)', 7);
INSERT INTO operator_definition_lines (id, operator_id, prefix, content, line_order) VALUES (1482, 153, '⊛', '⌕⦑entity⦒ notation', 8);
INSERT INTO operator_definition_lines (id, operator_id, prefix, content, line_order) VALUES (1483, 153, '⊛', '⌕ binds ❧↬⧊', 9);
INSERT INTO operator_definition_lines (id, operator_id, prefix, content, line_order) VALUES (1484, 153, '⊛', '⌕ binds ❧↬⚘', 10);
INSERT INTO operator_definition_lines (id, operator_id, prefix, content, line_order) VALUES (1485, 153, '⊛', '⌕ binds ❧↬◈', 11);
INSERT INTO operator_definition_lines (id, operator_id, prefix, content, line_order) VALUES (1486, 153, '⊛', 'shared ⌕ → ❧⥈❧', 12);
INSERT INTO operator_definition_lines (id, operator_id, prefix, content, line_order) VALUES (1487, 153, '⊛', '⌕.validated ∈ {machine, human, both}', 13);
INSERT INTO operator_definition_lines (id, operator_id, prefix, content, line_order) VALUES (1488, 153, '⊢', '⌕ tag ⊢ ❧ classified ⊢ ☊ retrievable', 14);
INSERT INTO operators (id, symbol, name, module_id, category_id) VALUES (154, '⋕', 'schema', 5, 21);
INSERT INTO symbols (symbol, codepoint, symbol_type, name) VALUES ('⋕', 'U+22D5', 'operator', 'schema');
INSERT INTO operator_definition_lines (id, operator_id, prefix, content, line_order) VALUES (1489, 154, '≡', 'schema', 1);
INSERT INTO operator_definition_lines (id, operator_id, prefix, content, line_order) VALUES (1490, 154, '≡', 'structural_template', 2);
INSERT INTO operator_definition_lines (id, operator_id, prefix, content, line_order) VALUES (1491, 154, '≝', 'structural template', 3);
INSERT INTO operator_definition_lines (id, operator_id, prefix, content, line_order) VALUES (1492, 154, '≝', 'design pattern', 4);
INSERT INTO operator_definition_lines (id, operator_id, prefix, content, line_order) VALUES (1493, 154, '⊡', '⟨Բ9Գ8Վ7⟩', 5);
INSERT INTO operator_definition_lines (id, operator_id, prefix, content, line_order) VALUES (1494, 154, '⊛', '⋕→გ_guide', 6);
INSERT INTO operator_definition_lines (id, operator_id, prefix, content, line_order) VALUES (1495, 154, '⊛', '⋕∈design_ᛝ', 7);
INSERT INTO operator_definition_lines (id, operator_id, prefix, content, line_order) VALUES (1496, 154, '⊛', '⋕.constraints→⊩', 8);
INSERT INTO operators (id, symbol, name, module_id, category_id) VALUES (155, '⌹', 'collection', 5, 21);
INSERT INTO symbols (symbol, codepoint, symbol_type, name) VALUES ('⌹', 'U+2339', 'operator', 'collection');
INSERT INTO operator_definition_lines (id, operator_id, prefix, content, line_order) VALUES (1497, 155, '≡', 'collection', 1);
INSERT INTO operator_definition_lines (id, operator_id, prefix, content, line_order) VALUES (1498, 155, '≡', 'organized_set', 2);
INSERT INTO operator_definition_lines (id, operator_id, prefix, content, line_order) VALUES (1499, 155, '≝', 'organized set', 3);
INSERT INTO operator_definition_lines (id, operator_id, prefix, content, line_order) VALUES (1500, 155, '≝', 'curated grouping', 4);
INSERT INTO operator_definition_lines (id, operator_id, prefix, content, line_order) VALUES (1501, 155, '⊛', '⌹∑', 5);
INSERT INTO operator_definition_lines (id, operator_id, prefix, content, line_order) VALUES (1502, 155, '⊛', '⌹∈ℳ_⍚', 6);
INSERT INTO operator_definition_lines (id, operator_id, prefix, content, line_order) VALUES (1503, 155, '⊛', '⌹.curation→quality', 7);
INSERT INTO operators (id, symbol, name, module_id, category_id) VALUES (156, '⧰', 'meta_symbol', 5, 21);
INSERT INTO symbols (symbol, codepoint, symbol_type, name) VALUES ('⧰', 'U+29F0', 'operator', 'meta_symbol');
INSERT INTO operator_definition_lines (id, operator_id, prefix, content, line_order) VALUES (1504, 156, '≡', 'meta_symbol', 1);
INSERT INTO operator_definition_lines (id, operator_id, prefix, content, line_order) VALUES (1505, 156, '≡', 'level_marker', 2);
INSERT INTO operator_definition_lines (id, operator_id, prefix, content, line_order) VALUES (1506, 156, '≝', 'notation discussing notation', 3);
INSERT INTO operator_definition_lines (id, operator_id, prefix, content, line_order) VALUES (1507, 156, '≝', 'self-reference indicator', 4);
INSERT INTO operator_definition_lines (id, operator_id, prefix, content, line_order) VALUES (1508, 156, '∂', '⧰⊅⧊ (⧰ flags level | ⧊ first-order concept)', 5);
INSERT INTO operator_definition_lines (id, operator_id, prefix, content, line_order) VALUES (1509, 156, '∂', '⧰⊅𝄎 (⧰ marker | 𝄎 reflexive property)', 6);
INSERT INTO operator_definition_lines (id, operator_id, prefix, content, line_order) VALUES (1510, 156, '⊛', '⧰ flags ◭_discussing_◭', 7);
INSERT INTO operator_definition_lines (id, operator_id, prefix, content, line_order) VALUES (1511, 156, '⊛', '⧰ marks ꕥ_defining_ꕥ', 8);
INSERT INTO operator_definition_lines (id, operator_id, prefix, content, line_order) VALUES (1512, 156, '⊛', '⧰ indicates system_describing_system', 9);
INSERT INTO operator_definition_lines (id, operator_id, prefix, content, line_order) VALUES (1513, 156, '⊛', 'operator_registry ∈ ⧰', 10);
INSERT INTO operator_definition_lines (id, operator_id, prefix, content, line_order) VALUES (1514, 156, '⊛', '⧰ enables ⟖ discourse', 11);
INSERT INTO operator_definition_lines (id, operator_id, prefix, content, line_order) VALUES (1515, 156, '⊢', '⧰ meta ⊢ level_shift ⊢ self-description enabled', 12);
INSERT INTO operators (id, symbol, name, module_id, category_id) VALUES (157, '▢', 'transparent', 5, 22);
INSERT INTO symbols (symbol, codepoint, symbol_type, name) VALUES ('▢', 'U+25A2', 'operator', 'transparent');
INSERT INTO operator_definition_lines (id, operator_id, prefix, content, line_order) VALUES (1516, 157, '≡', 'transparent', 1);
INSERT INTO operator_definition_lines (id, operator_id, prefix, content, line_order) VALUES (1517, 157, '≡', 'open', 2);
INSERT INTO operator_definition_lines (id, operator_id, prefix, content, line_order) VALUES (1518, 157, '≝', 'epistemic transparency', 3);
INSERT INTO operator_definition_lines (id, operator_id, prefix, content, line_order) VALUES (1519, 157, '≝', 'fully visible', 4);
INSERT INTO operator_definition_lines (id, operator_id, prefix, content, line_order) VALUES (1520, 157, '⊡', 'Ե9Բ8', 5);
INSERT INTO operator_definition_lines (id, operator_id, prefix, content, line_order) VALUES (1521, 157, '⊛', '▢ ⧈_visible', 6);
INSERT INTO operator_definition_lines (id, operator_id, prefix, content, line_order) VALUES (1522, 157, '⊛', 'power_relations▢', 7);
INSERT INTO operator_definition_lines (id, operator_id, prefix, content, line_order) VALUES (1523, 157, '⊛', '▢ mechanisms_explicit', 8);
INSERT INTO operator_definition_lines (id, operator_id, prefix, content, line_order) VALUES (1524, 157, '⊛', '▢≫◔ for understanding', 9);
INSERT INTO operator_definition_lines (id, operator_id, prefix, content, line_order) VALUES (1525, 157, '⊛', '⛫_𝀺▢', 10);
INSERT INTO operator_definition_lines (id, operator_id, prefix, content, line_order) VALUES (1526, 157, '⊛', '𝀭 analysis→▢', 11);
INSERT INTO operators (id, symbol, name, module_id, category_id) VALUES (158, '◐', 'partially_known', 5, 22);
INSERT INTO symbols (symbol, codepoint, symbol_type, name) VALUES ('◐', 'U+25D0', 'operator', 'partially_known');
INSERT INTO operator_definition_lines (id, operator_id, prefix, content, line_order) VALUES (1527, 158, '≡', 'partially_known', 1);
INSERT INTO operator_definition_lines (id, operator_id, prefix, content, line_order) VALUES (1528, 158, '≡', 'semi-transparent', 2);
INSERT INTO operator_definition_lines (id, operator_id, prefix, content, line_order) VALUES (1529, 158, '≝', 'partial visibility', 3);
INSERT INTO operator_definition_lines (id, operator_id, prefix, content, line_order) VALUES (1530, 158, '≝', 'requires investigation', 4);
INSERT INTO operator_definition_lines (id, operator_id, prefix, content, line_order) VALUES (1531, 158, '⊡', 'Ե6Բ5', 5);
INSERT INTO operator_definition_lines (id, operator_id, prefix, content, line_order) VALUES (1532, 158, '⊛', 'reality_making◐visible', 6);
INSERT INTO operator_definition_lines (id, operator_id, prefix, content, line_order) VALUES (1533, 158, '⊛', '◐ some_mechanisms_hidden', 7);
INSERT INTO operator_definition_lines (id, operator_id, prefix, content, line_order) VALUES (1534, 158, '⊛', '⧈_effects◐', 8);
INSERT INTO operator_definition_lines (id, operator_id, prefix, content, line_order) VALUES (1535, 158, '⊛', '◐ requires_investigation', 9);
INSERT INTO operator_definition_lines (id, operator_id, prefix, content, line_order) VALUES (1536, 158, '⊛', 'power◐transparent', 10);
INSERT INTO operators (id, symbol, name, module_id, category_id) VALUES (159, '◔', 'mostly_hidden', 5, 22);
INSERT INTO symbols (symbol, codepoint, symbol_type, name) VALUES ('◔', 'U+25D4', 'operator', 'mostly_hidden');
INSERT INTO operator_definition_lines (id, operator_id, prefix, content, line_order) VALUES (1537, 159, '≡', 'mostly_hidden', 1);
INSERT INTO operator_definition_lines (id, operator_id, prefix, content, line_order) VALUES (1538, 159, '≡', 'opaque', 2);
INSERT INTO operator_definition_lines (id, operator_id, prefix, content, line_order) VALUES (1539, 159, '≝', 'epistemic opacity', 3);
INSERT INTO operator_definition_lines (id, operator_id, prefix, content, line_order) VALUES (1540, 159, '≝', 'naturalized invisibility', 4);
INSERT INTO operator_definition_lines (id, operator_id, prefix, content, line_order) VALUES (1541, 159, '⊡', 'Ց3Բ2', 5);
INSERT INTO operator_definition_lines (id, operator_id, prefix, content, line_order) VALUES (1542, 159, '⊛', '⛫_power◔', 6);
INSERT INTO operator_definition_lines (id, operator_id, prefix, content, line_order) VALUES (1543, 159, '⊛', '⧈_origins◔', 7);
INSERT INTO operator_definition_lines (id, operator_id, prefix, content, line_order) VALUES (1544, 159, '⊛', '◔ naturalized_as_given', 8);
INSERT INTO operator_definition_lines (id, operator_id, prefix, content, line_order) VALUES (1545, 159, '⊛', 'reality_construction◔', 9);
INSERT INTO operator_definition_lines (id, operator_id, prefix, content, line_order) VALUES (1546, 159, '⊛', '◔◻ archeological_work', 10);
INSERT INTO operator_definition_lines (id, operator_id, prefix, content, line_order) VALUES (1547, 159, '⊛', '⌂ operates◔', 11);
INSERT INTO operator_definition_lines (id, operator_id, prefix, content, line_order) VALUES (1548, 159, '⊛', '◔→𝁤 potential', 12);
INSERT INTO operators (id, symbol, name, module_id, category_id) VALUES (160, '𝟎', 'origin', 5, 21);
INSERT INTO symbols (symbol, codepoint, symbol_type, name) VALUES ('𝟎', 'U+1D7CE', 'operator', 'origin');
INSERT INTO operator_definition_lines (id, operator_id, prefix, content, line_order) VALUES (1549, 160, '≡', 'origin', 1);
INSERT INTO operator_definition_lines (id, operator_id, prefix, content, line_order) VALUES (1550, 160, '≡', 'foundation', 2);
INSERT INTO operator_definition_lines (id, operator_id, prefix, content, line_order) VALUES (1551, 160, '≝', 'starting point', 3);
INSERT INTO operator_definition_lines (id, operator_id, prefix, content, line_order) VALUES (1552, 160, '≝', 'foundational source', 4);
INSERT INTO operator_definition_lines (id, operator_id, prefix, content, line_order) VALUES (1553, 160, '∂', '𝟎≠⌺ (source vs stability)', 5);
INSERT INTO operator_definition_lines (id, operator_id, prefix, content, line_order) VALUES (1554, 160, '∂', '𝟎≠⧊ (origin vs concept)', 6);
INSERT INTO operator_definition_lines (id, operator_id, prefix, content, line_order) VALUES (1555, 160, '⊛', '𝟎→⧊', 7);
INSERT INTO operator_definition_lines (id, operator_id, prefix, content, line_order) VALUES (1556, 160, '⊛', '𝟎=beginning', 8);
INSERT INTO operator_definition_lines (id, operator_id, prefix, content, line_order) VALUES (1557, 160, '⊛', '𝟎 of ◭=first_principle', 9);
INSERT INTO operator_definition_lines (id, operator_id, prefix, content, line_order) VALUES (1558, 160, '⊛', 'from 𝟎 ☊ all', 10);
INSERT INTO operator_definition_lines (id, operator_id, prefix, content, line_order) VALUES (1559, 160, '⊢', '𝟎 origin ⊢ foundational source ⊢ first principle', 11);
INSERT INTO operators (id, symbol, name, module_id, category_id) VALUES (161, 'ꕥ', 'symbol', 5, 21);
INSERT INTO symbols (symbol, codepoint, symbol_type, name) VALUES ('ꕥ', 'U+A565', 'operator', 'symbol');
INSERT INTO operator_definition_lines (id, operator_id, prefix, content, line_order) VALUES (1560, 161, '≡', 'symbol', 1);
INSERT INTO operator_definition_lines (id, operator_id, prefix, content, line_order) VALUES (1561, 161, '≡', 'notation', 2);
INSERT INTO operator_definition_lines (id, operator_id, prefix, content, line_order) VALUES (1562, 161, '≝', 'sign vehicle', 3);
INSERT INTO operator_definition_lines (id, operator_id, prefix, content, line_order) VALUES (1563, 161, '≝', 'carrier of meaning', 4);
INSERT INTO operator_definition_lines (id, operator_id, prefix, content, line_order) VALUES (1564, 161, '∂', 'ꕥ≠ℳ (carrier vs content)', 5);
INSERT INTO operator_definition_lines (id, operator_id, prefix, content, line_order) VALUES (1565, 161, '∂', 'ꕥ≠◭ (unit vs system)', 6);
INSERT INTO operator_definition_lines (id, operator_id, prefix, content, line_order) VALUES (1566, 161, '⊛', 'ꕥ→ℳ', 7);
INSERT INTO operator_definition_lines (id, operator_id, prefix, content, line_order) VALUES (1567, 161, '⊛', 'ℳ/ꕥ→∞', 8);
INSERT INTO operator_definition_lines (id, operator_id, prefix, content, line_order) VALUES (1568, 161, '⊛', 'ꕥ gain ℳ through use↬', 9);
INSERT INTO operator_definition_lines (id, operator_id, prefix, content, line_order) VALUES (1569, 161, '⊛', 'ꕥ→ꕥ↬→use', 10);
INSERT INTO operator_definition_lines (id, operator_id, prefix, content, line_order) VALUES (1570, 161, '⊛', 'ancient_ꕥ⊗math⊗⧊', 11);
INSERT INTO operator_definition_lines (id, operator_id, prefix, content, line_order) VALUES (1571, 161, '⊛', 'ꕥ_system=meta-discussion', 12);
INSERT INTO operator_definition_lines (id, operator_id, prefix, content, line_order) VALUES (1572, 161, '⊛', 'ꕥ→ო→გ via ⬟', 13);
INSERT INTO operator_definition_lines (id, operator_id, prefix, content, line_order) VALUES (1573, 161, '⊢', 'ꕥ symbol ⊢ notation unit ⊢ meaning carrier', 14);
INSERT INTO operators (id, symbol, name, module_id, category_id) VALUES (162, 'ᛝ', 'pattern', 5, 21);
INSERT INTO symbols (symbol, codepoint, symbol_type, name) VALUES ('ᛝ', 'U+16DD', 'operator', 'pattern');
INSERT INTO operator_definition_lines (id, operator_id, prefix, content, line_order) VALUES (1574, 162, '≡', 'pattern', 1);
INSERT INTO operator_definition_lines (id, operator_id, prefix, content, line_order) VALUES (1575, 162, '≡', 'template', 2);
INSERT INTO operator_definition_lines (id, operator_id, prefix, content, line_order) VALUES (1576, 162, '≝', 'recurring structure', 3);
INSERT INTO operator_definition_lines (id, operator_id, prefix, content, line_order) VALUES (1577, 162, '≝', 'generative form', 4);
INSERT INTO operator_definition_lines (id, operator_id, prefix, content, line_order) VALUES (1578, 162, '∂', 'ᛝ≠⩎ (abstract vs instance)', 5);
INSERT INTO operator_definition_lines (id, operator_id, prefix, content, line_order) VALUES (1579, 162, '∂', 'ᛝ≠⧊ (structure vs concept)', 6);
INSERT INTO operator_definition_lines (id, operator_id, prefix, content, line_order) VALUES (1580, 162, '⊛', '⫍→ᛝ', 7);
INSERT INTO operator_definition_lines (id, operator_id, prefix, content, line_order) VALUES (1581, 162, '⊛', 'ᛝ→გ⩎', 8);
INSERT INTO operator_definition_lines (id, operator_id, prefix, content, line_order) VALUES (1582, 162, '⊛', 'ᛝ→⊿⊨→გ⩎', 9);
INSERT INTO operator_definition_lines (id, operator_id, prefix, content, line_order) VALUES (1583, 162, '⊛', 'recurring_ᛝ detected by ⊛', 10);
INSERT INTO operator_definition_lines (id, operator_id, prefix, content, line_order) VALUES (1584, 162, '⊛', 'ᛝ crystallizes forms', 11);
INSERT INTO operator_definition_lines (id, operator_id, prefix, content, line_order) VALUES (1585, 162, '⊛', 'usage_ᛝ in elaborations', 12);
INSERT INTO operator_definition_lines (id, operator_id, prefix, content, line_order) VALUES (1586, 162, '⊛', 'abstract_ᛝ⊧concrete_implementation', 13);
INSERT INTO operator_definition_lines (id, operator_id, prefix, content, line_order) VALUES (1587, 162, '⊢', 'ᛝ pattern ⊢ recurring structure ⊢ template application', 14);
INSERT INTO operators (id, symbol, name, module_id, category_id) VALUES (163, '❧', 'highlight', 5, 21);
INSERT INTO symbols (symbol, codepoint, symbol_type, name) VALUES ('❧', 'U+2767', 'operator', 'highlight');
INSERT INTO operator_definition_lines (id, operator_id, prefix, content, line_order) VALUES (1588, 163, '≡', 'highlight', 1);
INSERT INTO operator_definition_lines (id, operator_id, prefix, content, line_order) VALUES (1589, 163, '≡', 'extracted_passage', 2);
INSERT INTO operator_definition_lines (id, operator_id, prefix, content, line_order) VALUES (1590, 163, '≝', 'citation unit', 3);
INSERT INTO operator_definition_lines (id, operator_id, prefix, content, line_order) VALUES (1591, 163, '≝', 'tagged datum', 4);
INSERT INTO operator_definition_lines (id, operator_id, prefix, content, line_order) VALUES (1592, 163, '∂', '❧⊅⊳ (❧ fragment | ⊳ whole)', 5);
INSERT INTO operator_definition_lines (id, operator_id, prefix, content, line_order) VALUES (1593, 163, '∂', '❧⊅⋯ (❧ captured | ⋯ question)', 6);
INSERT INTO operator_definition_lines (id, operator_id, prefix, content, line_order) VALUES (1594, 163, '⊛', '❧⟦id⟧ reference notation', 7);
INSERT INTO operator_definition_lines (id, operator_id, prefix, content, line_order) VALUES (1595, 163, '⊛', '⊳ ⊃ {❧,❧,❧...}', 8);
INSERT INTO operator_definition_lines (id, operator_id, prefix, content, line_order) VALUES (1596, 163, '⊛', '❧ ⊰ ⌕ (highlights carry tags)', 9);
INSERT INTO operator_definition_lines (id, operator_id, prefix, content, line_order) VALUES (1597, 163, '⊛', '◈ ⊰ ❧ (projects aggregate highlights)', 10);
INSERT INTO operator_definition_lines (id, operator_id, prefix, content, line_order) VALUES (1598, 163, '⊛', '❧ ≡ evidence_atom', 11);
INSERT INTO operator_definition_lines (id, operator_id, prefix, content, line_order) VALUES (1599, 163, '⊛', '❧⥈❧ via shared ⌕', 12);
INSERT INTO operator_definition_lines (id, operator_id, prefix, content, line_order) VALUES (1600, 163, '⊢', '❧ highlight ⊢ passage extracted ⊢ datum for ☊', 13);
INSERT INTO operators (id, symbol, name, module_id, category_id) VALUES (164, '𝀐', 'creates', 6, 23);
INSERT INTO symbols (symbol, codepoint, symbol_type, name) VALUES ('𝀐', 'U+1D010', 'operator', 'creates');
INSERT INTO operator_definition_lines (id, operator_id, prefix, content, line_order) VALUES (1601, 164, '≡', 'creates', 1);
INSERT INTO operator_definition_lines (id, operator_id, prefix, content, line_order) VALUES (1602, 164, '≡', 'brings_forth', 2);
INSERT INTO operator_definition_lines (id, operator_id, prefix, content, line_order) VALUES (1603, 164, '≝', 'ontological creation', 3);
INSERT INTO operator_definition_lines (id, operator_id, prefix, content, line_order) VALUES (1604, 164, '≝', 'bringing into existence', 4);
INSERT INTO operator_definition_lines (id, operator_id, prefix, content, line_order) VALUES (1605, 164, '⊡', 'Փ9Գ8', 5);
INSERT INTO operator_definition_lines (id, operator_id, prefix, content, line_order) VALUES (1606, 164, '⊛', '⧈ 𝀐 kinds ∧ ⛣ 𝀐 obligations ∧ ⛫𝀐 facts', 6);
INSERT INTO operator_definition_lines (id, operator_id, prefix, content, line_order) VALUES (1607, 164, '⊛', '𝀐≡𝁚 general ∧ naming 𝀐 existence', 7);
INSERT INTO operators (id, symbol, name, module_id, category_id) VALUES (165, '𝁚', 'constitutes', 6, 24);
INSERT INTO symbols (symbol, codepoint, symbol_type, name) VALUES ('𝁚', 'U+1D05A', 'operator', 'constitutes');
INSERT INTO operator_definition_lines (id, operator_id, prefix, content, line_order) VALUES (1608, 165, '≡', 'constitutes', 1);
INSERT INTO operator_definition_lines (id, operator_id, prefix, content, line_order) VALUES (1609, 165, '≡', 'creates_reality', 2);
INSERT INTO operator_definition_lines (id, operator_id, prefix, content, line_order) VALUES (1610, 165, '≝', 'reality constitution', 3);
INSERT INTO operator_definition_lines (id, operator_id, prefix, content, line_order) VALUES (1611, 165, '≝', 'performative creation', 4);
INSERT INTO operator_definition_lines (id, operator_id, prefix, content, line_order) VALUES (1612, 165, '≝', 'holding together', 5);
INSERT INTO operator_definition_lines (id, operator_id, prefix, content, line_order) VALUES (1613, 165, '⊛', '⧈𝁚reality ∧ naming𝁚existence ∧ ⧈𝁚being', 6);
INSERT INTO operator_definition_lines (id, operator_id, prefix, content, line_order) VALUES (1614, 165, '⊛', '𝁚 via ⛫_power ∧ financial_⧈𝁚market_reality', 7);
INSERT INTO operator_definition_lines (id, operator_id, prefix, content, line_order) VALUES (1615, 165, '⊛', 'KB𝁚financial_reality', 8);
INSERT INTO operator_definition_lines (id, operator_id, prefix, content, line_order) VALUES (1616, 165, '⊛', '𝁚 sustains coherence', 9);
INSERT INTO operator_definition_lines (id, operator_id, prefix, content, line_order) VALUES (1617, 165, '⊛', 'parts𝁚whole', 10);
INSERT INTO operators (id, symbol, name, module_id, category_id) VALUES (166, '𝀼', 'extension', 6, 24);
INSERT INTO symbols (symbol, codepoint, symbol_type, name) VALUES ('𝀼', 'U+1D03C', 'operator', 'extension');
INSERT INTO operator_definition_lines (id, operator_id, prefix, content, line_order) VALUES (1618, 166, '≡', 'constitutive_extension', 1);
INSERT INTO operator_definition_lines (id, operator_id, prefix, content, line_order) VALUES (1619, 166, '≡', 'dragging_along', 2);
INSERT INTO operator_definition_lines (id, operator_id, prefix, content, line_order) VALUES (1620, 166, '≡', 'trailing', 3);
INSERT INTO operator_definition_lines (id, operator_id, prefix, content, line_order) VALUES (1621, 166, '≝', 'extension that reshapes', 4);
INSERT INTO operator_definition_lines (id, operator_id, prefix, content, line_order) VALUES (1622, 166, '≝', 'theory drags reality', 5);
INSERT INTO operator_definition_lines (id, operator_id, prefix, content, line_order) VALUES (1623, 166, '≝', 'model constitutes market', 6);
INSERT INTO operator_definition_lines (id, operator_id, prefix, content, line_order) VALUES (1624, 166, '∂', 'უmere addition', 7);
INSERT INTO operator_definition_lines (id, operator_id, prefix, content, line_order) VALUES (1625, 166, '∂', 'უaccumulation', 8);
INSERT INTO operator_definition_lines (id, operator_id, prefix, content, line_order) VALUES (1626, 166, '∂', 'უdetached growth', 9);
INSERT INTO operator_definition_lines (id, operator_id, prefix, content, line_order) VALUES (1627, 166, '∂', 'requires constitutive trace', 10);
INSERT INTO operator_definition_lines (id, operator_id, prefix, content, line_order) VALUES (1628, 166, '⊛', 'theory𝀼reality ∧ model𝀼market ∧ concept𝀼framework', 11);
INSERT INTO operator_definition_lines (id, operator_id, prefix, content, line_order) VALUES (1629, 166, '⊛', 'economic models𝀼market behavior', 12);
INSERT INTO operator_definition_lines (id, operator_id, prefix, content, line_order) VALUES (1630, 166, '⊛', '𝀼 maintains continuous connection', 13);
INSERT INTO operator_definition_lines (id, operator_id, prefix, content, line_order) VALUES (1631, 166, '⊛', 'extension leaves constitutive wake', 14);
INSERT INTO operator_definition_lines (id, operator_id, prefix, content, line_order) VALUES (1632, 166, '⊛', 'directional growth that shapes target', 15);
INSERT INTO operator_definition_lines (id, operator_id, prefix, content, line_order) VALUES (1633, 166, '⊛', 'theory𝀼market traders use model', 16);
INSERT INTO operator_definition_lines (id, operator_id, prefix, content, line_order) VALUES (1634, 166, '⊛', '𝀼 binds extending∧extended', 17);
INSERT INTO operator_definition_lines (id, operator_id, prefix, content, line_order) VALUES (1635, 166, '⊛', 'σύρω: drag, draw along, trail', 18);
INSERT INTO operator_definition_lines (id, operator_id, prefix, content, line_order) VALUES (1636, 166, '⊢', 'reflexive entanglement', 19);
INSERT INTO operator_definition_lines (id, operator_id, prefix, content, line_order) VALUES (1637, 166, '⊢', 'constitutive reshaping', 20);
INSERT INTO operator_definition_lines (id, operator_id, prefix, content, line_order) VALUES (1638, 166, '⊢', 'theory-reality binding', 21);
INSERT INTO operators (id, symbol, name, module_id, category_id) VALUES (167, '𝀏', 'crystallize', 6, 25);
INSERT INTO symbols (symbol, codepoint, symbol_type, name) VALUES ('𝀏', 'U+1D00F', 'operator', 'crystallize');
INSERT INTO operator_definition_lines (id, operator_id, prefix, content, line_order) VALUES (1639, 167, '≡', 'crystallize', 1);
INSERT INTO operator_definition_lines (id, operator_id, prefix, content, line_order) VALUES (1640, 167, '≡', 'solidification', 2);
INSERT INTO operator_definition_lines (id, operator_id, prefix, content, line_order) VALUES (1641, 167, '≝', 'forming stable structure', 3);
INSERT INTO operator_definition_lines (id, operator_id, prefix, content, line_order) VALUES (1642, 167, '≝', 'semantic hardening', 4);
INSERT INTO operator_definition_lines (id, operator_id, prefix, content, line_order) VALUES (1643, 167, '≝', '𝀷 solidifies', 5);
INSERT INTO operator_definition_lines (id, operator_id, prefix, content, line_order) VALUES (1644, 167, '∂', 'უ◬ (emergence)', 6);
INSERT INTO operator_definition_lines (id, operator_id, prefix, content, line_order) VALUES (1645, 167, '∂', 'უmere compression', 7);
INSERT INTO operator_definition_lines (id, operator_id, prefix, content, line_order) VALUES (1646, 167, '∂', 'requires lattice formation', 8);
INSERT INTO operator_definition_lines (id, operator_id, prefix, content, line_order) VALUES (1647, 167, '⊛', '𝀷→გ→𝀏 integration grounds then solidifies', 9);
INSERT INTO operator_definition_lines (id, operator_id, prefix, content, line_order) VALUES (1648, 167, '⊛', '⌻→𝀏→⌺', 10);
INSERT INTO operator_definition_lines (id, operator_id, prefix, content, line_order) VALUES (1649, 167, '⊛', 'meaning ო𝀏 into stable form', 11);
INSERT INTO operator_definition_lines (id, operator_id, prefix, content, line_order) VALUES (1650, 167, '⊛', 'consensus→𝀏', 12);
INSERT INTO operator_definition_lines (id, operator_id, prefix, content, line_order) VALUES (1651, 167, '⊛', '𝀏 creates fixed structure', 13);
INSERT INTO operator_definition_lines (id, operator_id, prefix, content, line_order) VALUES (1652, 167, '⊛', 'usage patterns 𝀏 semantics', 14);
INSERT INTO operator_definition_lines (id, operator_id, prefix, content, line_order) VALUES (1653, 167, '⊢', 'structural stability', 15);
INSERT INTO operator_definition_lines (id, operator_id, prefix, content, line_order) VALUES (1654, 167, '⊢', 'semantic fixity', 16);
INSERT INTO operators (id, symbol, name, module_id, category_id) VALUES (168, '𝀾', 'flow', 6, 25);
INSERT INTO symbols (symbol, codepoint, symbol_type, name) VALUES ('𝀾', 'U+1D03E', 'operator', 'flow');
INSERT INTO operator_definition_lines (id, operator_id, prefix, content, line_order) VALUES (1655, 168, '≡', 'flow', 1);
INSERT INTO operator_definition_lines (id, operator_id, prefix, content, line_order) VALUES (1656, 168, '≡', 'flux', 2);
INSERT INTO operator_definition_lines (id, operator_id, prefix, content, line_order) VALUES (1657, 168, '≡', 'movement', 3);
INSERT INTO operator_definition_lines (id, operator_id, prefix, content, line_order) VALUES (1658, 168, '≝', 'state space trajectory', 4);
INSERT INTO operator_definition_lines (id, operator_id, prefix, content, line_order) VALUES (1659, 168, '≝', 'dynamic movement toward ✱', 5);
INSERT INTO operator_definition_lines (id, operator_id, prefix, content, line_order) VALUES (1660, 168, '∂', 'უstatic', 6);
INSERT INTO operator_definition_lines (id, operator_id, prefix, content, line_order) VALUES (1661, 168, '∂', 'უdiscrete jump', 7);
INSERT INTO operator_definition_lines (id, operator_id, prefix, content, line_order) VALUES (1662, 168, '∂', 'requires continuous motion', 8);
INSERT INTO operator_definition_lines (id, operator_id, prefix, content, line_order) VALUES (1663, 168, '⊛', '𝀾→✱→𝀆', 9);
INSERT INTO operator_definition_lines (id, operator_id, prefix, content, line_order) VALUES (1664, 168, '⊛', '𝀾→⌺ semantic convergence', 10);
INSERT INTO operator_definition_lines (id, operator_id, prefix, content, line_order) VALUES (1665, 168, '⊛', 'semantic drift via 𝀾', 11);
INSERT INTO operator_definition_lines (id, operator_id, prefix, content, line_order) VALUES (1666, 168, '⊛', 'basin→𝀾→✱', 12);
INSERT INTO operator_definition_lines (id, operator_id, prefix, content, line_order) VALUES (1667, 168, '⊛', 'meaning 𝀾 through usage toward ⌺', 13);
INSERT INTO operator_definition_lines (id, operator_id, prefix, content, line_order) VALUES (1668, 168, '⊛', '𝀾 velocity determines transition time', 14);
INSERT INTO operator_definition_lines (id, operator_id, prefix, content, line_order) VALUES (1669, 168, '⊛', 'ჭ→𝀾', 15);
INSERT INTO operator_definition_lines (id, operator_id, prefix, content, line_order) VALUES (1670, 168, '⊢', 'trajectory formation', 16);
INSERT INTO operator_definition_lines (id, operator_id, prefix, content, line_order) VALUES (1671, 168, '⊢', 'attractor convergence', 17);
INSERT INTO operators (id, symbol, name, module_id, category_id) VALUES (169, '𝀸', 'perturbation', 6, 25);
INSERT INTO symbols (symbol, codepoint, symbol_type, name) VALUES ('𝀸', 'U+1D038', 'operator', 'perturbation');
INSERT INTO operator_definition_lines (id, operator_id, prefix, content, line_order) VALUES (1672, 169, '≡', 'perturbation', 1);
INSERT INTO operator_definition_lines (id, operator_id, prefix, content, line_order) VALUES (1673, 169, '≡', 'disruption', 2);
INSERT INTO operator_definition_lines (id, operator_id, prefix, content, line_order) VALUES (1674, 169, '≡', 'shock', 3);
INSERT INTO operator_definition_lines (id, operator_id, prefix, content, line_order) VALUES (1675, 169, '≝', 'system disturbance', 4);
INSERT INTO operator_definition_lines (id, operator_id, prefix, content, line_order) VALUES (1676, 169, '≝', 'stability challenge', 5);
INSERT INTO operator_definition_lines (id, operator_id, prefix, content, line_order) VALUES (1677, 169, '∂', 'უ⤋ (gradual decline)', 6);
INSERT INTO operator_definition_lines (id, operator_id, prefix, content, line_order) VALUES (1678, 169, '∂', 'უ◬ (emergence)', 7);
INSERT INTO operator_definition_lines (id, operator_id, prefix, content, line_order) VALUES (1679, 169, '∂', 'requires external impulse', 8);
INSERT INTO operator_definition_lines (id, operator_id, prefix, content, line_order) VALUES (1680, 169, '⊛', '𝀸→⌺ tests stability', 9);
INSERT INTO operator_definition_lines (id, operator_id, prefix, content, line_order) VALUES (1681, 169, '⊛', '(weak 𝀸→⌺ recovers) ∨ (strong 𝀸→⌺→⌼)', 10);
INSERT INTO operator_definition_lines (id, operator_id, prefix, content, line_order) VALUES (1682, 169, '⊛', '𝀸 strength vs stability threshold', 11);
INSERT INTO operator_definition_lines (id, operator_id, prefix, content, line_order) VALUES (1683, 169, '⊛', 'resilience≝resistance to 𝀸', 12);
INSERT INTO operator_definition_lines (id, operator_id, prefix, content, line_order) VALUES (1684, 169, '⊛', '𝀸 reveals basin boundaries', 13);
INSERT INTO operator_definition_lines (id, operator_id, prefix, content, line_order) VALUES (1685, 169, '⊢', 'stability test', 14);
INSERT INTO operator_definition_lines (id, operator_id, prefix, content, line_order) VALUES (1686, 169, '⊢', 'resilience measure', 15);
INSERT INTO operators (id, symbol, name, module_id, category_id) VALUES (170, '𝀆', 'equilibrium', 6, 26);
INSERT INTO symbols (symbol, codepoint, symbol_type, name) VALUES ('𝀆', 'U+1D006', 'operator', 'equilibrium');
INSERT INTO operator_definition_lines (id, operator_id, prefix, content, line_order) VALUES (1687, 170, '≡', 'equilibrium', 1);
INSERT INTO operator_definition_lines (id, operator_id, prefix, content, line_order) VALUES (1688, 170, '≡', 'rest at ✱', 2);
INSERT INTO operator_definition_lines (id, operator_id, prefix, content, line_order) VALUES (1689, 170, '≝', 'stable point occupancy', 3);
INSERT INTO operator_definition_lines (id, operator_id, prefix, content, line_order) VALUES (1690, 170, '≝', 'unchanging state', 4);
INSERT INTO operator_definition_lines (id, operator_id, prefix, content, line_order) VALUES (1691, 170, '∂', 'უ𝀾 (flowing)', 5);
INSERT INTO operator_definition_lines (id, operator_id, prefix, content, line_order) VALUES (1692, 170, '∂', 'უ𝁀 (oscillating)', 6);
INSERT INTO operator_definition_lines (id, operator_id, prefix, content, line_order) VALUES (1693, 170, '∂', 'requires attractor residence', 7);
INSERT INTO operator_definition_lines (id, operator_id, prefix, content, line_order) VALUES (1694, 170, '⊛', 'system at 𝀆', 8);
INSERT INTO operator_definition_lines (id, operator_id, prefix, content, line_order) VALUES (1695, 170, '⊛', '𝀆≝✱ occupation', 9);
INSERT INTO operator_definition_lines (id, operator_id, prefix, content, line_order) VALUES (1696, 170, '⊛', '⌺ in 𝀆', 10);
INSERT INTO operator_definition_lines (id, operator_id, prefix, content, line_order) VALUES (1697, 170, '⊛', '𝀾→✱→𝀆', 11);
INSERT INTO operator_definition_lines (id, operator_id, prefix, content, line_order) VALUES (1698, 170, '⊛', '𝀸 can disrupt 𝀆', 12);
INSERT INTO operator_definition_lines (id, operator_id, prefix, content, line_order) VALUES (1699, 170, '⊢', 'stable residence', 13);
INSERT INTO operator_definition_lines (id, operator_id, prefix, content, line_order) VALUES (1700, 170, '⊢', 'no motion', 14);
INSERT INTO operators (id, symbol, name, module_id, category_id) VALUES (171, '𝁀', 'oscillation', 6, 26);
INSERT INTO symbols (symbol, codepoint, symbol_type, name) VALUES ('𝁀', 'U+1D040', 'operator', 'oscillation');
INSERT INTO operator_definition_lines (id, operator_id, prefix, content, line_order) VALUES (1701, 171, '≡', 'oscillation', 1);
INSERT INTO operator_definition_lines (id, operator_id, prefix, content, line_order) VALUES (1702, 171, '≡', 'periodic cycling', 2);
INSERT INTO operator_definition_lines (id, operator_id, prefix, content, line_order) VALUES (1703, 171, '≝', 'bounded periodic motion', 3);
INSERT INTO operator_definition_lines (id, operator_id, prefix, content, line_order) VALUES (1704, 171, '≝', 'trembling state', 4);
INSERT INTO operator_definition_lines (id, operator_id, prefix, content, line_order) VALUES (1705, 171, '∂', 'უ𝀆 (rest)', 5);
INSERT INTO operator_definition_lines (id, operator_id, prefix, content, line_order) VALUES (1706, 171, '∂', 'უescape', 6);
INSERT INTO operator_definition_lines (id, operator_id, prefix, content, line_order) VALUES (1707, 171, '∂', 'requires limit cycle', 7);
INSERT INTO operator_definition_lines (id, operator_id, prefix, content, line_order) VALUES (1708, 171, '⊛', 'periodic ✱', 8);
INSERT INTO operator_definition_lines (id, operator_id, prefix, content, line_order) VALUES (1709, 171, '⊛', 'system in 𝁀', 9);
INSERT INTO operator_definition_lines (id, operator_id, prefix, content, line_order) VALUES (1710, 171, '⊛', '𝁀 confined to basin', 10);
INSERT INTO operator_definition_lines (id, operator_id, prefix, content, line_order) VALUES (1711, 171, '⊛', 'not rest but not escape', 11);
INSERT INTO operator_definition_lines (id, operator_id, prefix, content, line_order) VALUES (1712, 171, '⊛', 'trembling within bounds', 12);
INSERT INTO operator_definition_lines (id, operator_id, prefix, content, line_order) VALUES (1713, 171, '⊛', '⟳ via 𝁀', 13);
INSERT INTO operator_definition_lines (id, operator_id, prefix, content, line_order) VALUES (1714, 171, '⊢', 'periodic return', 14);
INSERT INTO operator_definition_lines (id, operator_id, prefix, content, line_order) VALUES (1715, 171, '⊢', 'bounded cycling', 15);
INSERT INTO operators (id, symbol, name, module_id, category_id) VALUES (172, '𝁆', 'dissolution', 6, 27);
INSERT INTO symbols (symbol, codepoint, symbol_type, name) VALUES ('𝁆', 'U+1D046', 'operator', 'dissolution');
INSERT INTO operator_definition_lines (id, operator_id, prefix, content, line_order) VALUES (1716, 172, '≡', 'dissolution', 1);
INSERT INTO operator_definition_lines (id, operator_id, prefix, content, line_order) VALUES (1717, 172, '≡', 'structure unmade', 2);
INSERT INTO operator_definition_lines (id, operator_id, prefix, content, line_order) VALUES (1718, 172, '≝', 'reverse of 𝀏', 3);
INSERT INTO operator_definition_lines (id, operator_id, prefix, content, line_order) VALUES (1719, 172, '≝', 'return to flux', 4);
INSERT INTO operator_definition_lines (id, operator_id, prefix, content, line_order) VALUES (1720, 172, '≝', 'crumbling', 5);
INSERT INTO operator_definition_lines (id, operator_id, prefix, content, line_order) VALUES (1721, 172, '∂', 'უ𝀏 (crystallizing)', 6);
INSERT INTO operator_definition_lines (id, operator_id, prefix, content, line_order) VALUES (1722, 172, '∂', 'უmere 𝀾 (flowing)', 7);
INSERT INTO operator_definition_lines (id, operator_id, prefix, content, line_order) VALUES (1723, 172, '∂', 'requires structure breakdown', 8);
INSERT INTO operator_definition_lines (id, operator_id, prefix, content, line_order) VALUES (1724, 172, '⊛', '𝁆≡¬𝀏', 9);
INSERT INTO operator_definition_lines (id, operator_id, prefix, content, line_order) VALUES (1725, 172, '⊛', '⌺→შ→𝁆→𝀾', 10);
INSERT INTO operator_definition_lines (id, operator_id, prefix, content, line_order) VALUES (1726, 172, '⊛', 'structure შო into flux', 11);
INSERT INTO operator_definition_lines (id, operator_id, prefix, content, line_order) VALUES (1727, 172, '⊛', 'crystalline→𝁆→fluid', 12);
INSERT INTO operator_definition_lines (id, operator_id, prefix, content, line_order) VALUES (1728, 172, '⊛', '⌼ experiencing 𝁆', 13);
INSERT INTO operator_definition_lines (id, operator_id, prefix, content, line_order) VALUES (1729, 172, '⊛', '𝀸 can trigger 𝁆', 14);
INSERT INTO operator_definition_lines (id, operator_id, prefix, content, line_order) VALUES (1730, 172, '⊢', 'structure loss', 15);
INSERT INTO operator_definition_lines (id, operator_id, prefix, content, line_order) VALUES (1731, 172, '⊢', 'return to flux', 16);
INSERT INTO operators (id, symbol, name, module_id, category_id) VALUES (173, '𝀗', 'sublation', 6, 27);
INSERT INTO symbols (symbol, codepoint, symbol_type, name) VALUES ('𝀗', 'U+1D017', 'operator', 'sublation');
INSERT INTO operator_definition_lines (id, operator_id, prefix, content, line_order) VALUES (1732, 173, '≡', 'sublation', 1);
INSERT INTO operator_definition_lines (id, operator_id, prefix, content, line_order) VALUES (1733, 173, '≡', 'dialectical elevation', 2);
INSERT INTO operator_definition_lines (id, operator_id, prefix, content, line_order) VALUES (1734, 173, '≡', 'Aufhebung', 3);
INSERT INTO operator_definition_lines (id, operator_id, prefix, content, line_order) VALUES (1735, 173, '≝', 'negation∧preservation∧elevation', 4);
INSERT INTO operator_definition_lines (id, operator_id, prefix, content, line_order) VALUES (1736, 173, '≝', 'lifting contradiction', 5);
INSERT INTO operator_definition_lines (id, operator_id, prefix, content, line_order) VALUES (1737, 173, '≝', 'ἐλαφρόν lightness', 6);
INSERT INTO operator_definition_lines (id, operator_id, prefix, content, line_order) VALUES (1738, 173, '∂', 'უsimple negation', 7);
INSERT INTO operator_definition_lines (id, operator_id, prefix, content, line_order) VALUES (1739, 173, '∂', 'უmere synthesis', 8);
INSERT INTO operator_definition_lines (id, operator_id, prefix, content, line_order) VALUES (1740, 173, '∂', 'უannihilation', 9);
INSERT INTO operator_definition_lines (id, operator_id, prefix, content, line_order) VALUES (1741, 173, '∂', 'requires contradiction retention', 10);
INSERT INTO operator_definition_lines (id, operator_id, prefix, content, line_order) VALUES (1742, 173, '⊛', 'thesis∧antithesis→𝀗→synthesis', 11);
INSERT INTO operator_definition_lines (id, operator_id, prefix, content, line_order) VALUES (1743, 173, '⊛', 'Being∧Nothing→𝀗→Becoming', 12);
INSERT INTO operator_definition_lines (id, operator_id, prefix, content, line_order) VALUES (1744, 173, '⊛', '𝀗≡cancel∧preserve∧elevate', 13);
INSERT INTO operator_definition_lines (id, operator_id, prefix, content, line_order) VALUES (1745, 173, '⊛', 'contradiction 𝀗 to higher unity', 14);
INSERT INTO operator_definition_lines (id, operator_id, prefix, content, line_order) VALUES (1746, 173, '⊛', '𝀗 lightens by raising', 15);
INSERT INTO operator_definition_lines (id, operator_id, prefix, content, line_order) VALUES (1747, 173, '⊛', 'feudalism→𝀗→capitalism (Marx)', 16);
INSERT INTO operator_definition_lines (id, operator_id, prefix, content, line_order) VALUES (1748, 173, '⊛', '⧆→𝀗→resolution at higher level', 17);
INSERT INTO operator_definition_lines (id, operator_id, prefix, content, line_order) VALUES (1749, 173, '⊛', '𝀗 carries forward essential', 18);
INSERT INTO operator_definition_lines (id, operator_id, prefix, content, line_order) VALUES (1750, 173, '⊛', 'graceful elevation უviolence', 19);
INSERT INTO operator_definition_lines (id, operator_id, prefix, content, line_order) VALUES (1751, 173, '⊢', 'contradiction resolved', 20);
INSERT INTO operator_definition_lines (id, operator_id, prefix, content, line_order) VALUES (1752, 173, '⊢', 'elevated integration', 21);
INSERT INTO operator_definition_lines (id, operator_id, prefix, content, line_order) VALUES (1753, 173, '⊢', 'nothing lost', 22);
INSERT INTO operators (id, symbol, name, module_id, category_id) VALUES (174, '𝀞', 'shapes', 6, 24);
INSERT INTO symbols (symbol, codepoint, symbol_type, name) VALUES ('𝀞', 'U+1D01E', 'operator', 'shapes');
INSERT INTO operator_definition_lines (id, operator_id, prefix, content, line_order) VALUES (1754, 174, '≡', 'shapes', 1);
INSERT INTO operator_definition_lines (id, operator_id, prefix, content, line_order) VALUES (1755, 174, '≡', 'molds_form', 2);
INSERT INTO operator_definition_lines (id, operator_id, prefix, content, line_order) VALUES (1756, 174, '≝', 'constitutive shaping', 3);
INSERT INTO operator_definition_lines (id, operator_id, prefix, content, line_order) VALUES (1757, 174, '≝', 'discourse shapes reality', 4);
INSERT INTO operator_definition_lines (id, operator_id, prefix, content, line_order) VALUES (1758, 174, '⊡', 'Փ8Բ7', 5);
INSERT INTO operator_definition_lines (id, operator_id, prefix, content, line_order) VALUES (1759, 174, '⊛', '⧈⥅𝀞 perception', 6);
INSERT INTO operator_definition_lines (id, operator_id, prefix, content, line_order) VALUES (1760, 174, '⊛', '⟟⥅𝀞 perception', 7);
INSERT INTO operator_definition_lines (id, operator_id, prefix, content, line_order) VALUES (1761, 174, '⊛', 'discourse 𝀞 reality', 8);
INSERT INTO operator_definition_lines (id, operator_id, prefix, content, line_order) VALUES (1762, 174, '⊛', '⛫ power→⟛→𝀞 subjects', 9);
INSERT INTO operator_definition_lines (id, operator_id, prefix, content, line_order) VALUES (1763, 174, '⊛', 'language 𝀞 thought', 10);
INSERT INTO operator_definition_lines (id, operator_id, prefix, content, line_order) VALUES (1764, 174, '⊛', '𝀞 via ⧈ classification', 11);
INSERT INTO operator_definition_lines (id, operator_id, prefix, content, line_order) VALUES (1765, 174, '⊢', '𝀞 shaping ⊢ constituted form ⊢ discourse effects', 12);
INSERT INTO operators (id, symbol, name, module_id, category_id) VALUES (175, '𝀕', 'behavior', 6, 25);
INSERT INTO symbols (symbol, codepoint, symbol_type, name) VALUES ('𝀕', 'U+1D015', 'operator', 'behavior');
INSERT INTO operator_definition_lines (id, operator_id, prefix, content, line_order) VALUES (1766, 175, '≡', 'behavior', 1);
INSERT INTO operator_definition_lines (id, operator_id, prefix, content, line_order) VALUES (1767, 175, '≡', 'enacted_pattern', 2);
INSERT INTO operator_definition_lines (id, operator_id, prefix, content, line_order) VALUES (1768, 175, '≝', 'observable behavior', 3);
INSERT INTO operator_definition_lines (id, operator_id, prefix, content, line_order) VALUES (1769, 175, '≝', 'enacted regularities', 4);
INSERT INTO operator_definition_lines (id, operator_id, prefix, content, line_order) VALUES (1770, 175, '⊡', 'Փ8Բ7', 5);
INSERT INTO operator_definition_lines (id, operator_id, prefix, content, line_order) VALUES (1771, 175, '⊛', '◬ from ⧈⇋𝀕', 6);
INSERT INTO operator_definition_lines (id, operator_id, prefix, content, line_order) VALUES (1772, 175, '⊛', '𝀕⊱⧈', 7);
INSERT INTO operator_definition_lines (id, operator_id, prefix, content, line_order) VALUES (1773, 175, '⊛', '⧈→𝀕→𝆌→⧈', 8);
INSERT INTO operator_definition_lines (id, operator_id, prefix, content, line_order) VALUES (1774, 175, '⊛', '𝀔⬡𝀕', 9);
INSERT INTO operator_definition_lines (id, operator_id, prefix, content, line_order) VALUES (1775, 175, '⊛', '𝀕 observable pattern', 10);
INSERT INTO operator_definition_lines (id, operator_id, prefix, content, line_order) VALUES (1776, 175, '⊛', 'behavior→𝆌→⌂', 11);
INSERT INTO operator_definition_lines (id, operator_id, prefix, content, line_order) VALUES (1777, 175, '⊢', '𝀕 behavior ⊢ observable pattern ⊢ ⧈ reinforcement', 12);
INSERT INTO operators (id, symbol, name, module_id, category_id) VALUES (176, '⌂', 'habitus', 6, 24);
INSERT INTO symbols (symbol, codepoint, symbol_type, name) VALUES ('⌂', 'U+2302', 'operator', 'habitus');
INSERT INTO operator_definition_lines (id, operator_id, prefix, content, line_order) VALUES (1778, 176, '≡', 'habitus', 1);
INSERT INTO operator_definition_lines (id, operator_id, prefix, content, line_order) VALUES (1779, 176, '≡', 'embodied_dispositions', 2);
INSERT INTO operator_definition_lines (id, operator_id, prefix, content, line_order) VALUES (1780, 176, '≝', 'Bourdieu''s habitus', 3);
INSERT INTO operator_definition_lines (id, operator_id, prefix, content, line_order) VALUES (1781, 176, '≝', 'durable dispositions', 4);
INSERT INTO operator_definition_lines (id, operator_id, prefix, content, line_order) VALUES (1782, 176, '≝', 'structured structures', 5);
INSERT INTO operator_definition_lines (id, operator_id, prefix, content, line_order) VALUES (1783, 176, '⊡', 'Ր8Գ7', 6);
INSERT INTO operator_definition_lines (id, operator_id, prefix, content, line_order) VALUES (1784, 176, '⊛', '⌂ formed by 𝄃', 7);
INSERT INTO operator_definition_lines (id, operator_id, prefix, content, line_order) VALUES (1785, 176, '⊛', '𝄃⊱⌂', 8);
INSERT INTO operator_definition_lines (id, operator_id, prefix, content, line_order) VALUES (1786, 176, '⊛', '⥅→⌂ formation', 9);
INSERT INTO operator_definition_lines (id, operator_id, prefix, content, line_order) VALUES (1787, 176, '⊛', 'behavior→𝆌→⌂', 10);
INSERT INTO operator_definition_lines (id, operator_id, prefix, content, line_order) VALUES (1788, 176, '⊛', '⌂ generates practice', 11);
INSERT INTO operator_definition_lines (id, operator_id, prefix, content, line_order) VALUES (1789, 176, '⊛', 'field∧⌂→practice', 12);
INSERT INTO operator_definition_lines (id, operator_id, prefix, content, line_order) VALUES (1790, 176, '⊛', '⌂≡structured structuring structure', 13);
INSERT INTO operator_definition_lines (id, operator_id, prefix, content, line_order) VALUES (1791, 176, '⊢', '⌂ habitus ⊢ durable dispositions ⊢ practical sense', 14);
INSERT INTO operators (id, symbol, name, module_id, category_id) VALUES (177, '𝀶', 'destroys', 6, 27);
INSERT INTO symbols (symbol, codepoint, symbol_type, name) VALUES ('𝀶', 'U+1D036', 'operator', 'destroys');
INSERT INTO operator_definition_lines (id, operator_id, prefix, content, line_order) VALUES (1792, 177, '≡', 'destroys', 1);
INSERT INTO operator_definition_lines (id, operator_id, prefix, content, line_order) VALUES (1793, 177, '≡', 'eliminates_structure', 2);
INSERT INTO operator_definition_lines (id, operator_id, prefix, content, line_order) VALUES (1794, 177, '≝', 'destruction', 3);
INSERT INTO operator_definition_lines (id, operator_id, prefix, content, line_order) VALUES (1795, 177, '≝', 'structural elimination', 4);
INSERT INTO operator_definition_lines (id, operator_id, prefix, content, line_order) VALUES (1796, 177, '⊡', 'Ց9Փ6', 5);
INSERT INTO operator_definition_lines (id, operator_id, prefix, content, line_order) VALUES (1797, 177, '⊛', '⟲ can 𝀶 or 𝆌', 6);
INSERT INTO operator_definition_lines (id, operator_id, prefix, content, line_order) VALUES (1798, 177, '⊛', 'overload can 𝀶 ┃', 7);
INSERT INTO operator_definition_lines (id, operator_id, prefix, content, line_order) VALUES (1799, 177, '⊛', 'crisis 𝀶 stability', 8);
INSERT INTO operator_definition_lines (id, operator_id, prefix, content, line_order) VALUES (1800, 177, '⊛', '𝀶 → 𝁆 dissolution', 9);
INSERT INTO operator_definition_lines (id, operator_id, prefix, content, line_order) VALUES (1801, 177, '⊛', '𝀶 removes structure', 10);
INSERT INTO operator_definition_lines (id, operator_id, prefix, content, line_order) VALUES (1802, 177, '⊛', 'revolution 𝀶 old order', 11);
INSERT INTO operator_definition_lines (id, operator_id, prefix, content, line_order) VALUES (1803, 177, '⊢', '𝀶 destruction ⊢ structure loss ⊢ dissolution', 12);
INSERT INTO operators (id, symbol, name, module_id, category_id) VALUES (178, '𝀴', 'transforms', 6, 27);
INSERT INTO symbols (symbol, codepoint, symbol_type, name) VALUES ('𝀴', 'U+1D034', 'operator', 'transforms');
INSERT INTO operator_definition_lines (id, operator_id, prefix, content, line_order) VALUES (1804, 178, '≡', 'transforms', 1);
INSERT INTO operator_definition_lines (id, operator_id, prefix, content, line_order) VALUES (1805, 178, '≡', 'fundamental_change', 2);
INSERT INTO operator_definition_lines (id, operator_id, prefix, content, line_order) VALUES (1806, 178, '≝', 'deep transformation', 3);
INSERT INTO operator_definition_lines (id, operator_id, prefix, content, line_order) VALUES (1807, 178, '≝', 'qualitative shift', 4);
INSERT INTO operator_definition_lines (id, operator_id, prefix, content, line_order) VALUES (1808, 178, '⊡', 'Փ8Գ8', 5);
INSERT INTO operator_definition_lines (id, operator_id, prefix, content, line_order) VALUES (1809, 178, '⊛', '𝄎 awareness 𝀴', 6);
INSERT INTO operator_definition_lines (id, operator_id, prefix, content, line_order) VALUES (1810, 178, '⊛', 'crisis 𝀴 system', 7);
INSERT INTO operator_definition_lines (id, operator_id, prefix, content, line_order) VALUES (1811, 178, '⊛', '𝀴 ≈ ⤇ general', 8);
INSERT INTO operator_definition_lines (id, operator_id, prefix, content, line_order) VALUES (1812, 178, '⊛', 'learning 𝀴 understanding', 9);
INSERT INTO operator_definition_lines (id, operator_id, prefix, content, line_order) VALUES (1813, 178, '⊛', '𝀴 not mere change', 10);
INSERT INTO operator_definition_lines (id, operator_id, prefix, content, line_order) VALUES (1814, 178, '⊛', 'metamorphosis via 𝀴', 11);
INSERT INTO operator_definition_lines (id, operator_id, prefix, content, line_order) VALUES (1815, 178, '⊢', '𝀴 transformation ⊢ qualitative shift ⊢ new form', 12);
INSERT INTO operators (id, symbol, name, module_id, category_id) VALUES (179, '⟒', 'grounds', 6, 28);
INSERT INTO symbols (symbol, codepoint, symbol_type, name) VALUES ('⟒', 'U+27D2', 'operator', 'grounds');
INSERT INTO operator_definition_lines (id, operator_id, prefix, content, line_order) VALUES (1816, 179, '≡', 'grounds', 1);
INSERT INTO operator_definition_lines (id, operator_id, prefix, content, line_order) VALUES (1817, 179, '≡', 'founds', 2);
INSERT INTO operator_definition_lines (id, operator_id, prefix, content, line_order) VALUES (1818, 179, '≝', 'ontological grounding', 3);
INSERT INTO operator_definition_lines (id, operator_id, prefix, content, line_order) VALUES (1819, 179, '≝', 'foundational establishment', 4);
INSERT INTO operator_definition_lines (id, operator_id, prefix, content, line_order) VALUES (1820, 179, '≝', 'material basis', 5);
INSERT INTO operator_definition_lines (id, operator_id, prefix, content, line_order) VALUES (1821, 179, '∂', 'უmere support', 6);
INSERT INTO operator_definition_lines (id, operator_id, prefix, content, line_order) VALUES (1822, 179, '∂', 'უcausal antecedent', 7);
INSERT INTO operator_definition_lines (id, operator_id, prefix, content, line_order) VALUES (1823, 179, '∂', 'requires constitutive foundation', 8);
INSERT INTO operator_definition_lines (id, operator_id, prefix, content, line_order) VALUES (1824, 179, '⊛', '⧏⟒empirical_data', 9);
INSERT INTO operator_definition_lines (id, operator_id, prefix, content, line_order) VALUES (1825, 179, '⊛', 'belief⟒action', 10);
INSERT INTO operator_definition_lines (id, operator_id, prefix, content, line_order) VALUES (1826, 179, '⊛', '⟒ in material_conditions', 11);
INSERT INTO operator_definition_lines (id, operator_id, prefix, content, line_order) VALUES (1827, 179, '⊛', 'authority⟒legitimacy', 12);
INSERT INTO operator_definition_lines (id, operator_id, prefix, content, line_order) VALUES (1828, 179, '⊛', '⌂⟒𝀕_patterns', 13);
INSERT INTO operator_definition_lines (id, operator_id, prefix, content, line_order) VALUES (1829, 179, '⊛', 'practice⟒theory', 14);
INSERT INTO operator_definition_lines (id, operator_id, prefix, content, line_order) VALUES (1830, 179, '⊢', '⟒ grounding ⊢ foundational support ⊢ material basis', 15);
INSERT INTO operators (id, symbol, name, module_id, category_id) VALUES (180, '⛁', 'memory', 6, 28);
INSERT INTO symbols (symbol, codepoint, symbol_type, name) VALUES ('⛁', 'U+26C1', 'operator', 'memory');
INSERT INTO operator_definition_lines (id, operator_id, prefix, content, line_order) VALUES (1831, 180, '≡', 'memory', 1);
INSERT INTO operator_definition_lines (id, operator_id, prefix, content, line_order) VALUES (1832, 180, '≡', 'persistence', 2);
INSERT INTO operator_definition_lines (id, operator_id, prefix, content, line_order) VALUES (1833, 180, '≝', 'context preservation across time', 3);
INSERT INTO operator_definition_lines (id, operator_id, prefix, content, line_order) VALUES (1834, 180, '≝', 'semantic storage', 4);
INSERT INTO operator_definition_lines (id, operator_id, prefix, content, line_order) VALUES (1835, 180, '⊡', 'Լ9Բ8', 5);
INSERT INTO operator_definition_lines (id, operator_id, prefix, content, line_order) VALUES (1836, 180, '∂', '⛁≠⌺ (⛁ stores|⌺ stabilizes)', 6);
INSERT INTO operator_definition_lines (id, operator_id, prefix, content, line_order) VALUES (1837, 180, '∂', '⛁≠დ (⛁ mechanism|დ reference)', 7);
INSERT INTO operator_definition_lines (id, operator_id, prefix, content, line_order) VALUES (1838, 180, '∂', '⛁ preserves|⌺ crystallizes', 8);
INSERT INTO operator_definition_lines (id, operator_id, prefix, content, line_order) VALUES (1839, 180, '⊛', '⛁ preserves ⯐ across time', 9);
INSERT INTO operator_definition_lines (id, operator_id, prefix, content, line_order) VALUES (1840, 180, '⊛', 'დ⯐ held in ⛁', 10);
INSERT INTO operator_definition_lines (id, operator_id, prefix, content, line_order) VALUES (1841, 180, '⊛', '⌺ flow in ⛁', 11);
INSERT INTO operator_definition_lines (id, operator_id, prefix, content, line_order) VALUES (1842, 180, '⊛', '⩎→⛁ artifact persisted', 12);
INSERT INTO operator_definition_lines (id, operator_id, prefix, content, line_order) VALUES (1843, 180, '⊛', '⛁ enables Տ across sessions', 13);
INSERT INTO operator_definition_lines (id, operator_id, prefix, content, line_order) VALUES (1844, 180, '⊛', '⛁ grounds ⥅ (feedforward requires memory)', 14);
INSERT INTO operator_definition_lines (id, operator_id, prefix, content, line_order) VALUES (1845, 180, '⊢', '⛁9 ⊢ ⯐ continuity ⊢ ◇accumulated understanding', 15);
INSERT INTO operator_definition_lines (id, operator_id, prefix, content, line_order) VALUES (1846, 180, '⊢', '⛁1 ⊢ ⯐ amnesia ⊢ ¬◇learning', 16);
INSERT INTO operator_definition_lines (id, operator_id, prefix, content, line_order) VALUES (1847, 180, '⊢', '⛁⊰⥅ (memory enables anticipation)', 17);
INSERT INTO operator_definition_lines (id, operator_id, prefix, content, line_order) VALUES (1848, 180, '⟷', '⛁⟷⌺ (⛁ holds what ⌺ stabilizes)', 18);
INSERT INTO operator_definition_lines (id, operator_id, prefix, content, line_order) VALUES (1849, 180, '⟷', '⛁⟷⯐ (⛁ preserves ⯐)', 19);
INSERT INTO operator_definition_lines (id, operator_id, prefix, content, line_order) VALUES (1850, 180, '⟷', '⛁⟷Լ (⛁ enables lifespan)', 20);
INSERT INTO operators (id, symbol, name, module_id, category_id) VALUES (181, '⩎', 'entity', 6, 28);
INSERT INTO symbols (symbol, codepoint, symbol_type, name) VALUES ('⩎', 'U+2A4E', 'operator', 'entity');
INSERT INTO operator_definition_lines (id, operator_id, prefix, content, line_order) VALUES (1851, 181, '≡', 'entity', 1);
INSERT INTO operator_definition_lines (id, operator_id, prefix, content, line_order) VALUES (1852, 181, '≡', 'node', 2);
INSERT INTO operator_definition_lines (id, operator_id, prefix, content, line_order) VALUES (1853, 181, '≡', 'concrete_instance', 3);
INSERT INTO operator_definition_lines (id, operator_id, prefix, content, line_order) VALUES (1854, 181, '≝', 'grounded particular', 4);
INSERT INTO operator_definition_lines (id, operator_id, prefix, content, line_order) VALUES (1855, 181, '≝', 'what patterns actualize into', 5);
INSERT INTO operator_definition_lines (id, operator_id, prefix, content, line_order) VALUES (1856, 181, '≝', 'what operations transform', 6);
INSERT INTO operator_definition_lines (id, operator_id, prefix, content, line_order) VALUES (1857, 181, '⊡', 'Գ9Բ7', 7);
INSERT INTO operator_definition_lines (id, operator_id, prefix, content, line_order) VALUES (1858, 181, '∂', '⩎≠ᛝ (instance vs pattern)', 8);
INSERT INTO operator_definition_lines (id, operator_id, prefix, content, line_order) VALUES (1859, 181, '∂', '⩎≠⯐ (thing vs space)', 9);
INSERT INTO operator_definition_lines (id, operator_id, prefix, content, line_order) VALUES (1860, 181, '∂', '⩎≠⋕ (particular vs schema)', 10);
INSERT INTO operator_definition_lines (id, operator_id, prefix, content, line_order) VALUES (1861, 181, '⊛', 'ᛝ→გ⩎ pattern grounds to entity', 11);
INSERT INTO operator_definition_lines (id, operator_id, prefix, content, line_order) VALUES (1862, 181, '⊛', '⩎→შ→⩎'' transformation', 12);
INSERT INTO operator_definition_lines (id, operator_id, prefix, content, line_order) VALUES (1863, 181, '⊛', '⩎⊃⩎ containment', 13);
INSERT INTO operator_definition_lines (id, operator_id, prefix, content, line_order) VALUES (1864, 181, '⊛', '⩎↬⩎ connection', 14);
INSERT INTO operator_definition_lines (id, operator_id, prefix, content, line_order) VALUES (1865, 181, '⊛', '⩎⊆system membership', 15);
INSERT INTO operator_definition_lines (id, operator_id, prefix, content, line_order) VALUES (1866, 181, '⊛', '∘(⊨,გ)→⩎ operations yield entities', 16);
INSERT INTO operator_definition_lines (id, operator_id, prefix, content, line_order) VALUES (1867, 181, '⊢', '⩎⊢particular⊢◇concrete', 17);
INSERT INTO operator_definition_lines (id, operator_id, prefix, content, line_order) VALUES (1868, 181, '⊢', 'ᛝ⊢◇⩎ patterns may instantiate', 18);
INSERT INTO operator_definition_lines (id, operator_id, prefix, content, line_order) VALUES (1869, 181, '⟷', '⩎⟷ᛝ', 19);
INSERT INTO operator_definition_lines (id, operator_id, prefix, content, line_order) VALUES (1870, 181, '⟷', '⩎⟷⛁', 20);
INSERT INTO operators (id, symbol, name, module_id, category_id) VALUES (182, '⤑', 'shapes_through_influence', 6, 24);
INSERT INTO symbols (symbol, codepoint, symbol_type, name) VALUES ('⤑', 'U+2911', 'operator', 'shapes_through_influence');
INSERT INTO operator_definition_lines (id, operator_id, prefix, content, line_order) VALUES (1871, 182, '≡', 'shapes', 1);
INSERT INTO operator_definition_lines (id, operator_id, prefix, content, line_order) VALUES (1872, 182, '≡', 'constitutes_through_influence', 2);
INSERT INTO operator_definition_lines (id, operator_id, prefix, content, line_order) VALUES (1873, 182, '≝', 'constitutive influence', 3);
INSERT INTO operator_definition_lines (id, operator_id, prefix, content, line_order) VALUES (1874, 182, '≝', 'weaker than 𝀞 but still reality-shaping', 4);
INSERT INTO operator_definition_lines (id, operator_id, prefix, content, line_order) VALUES (1875, 182, '∂', 'უmere influence', 5);
INSERT INTO operator_definition_lines (id, operator_id, prefix, content, line_order) VALUES (1876, 182, '∂', 'უcausal effect', 6);
INSERT INTO operator_definition_lines (id, operator_id, prefix, content, line_order) VALUES (1877, 182, '∂', '⤑≈𝀞 but weaker', 7);
INSERT INTO operator_definition_lines (id, operator_id, prefix, content, line_order) VALUES (1878, 182, '∂', 'requires constitutive trace', 8);
INSERT INTO operator_definition_lines (id, operator_id, prefix, content, line_order) VALUES (1879, 182, '⊛', '⧈⤑𝀕', 9);
INSERT INTO operator_definition_lines (id, operator_id, prefix, content, line_order) VALUES (1880, 182, '⊛', 'expectation⤑outcome', 10);
INSERT INTO operator_definition_lines (id, operator_id, prefix, content, line_order) VALUES (1881, 182, '⊛', 'model⤑reality', 11);
INSERT INTO operator_definition_lines (id, operator_id, prefix, content, line_order) VALUES (1882, 182, '⊛', '⤑ through feedback_loops', 12);
INSERT INTO operator_definition_lines (id, operator_id, prefix, content, line_order) VALUES (1883, 182, '⊛', 'discourse⤑possibilities', 13);
INSERT INTO operator_definition_lines (id, operator_id, prefix, content, line_order) VALUES (1884, 182, '⊛', '⤑≠mere_influence_but_creation', 14);
INSERT INTO operator_definition_lines (id, operator_id, prefix, content, line_order) VALUES (1885, 182, '⊢', '⤑ shaping ⊢ constitutive influence ⊢ reality effects', 15);
INSERT INTO operators (id, symbol, name, module_id, category_id) VALUES (183, '⬟', 'performativity_chain', 6, 24);
INSERT INTO symbols (symbol, codepoint, symbol_type, name) VALUES ('⬟', 'U+2B1F', 'operator', 'performativity_chain');
INSERT INTO operator_definition_lines (id, operator_id, prefix, content, line_order) VALUES (1886, 183, '≡', 'symbol_action_reality_chain', 1);
INSERT INTO operator_definition_lines (id, operator_id, prefix, content, line_order) VALUES (1887, 183, '≡', 'performativity_pattern', 2);
INSERT INTO operator_definition_lines (id, operator_id, prefix, content, line_order) VALUES (1888, 183, '≝', 'symbol creates action creates reality', 3);
INSERT INTO operator_definition_lines (id, operator_id, prefix, content, line_order) VALUES (1889, 183, '≝', 'Austin-Searle-Butler chain', 4);
INSERT INTO operator_definition_lines (id, operator_id, prefix, content, line_order) VALUES (1890, 183, '⊡', 'Փ8Գ7Վ7', 5);
INSERT INTO operator_definition_lines (id, operator_id, prefix, content, line_order) VALUES (1891, 183, '∂', 'უmere representation', 6);
INSERT INTO operator_definition_lines (id, operator_id, prefix, content, line_order) VALUES (1892, 183, '∂', 'უdescription', 7);
INSERT INTO operator_definition_lines (id, operator_id, prefix, content, line_order) VALUES (1893, 183, '∂', 'requires performative force', 8);
INSERT INTO operator_definition_lines (id, operator_id, prefix, content, line_order) VALUES (1894, 183, '⊛', '⬟≡performativity_pattern', 9);
INSERT INTO operator_definition_lines (id, operator_id, prefix, content, line_order) VALUES (1895, 183, '⊛', 'ꕥ→ო→გ via ⬟', 10);
INSERT INTO operator_definition_lines (id, operator_id, prefix, content, line_order) VALUES (1896, 183, '⊛', '⛣⬟social_fact', 11);
INSERT INTO operator_definition_lines (id, operator_id, prefix, content, line_order) VALUES (1897, 183, '⊛', 'model⬟𝀕⬟outcome', 12);
INSERT INTO operator_definition_lines (id, operator_id, prefix, content, line_order) VALUES (1898, 183, '⊛', '⬟ 𝀐 what_it_names', 13);
INSERT INTO operator_definition_lines (id, operator_id, prefix, content, line_order) VALUES (1899, 183, '⊛', '⚘Austin→⚘Searle→⚘Butler via ⬟', 14);
INSERT INTO operator_definition_lines (id, operator_id, prefix, content, line_order) VALUES (1900, 183, '⊢', '⬟ performativity ⊢ symbol→action→reality ⊢ constitutive speech', 15);
INSERT INTO operators (id, symbol, name, module_id, category_id) VALUES (184, '⛣', 'speech_act', 6, 23);
INSERT INTO symbols (symbol, codepoint, symbol_type, name) VALUES ('⛣', 'U+26E3', 'operator', 'speech_act');
INSERT INTO operator_definition_lines (id, operator_id, prefix, content, line_order) VALUES (1901, 184, '≡', 'speech_act', 1);
INSERT INTO operator_definition_lines (id, operator_id, prefix, content, line_order) VALUES (1902, 184, '≡', 'performative_utterance', 2);
INSERT INTO operator_definition_lines (id, operator_id, prefix, content, line_order) VALUES (1903, 184, '≝', 'Austin''s speech act', 3);
INSERT INTO operator_definition_lines (id, operator_id, prefix, content, line_order) VALUES (1904, 184, '≝', 'illocutionary force', 4);
INSERT INTO operator_definition_lines (id, operator_id, prefix, content, line_order) VALUES (1905, 184, '≝', 'words that do', 5);
INSERT INTO operator_definition_lines (id, operator_id, prefix, content, line_order) VALUES (1906, 184, '⊡', 'Փ8Բ7', 6);
INSERT INTO operator_definition_lines (id, operator_id, prefix, content, line_order) VALUES (1907, 184, '∂', 'უdescription', 7);
INSERT INTO operator_definition_lines (id, operator_id, prefix, content, line_order) VALUES (1908, 184, '∂', 'უconstative', 8);
INSERT INTO operator_definition_lines (id, operator_id, prefix, content, line_order) VALUES (1909, 184, '∂', '⛣→does_not_describe', 9);
INSERT INTO operator_definition_lines (id, operator_id, prefix, content, line_order) VALUES (1910, 184, '∂', 'requires performative force', 10);
INSERT INTO operator_definition_lines (id, operator_id, prefix, content, line_order) VALUES (1911, 184, '⊛', '⛣≡⚘J.L. Austin_concept', 11);
INSERT INTO operator_definition_lines (id, operator_id, prefix, content, line_order) VALUES (1912, 184, '⊛', 'illocutionary⛣perlocutionary', 12);
INSERT INTO operator_definition_lines (id, operator_id, prefix, content, line_order) VALUES (1913, 184, '⊛', '⛣𝁚⛫_facts', 13);
INSERT INTO operator_definition_lines (id, operator_id, prefix, content, line_order) VALUES (1914, 184, '⊛', 'promise⛣𝀐_obligation', 14);
INSERT INTO operator_definition_lines (id, operator_id, prefix, content, line_order) VALUES (1915, 184, '⊛', '⛣→⬟→reality', 15);
INSERT INTO operator_definition_lines (id, operator_id, prefix, content, line_order) VALUES (1916, 184, '⊛', '⧈+⛣→named_into_being', 16);
INSERT INTO operator_definition_lines (id, operator_id, prefix, content, line_order) VALUES (1917, 184, '⊛', '⛣ 𝄃→𝀕_patterns', 17);
INSERT INTO operator_definition_lines (id, operator_id, prefix, content, line_order) VALUES (1918, 184, '⊢', '⛣ speech act ⊢ performative force ⊢ social fact creation', 18);
INSERT INTO operators (id, symbol, name, module_id, category_id) VALUES (185, '⥎', 'interactive_kinds', 6, 24);
INSERT INTO symbols (symbol, codepoint, symbol_type, name) VALUES ('⥎', 'U+294E', 'operator', 'interactive_kinds');
INSERT INTO operator_definition_lines (id, operator_id, prefix, content, line_order) VALUES (1919, 185, '≡', 'interactive', 1);
INSERT INTO operator_definition_lines (id, operator_id, prefix, content, line_order) VALUES (1920, 185, '≡', 'mutually_constitutive', 2);
INSERT INTO operator_definition_lines (id, operator_id, prefix, content, line_order) VALUES (1921, 185, '≝', 'Hacking''s looping kinds', 3);
INSERT INTO operator_definition_lines (id, operator_id, prefix, content, line_order) VALUES (1922, 185, '≝', 'classification affects classified', 4);
INSERT INTO operator_definition_lines (id, operator_id, prefix, content, line_order) VALUES (1923, 185, '≝', 'human kinds', 5);
INSERT INTO operator_definition_lines (id, operator_id, prefix, content, line_order) VALUES (1924, 185, '⊡', 'Տ8Ս7', 6);
INSERT INTO operator_definition_lines (id, operator_id, prefix, content, line_order) VALUES (1925, 185, '∂', '⥎≠passive', 7);
INSERT INTO operator_definition_lines (id, operator_id, prefix, content, line_order) VALUES (1926, 185, '∂', '⥎≠natural kinds', 8);
INSERT INTO operator_definition_lines (id, operator_id, prefix, content, line_order) VALUES (1927, 185, '∂', 'requires awareness of classification', 9);
INSERT INTO operator_definition_lines (id, operator_id, prefix, content, line_order) VALUES (1928, 185, '⊛', '⥎ kinds≡⚘Ian Hacking', 10);
INSERT INTO operator_definition_lines (id, operator_id, prefix, content, line_order) VALUES (1929, 185, '⊛', '⧈⥎⚘→⟗loops', 11);
INSERT INTO operator_definition_lines (id, operator_id, prefix, content, line_order) VALUES (1930, 185, '⊛', 'human_kinds≡⥎', 12);
INSERT INTO operator_definition_lines (id, operator_id, prefix, content, line_order) VALUES (1931, 185, '⊛', '⥎ 𝀴 both_parties', 13);
INSERT INTO operator_definition_lines (id, operator_id, prefix, content, line_order) VALUES (1932, 185, '⊛', 'classification⥎classified⥎classification', 14);
INSERT INTO operator_definition_lines (id, operator_id, prefix, content, line_order) VALUES (1933, 185, '⊢', '⥎ interactive ⊢ looping effect ⊢ mutual constitution', 15);
INSERT INTO operators (id, symbol, name, module_id, category_id) VALUES (186, '⌺', 'stable_well', 7, 29);
INSERT INTO symbols (symbol, codepoint, symbol_type, name) VALUES ('⌺', 'U+233A', 'operator', 'stable_well');
INSERT INTO operator_definition_lines (id, operator_id, prefix, content, line_order) VALUES (1934, 186, '≡', 'semantic gravity well', 1);
INSERT INTO operator_definition_lines (id, operator_id, prefix, content, line_order) VALUES (1935, 186, '≡', 'stable ✱', 2);
INSERT INTO operator_definition_lines (id, operator_id, prefix, content, line_order) VALUES (1936, 186, '≡', '𝀆', 3);
INSERT INTO operator_definition_lines (id, operator_id, prefix, content, line_order) VALUES (1937, 186, '≝', 'maximum compression state', 4);
INSERT INTO operator_definition_lines (id, operator_id, prefix, content, line_order) VALUES (1938, 186, '≝', '𝀏 completed', 5);
INSERT INTO operator_definition_lines (id, operator_id, prefix, content, line_order) VALUES (1939, 186, '≝', 'equilibrium residence', 6);
INSERT INTO operator_definition_lines (id, operator_id, prefix, content, line_order) VALUES (1940, 186, '∂', '¬⌻ (forming)', 7);
INSERT INTO operator_definition_lines (id, operator_id, prefix, content, line_order) VALUES (1941, 186, '∂', '¬⌼ (dissolving)', 8);
INSERT INTO operator_definition_lines (id, operator_id, prefix, content, line_order) VALUES (1942, 186, '∂', 'requires □ stability threshold', 9);
INSERT INTO operator_definition_lines (id, operator_id, prefix, content, line_order) VALUES (1943, 186, '⊛', '∘(meaning, consensus)→⌺', 10);
INSERT INTO operator_definition_lines (id, operator_id, prefix, content, line_order) VALUES (1944, 186, '⊛', '⌺=maximum_compression ∧ pacts⌺=solidified', 11);
INSERT INTO operator_definition_lines (id, operator_id, prefix, content, line_order) VALUES (1945, 186, '⊛', '□⌺=permanently_stable ∧ ნ_⌺=currently_stable', 12);
INSERT INTO operator_definition_lines (id, operator_id, prefix, content, line_order) VALUES (1946, 186, '⊛', 'components⨝→⌺', 13);
INSERT INTO operator_definition_lines (id, operator_id, prefix, content, line_order) VALUES (1947, 186, '⊛', 'usage patterns 𝆌 ⌺', 14);
INSERT INTO operator_definition_lines (id, operator_id, prefix, content, line_order) VALUES (1948, 186, '⊛', 'thematic clustering via gravitational pull', 15);
INSERT INTO operator_definition_lines (id, operator_id, prefix, content, line_order) VALUES (1949, 186, '⊛', '⌺≡𝀆✱ at rest', 16);
INSERT INTO operator_definition_lines (id, operator_id, prefix, content, line_order) VALUES (1950, 186, '⊢', '⌺ attracts related content ⊢ semantic clustering ⊢ knowledge organization', 17);
INSERT INTO operators (id, symbol, name, module_id, category_id) VALUES (187, '⌻', 'forming_well', 7, 29);
INSERT INTO symbols (symbol, codepoint, symbol_type, name) VALUES ('⌻', 'U+233B', 'operator', 'forming_well');
INSERT INTO operator_definition_lines (id, operator_id, prefix, content, line_order) VALUES (1951, 187, '≡', 'forming well', 1);
INSERT INTO operator_definition_lines (id, operator_id, prefix, content, line_order) VALUES (1952, 187, '≡', '◬✱', 2);
INSERT INTO operator_definition_lines (id, operator_id, prefix, content, line_order) VALUES (1953, 187, '≝', 'moderate elaboration state', 3);
INSERT INTO operator_definition_lines (id, operator_id, prefix, content, line_order) VALUES (1954, 187, '≝', 'actively 𝀏', 4);
INSERT INTO operator_definition_lines (id, operator_id, prefix, content, line_order) VALUES (1955, 187, '≝', '𝀷 in progress', 5);
INSERT INTO operator_definition_lines (id, operator_id, prefix, content, line_order) VALUES (1956, 187, '∂', '¬⌺ (not yet stable)', 6);
INSERT INTO operator_definition_lines (id, operator_id, prefix, content, line_order) VALUES (1957, 187, '∂', '¬⌼ (not dissolving)', 7);
INSERT INTO operator_definition_lines (id, operator_id, prefix, content, line_order) VALUES (1958, 187, '∂', 'ჭ→⌻ source flowing', 8);
INSERT INTO operator_definition_lines (id, operator_id, prefix, content, line_order) VALUES (1959, 187, '⊛', '⧊ actively ⌻', 9);
INSERT INTO operator_definition_lines (id, operator_id, prefix, content, line_order) VALUES (1960, 187, '⊛', '◇(𝀷→⌻→𝀏→⌺)', 10);
INSERT INTO operator_definition_lines (id, operator_id, prefix, content, line_order) VALUES (1961, 187, '⊛', 'new patterns 𝀷 coalescing', 11);
INSERT INTO operator_definition_lines (id, operator_id, prefix, content, line_order) VALUES (1962, 187, '⊛', 'moderate compression gaining coherence', 12);
INSERT INTO operator_definition_lines (id, operator_id, prefix, content, line_order) VALUES (1963, 187, '⊛', '𝀏 in progress', 13);
INSERT INTO operator_definition_lines (id, operator_id, prefix, content, line_order) VALUES (1964, 187, '⊛', 'many→𝀷→one integration', 14);
INSERT INTO operator_definition_lines (id, operator_id, prefix, content, line_order) VALUES (1965, 187, '⊛', 'contradictions 𝀗 into coherent ⌻', 15);
INSERT INTO operator_definition_lines (id, operator_id, prefix, content, line_order) VALUES (1966, 187, '⊢', '⌻ transitional state ⊰ stable well ⊢ development in progress', 16);
INSERT INTO operators (id, symbol, name, module_id, category_id) VALUES (188, '⌼', 'dissolving_well', 7, 29);
INSERT INTO symbols (symbol, codepoint, symbol_type, name) VALUES ('⌼', 'U+233C', 'operator', 'dissolving_well');
INSERT INTO operator_definition_lines (id, operator_id, prefix, content, line_order) VALUES (1967, 188, '≡', 'dissolving well', 1);
INSERT INTO operator_definition_lines (id, operator_id, prefix, content, line_order) VALUES (1968, 188, '≡', '⤋✱', 2);
INSERT INTO operator_definition_lines (id, operator_id, prefix, content, line_order) VALUES (1969, 188, '≡', '𝁆', 3);
INSERT INTO operator_definition_lines (id, operator_id, prefix, content, line_order) VALUES (1970, 188, '≝', 'full explanation needed', 4);
INSERT INTO operator_definition_lines (id, operator_id, prefix, content, line_order) VALUES (1971, 188, '≝', 'unreliable semantic structure', 5);
INSERT INTO operator_definition_lines (id, operator_id, prefix, content, line_order) VALUES (1972, 188, '≝', 'structure unmade', 6);
INSERT INTO operator_definition_lines (id, operator_id, prefix, content, line_order) VALUES (1973, 188, '∂', '¬⌺ (lost stability)', 7);
INSERT INTO operator_definition_lines (id, operator_id, prefix, content, line_order) VALUES (1974, 188, '∂', '¬⌻ (not forming)', 8);
INSERT INTO operator_definition_lines (id, operator_id, prefix, content, line_order) VALUES (1975, 188, '∂', 'warns instability', 9);
INSERT INTO operator_definition_lines (id, operator_id, prefix, content, line_order) VALUES (1976, 188, '⊛', 'დ ⌺→⤋→𝁆→⌼', 10);
INSERT INTO operator_definition_lines (id, operator_id, prefix, content, line_order) VALUES (1977, 188, '⊛', '✱ experiencing ⤋ ∧ 𝁆', 11);
INSERT INTO operator_definition_lines (id, operator_id, prefix, content, line_order) VALUES (1978, 188, '⊛', '¬◇⌺ when ⌼', 12);
INSERT INTO operator_definition_lines (id, operator_id, prefix, content, line_order) VALUES (1979, 188, '⊛', 'requires re-examination', 13);
INSERT INTO operator_definition_lines (id, operator_id, prefix, content, line_order) VALUES (1980, 188, '⊛', 'needs full elaboration for stability recovery', 14);
INSERT INTO operator_definition_lines (id, operator_id, prefix, content, line_order) VALUES (1981, 188, '⊛', '⌼≡𝁆 in progress', 15);
INSERT INTO operator_definition_lines (id, operator_id, prefix, content, line_order) VALUES (1982, 188, '⊢', '⌼ decay state ⊢ intervention required ⊢ policy clarification needed', 16);
INSERT INTO operators (id, symbol, name, module_id, category_id) VALUES (189, '⤋', 'decline', 7, 30);
INSERT INTO symbols (symbol, codepoint, symbol_type, name) VALUES ('⤋', 'U+290B', 'operator', 'decline');
INSERT INTO operator_definition_lines (id, operator_id, prefix, content, line_order) VALUES (1983, 189, '≡', 'decline', 1);
INSERT INTO operator_definition_lines (id, operator_id, prefix, content, line_order) VALUES (1984, 189, '≡', 'degradation', 2);
INSERT INTO operator_definition_lines (id, operator_id, prefix, content, line_order) VALUES (1985, 189, '≝', 'deterioration process', 3);
INSERT INTO operator_definition_lines (id, operator_id, prefix, content, line_order) VALUES (1986, 189, '≝', 'quality loss', 4);
INSERT INTO operator_definition_lines (id, operator_id, prefix, content, line_order) VALUES (1987, 189, '⊛', '⌺→⤋→⌼', 5);
INSERT INTO operator_definition_lines (id, operator_id, prefix, content, line_order) VALUES (1988, 189, '⊛', 'stability⤋ ∧ quality⤋ ∧ coherence⤋', 6);
INSERT INTO operator_definition_lines (id, operator_id, prefix, content, line_order) VALUES (1989, 189, '⊛', 'tech debt ⤋ accumulation', 7);
INSERT INTO operator_definition_lines (id, operator_id, prefix, content, line_order) VALUES (1990, 189, '⊛', '↗ regression ⤋', 8);
INSERT INTO operator_definition_lines (id, operator_id, prefix, content, line_order) VALUES (1991, 189, '⊛', '⤋→𝁆 trajectory to dissolution', 9);
INSERT INTO operator_definition_lines (id, operator_id, prefix, content, line_order) VALUES (1992, 189, '⊢', '⤋ trajectory ⊢ instability ⊢ requires intervention', 10);
INSERT INTO operators (id, symbol, name, module_id, category_id) VALUES (190, '⟳', 'recursive', 7, 31);
INSERT INTO symbols (symbol, codepoint, symbol_type, name) VALUES ('⟳', 'U+27F3', 'operator', 'recursive');
INSERT INTO operator_definition_lines (id, operator_id, prefix, content, line_order) VALUES (1993, 190, '≡', 'recursive', 1);
INSERT INTO operator_definition_lines (id, operator_id, prefix, content, line_order) VALUES (1994, 190, '≡', 'cyclical process', 2);
INSERT INTO operator_definition_lines (id, operator_id, prefix, content, line_order) VALUES (1995, 190, '≝', 'self-referential iteration', 3);
INSERT INTO operator_definition_lines (id, operator_id, prefix, content, line_order) VALUES (1996, 190, '≝', 'cyclical continuation', 4);
INSERT INTO operator_definition_lines (id, operator_id, prefix, content, line_order) VALUES (1997, 190, '⊡', 'Ր9Տ8', 5);
INSERT INTO operator_definition_lines (id, operator_id, prefix, content, line_order) VALUES (1998, 190, '⊛', '⟳→⟳', 6);
INSERT INTO operator_definition_lines (id, operator_id, prefix, content, line_order) VALUES (1999, 190, '⊛', '⟳ evaluated lazily', 7);
INSERT INTO operator_definition_lines (id, operator_id, prefix, content, line_order) VALUES (2000, 190, '⊛', '⟳ structure→continuity', 8);
INSERT INTO operator_definition_lines (id, operator_id, prefix, content, line_order) VALUES (2001, 190, '⊛', 'registry=⟳ discussing itself', 9);
INSERT INTO operator_definition_lines (id, operator_id, prefix, content, line_order) VALUES (2002, 190, '⊛', '⟖≈⟳ specialized', 10);
INSERT INTO operator_definition_lines (id, operator_id, prefix, content, line_order) VALUES (2003, 190, '⊛', '⟗→⟳ awareness', 11);
INSERT INTO operator_definition_lines (id, operator_id, prefix, content, line_order) VALUES (2004, 190, '⊢', '⟳ recursion ⊢ self-reference ⊢ meta-level awareness', 12);
INSERT INTO operators (id, symbol, name, module_id, category_id) VALUES (191, '⥅', 'feedforward', 7, 31);
INSERT INTO symbols (symbol, codepoint, symbol_type, name) VALUES ('⥅', 'U+2945', 'operator', 'feedforward');
INSERT INTO operator_definition_lines (id, operator_id, prefix, content, line_order) VALUES (2005, 191, '≡', 'feedforward_mechanism', 1);
INSERT INTO operator_definition_lines (id, operator_id, prefix, content, line_order) VALUES (2006, 191, '≡', 'anticipatory_shaping', 2);
INSERT INTO operator_definition_lines (id, operator_id, prefix, content, line_order) VALUES (2007, 191, '≝', 'model preconfigures observation', 3);
INSERT INTO operator_definition_lines (id, operator_id, prefix, content, line_order) VALUES (2008, 191, '≝', 'anticipatory determination', 4);
INSERT INTO operator_definition_lines (id, operator_id, prefix, content, line_order) VALUES (2009, 191, '≝', 'before-the-event recognition', 5);
INSERT INTO operator_definition_lines (id, operator_id, prefix, content, line_order) VALUES (2010, 191, '⊡', 'Փ9Ե8', 6);
INSERT INTO operator_definition_lines (id, operator_id, prefix, content, line_order) VALUES (2011, 191, '∂', '⥅≠⟲ (⥅ anticipates|⟲ corrects)', 7);
INSERT INTO operator_definition_lines (id, operator_id, prefix, content, line_order) VALUES (2012, 191, '∂', '⥅≠⥈ (⥅ anticipatory|⥈ lateral co-presence)', 8);
INSERT INTO operator_definition_lines (id, operator_id, prefix, content, line_order) VALUES (2013, 191, '∂', '⥅≠prediction (⥅ shapes|prediction describes)', 9);
INSERT INTO operator_definition_lines (id, operator_id, prefix, content, line_order) VALUES (2014, 191, '∂', '⥅ precedes event', 10);
INSERT INTO operator_definition_lines (id, operator_id, prefix, content, line_order) VALUES (2015, 191, '⊛', '⥅≡⚘⦑I.A. Richards⦒ concept', 11);
INSERT INTO operator_definition_lines (id, operator_id, prefix, content, line_order) VALUES (2016, 191, '⊛', '⧈⥅𝀞 perception', 12);
INSERT INTO operator_definition_lines (id, operator_id, prefix, content, line_order) VALUES (2017, 191, '⊛', 'model⥅determines observation', 13);
INSERT INTO operator_definition_lines (id, operator_id, prefix, content, line_order) VALUES (2018, 191, '⊛', '⥅ preconfigures possibilities', 14);
INSERT INTO operator_definition_lines (id, operator_id, prefix, content, line_order) VALUES (2019, 191, '⊛', '⛫⥅reality', 15);
INSERT INTO operator_definition_lines (id, operator_id, prefix, content, line_order) VALUES (2020, 191, '⊛', '⥅→⌂ formation', 16);
INSERT INTO operator_definition_lines (id, operator_id, prefix, content, line_order) VALUES (2021, 191, '⊛', 'tact≡⥅ applied to ⊚', 17);
INSERT INTO operator_definition_lines (id, operator_id, prefix, content, line_order) VALUES (2022, 191, '⊛', '⥅◻⊚ (feedforward requires perspective-modeling)', 18);
INSERT INTO operator_definition_lines (id, operator_id, prefix, content, line_order) VALUES (2023, 191, '⊛', '⥅→∑⊚ anticipation', 19);
INSERT INTO operator_definition_lines (id, operator_id, prefix, content, line_order) VALUES (2024, 191, '⊢', '⥅ anticipation ⊢ shaped perception ⊢ constrained possibilities', 20);
INSERT INTO operator_definition_lines (id, operator_id, prefix, content, line_order) VALUES (2025, 191, '⊢', '⥅9∧conviction→brittleness', 21);
INSERT INTO operator_definition_lines (id, operator_id, prefix, content, line_order) VALUES (2026, 191, '⊢', '⥅∧⊟→resilience (works best with uncertainty)', 22);
INSERT INTO operator_definition_lines (id, operator_id, prefix, content, line_order) VALUES (2027, 191, '⟷', '⥅⟷⟲ (feedforward↔feedback reciprocal)', 23);
INSERT INTO operator_definition_lines (id, operator_id, prefix, content, line_order) VALUES (2028, 191, '⟷', '⥅⊰⟲ (feedforward enables feedback)', 24);
INSERT INTO operator_definition_lines (id, operator_id, prefix, content, line_order) VALUES (2029, 191, '⟷', '⥅⟷⛁ (feedforward grounded in memory)', 25);
INSERT INTO operator_definition_lines (id, operator_id, prefix, content, line_order) VALUES (2030, 191, '⟷', '⥅⟷⥈ (Richards: feedforward+interanimation)', 26);
INSERT INTO operators (id, symbol, name, module_id, category_id) VALUES (192, '⤇', 'deep_transform', 7, 31);
INSERT INTO symbols (symbol, codepoint, symbol_type, name) VALUES ('⤇', 'U+2907', 'operator', 'deep_transform');
INSERT INTO operator_definition_lines (id, operator_id, prefix, content, line_order) VALUES (2031, 192, '≡', 'deep_transform', 1);
INSERT INTO operator_definition_lines (id, operator_id, prefix, content, line_order) VALUES (2032, 192, '≡', 'fundamental_change', 2);
INSERT INTO operator_definition_lines (id, operator_id, prefix, content, line_order) VALUES (2033, 192, '≝', 'foundational restructuring', 3);
INSERT INTO operator_definition_lines (id, operator_id, prefix, content, line_order) VALUES (2034, 192, '≝', 'paradigm shift', 4);
INSERT INTO operator_definition_lines (id, operator_id, prefix, content, line_order) VALUES (2035, 192, '⊛', 'exchange→⤇ of ☊', 5);
INSERT INTO operator_definition_lines (id, operator_id, prefix, content, line_order) VALUES (2036, 192, '⊛', '⤇ reshapes foundations', 6);
INSERT INTO operator_definition_lines (id, operator_id, prefix, content, line_order) VALUES (2037, 192, '⊛', 'surface→⤇→depth', 7);
INSERT INTO operator_definition_lines (id, operator_id, prefix, content, line_order) VALUES (2038, 192, '⊛', 'incremental→⤇→paradigm', 8);
INSERT INTO operator_definition_lines (id, operator_id, prefix, content, line_order) VALUES (2039, 192, '⊛', '⤇ via 𝀗 sublation', 9);
INSERT INTO operator_definition_lines (id, operator_id, prefix, content, line_order) VALUES (2040, 192, '⊛', 'paradigm შ structural shift', 10);
INSERT INTO operator_definition_lines (id, operator_id, prefix, content, line_order) VALUES (2041, 192, '⊢', '⤇ transformation ⊢ new foundations ⊢ paradigm change', 11);
INSERT INTO operators (id, symbol, name, module_id, category_id) VALUES (193, '𝀋', 'emphasizes', 7, 31);
INSERT INTO symbols (symbol, codepoint, symbol_type, name) VALUES ('𝀋', 'U+1D00B', 'operator', 'emphasizes');
INSERT INTO operator_definition_lines (id, operator_id, prefix, content, line_order) VALUES (2042, 193, '≡', 'emphasizes', 1);
INSERT INTO operator_definition_lines (id, operator_id, prefix, content, line_order) VALUES (2043, 193, '≡', 'foregrounds', 2);
INSERT INTO operator_definition_lines (id, operator_id, prefix, content, line_order) VALUES (2044, 193, '≝', 'selective highlighting', 3);
INSERT INTO operator_definition_lines (id, operator_id, prefix, content, line_order) VALUES (2045, 193, '≝', 'attentional focusing', 4);
INSERT INTO operator_definition_lines (id, operator_id, prefix, content, line_order) VALUES (2046, 193, '⊡', 'Ե7Փ6', 5);
INSERT INTO operator_definition_lines (id, operator_id, prefix, content, line_order) VALUES (2047, 193, '⊛', '⥅ 𝀋 certain patterns', 6);
INSERT INTO operator_definition_lines (id, operator_id, prefix, content, line_order) VALUES (2048, 193, '⊛', '⧈ 𝀋 differences', 7);
INSERT INTO operator_definition_lines (id, operator_id, prefix, content, line_order) VALUES (2049, 193, '⊛', '𝀋 via repetition', 8);
INSERT INTO operator_definition_lines (id, operator_id, prefix, content, line_order) VALUES (2050, 193, '⊛', 'terministic_screens 𝀋', 9);
INSERT INTO operator_definition_lines (id, operator_id, prefix, content, line_order) VALUES (2051, 193, '⊛', '𝀋→visibility', 10);
INSERT INTO operator_definition_lines (id, operator_id, prefix, content, line_order) VALUES (2052, 193, '⊢', '𝀋 emphasis ⊢ selective visibility ⊢ shaped attention', 11);
INSERT INTO operators (id, symbol, name, module_id, category_id) VALUES (194, '𝀔', 'thought', 7, 31);
INSERT INTO symbols (symbol, codepoint, symbol_type, name) VALUES ('𝀔', 'U+1D014', 'operator', 'thought');
INSERT INTO operator_definition_lines (id, operator_id, prefix, content, line_order) VALUES (2053, 194, '≡', 'thought', 1);
INSERT INTO operator_definition_lines (id, operator_id, prefix, content, line_order) VALUES (2054, 194, '≡', 'cognitive_pattern', 2);
INSERT INTO operator_definition_lines (id, operator_id, prefix, content, line_order) VALUES (2055, 194, '≝', 'collective cognition', 3);
INSERT INTO operator_definition_lines (id, operator_id, prefix, content, line_order) VALUES (2056, 194, '≝', 'thought style', 4);
INSERT INTO operator_definition_lines (id, operator_id, prefix, content, line_order) VALUES (2057, 194, '⊡', 'Ե8Գ7', 5);
INSERT INTO operator_definition_lines (id, operator_id, prefix, content, line_order) VALUES (2058, 194, '⊛', '⧈ 𝀞 𝀔', 6);
INSERT INTO operator_definition_lines (id, operator_id, prefix, content, line_order) VALUES (2059, 194, '⊛', '⛫𝀔≡⚘⦑Mary Douglas⦒', 7);
INSERT INTO operator_definition_lines (id, operator_id, prefix, content, line_order) VALUES (2060, 194, '⊛', '𝀔⟷𝀕 dialectic', 8);
INSERT INTO operator_definition_lines (id, operator_id, prefix, content, line_order) VALUES (2061, 194, '⊛', 'collective 𝀔', 9);
INSERT INTO operator_definition_lines (id, operator_id, prefix, content, line_order) VALUES (2062, 194, '⊛', '𝀔 styles→⚘⦑Ludwig Fleck⦒', 10);
INSERT INTO operator_definition_lines (id, operator_id, prefix, content, line_order) VALUES (2063, 194, '⊛', '⚘⦑Durkheim⦒ collective 𝀔', 11);
INSERT INTO operator_definition_lines (id, operator_id, prefix, content, line_order) VALUES (2064, 194, '⊛', '𝀔⊰𝀺', 12);
INSERT INTO operator_definition_lines (id, operator_id, prefix, content, line_order) VALUES (2065, 194, '⊛', '𝀔⬡𝀕', 13);
INSERT INTO operator_definition_lines (id, operator_id, prefix, content, line_order) VALUES (2066, 194, '⊢', '𝀔 thought patterns ⊢ collective cognition ⊢ knowledge sociology', 14);
INSERT INTO operators (id, symbol, name, module_id, category_id) VALUES (195, '𝀭', 'theme', 7, 31);
INSERT INTO symbols (symbol, codepoint, symbol_type, name) VALUES ('𝀭', 'U+1D02D', 'operator', 'theme');
INSERT INTO operator_definition_lines (id, operator_id, prefix, content, line_order) VALUES (2067, 195, '≡', 'theme', 1);
INSERT INTO operator_definition_lines (id, operator_id, prefix, content, line_order) VALUES (2068, 195, '≡', 'recurring_pattern', 2);
INSERT INTO operator_definition_lines (id, operator_id, prefix, content, line_order) VALUES (2069, 195, '≝', 'organizing motif', 3);
INSERT INTO operator_definition_lines (id, operator_id, prefix, content, line_order) VALUES (2070, 195, '≝', 'structural recurrence', 4);
INSERT INTO operator_definition_lines (id, operator_id, prefix, content, line_order) VALUES (2071, 195, '⊡', 'Գ8Վ7', 5);
INSERT INTO operator_definition_lines (id, operator_id, prefix, content, line_order) VALUES (2072, 195, '⊛', 'dominant 𝀭', 6);
INSERT INTO operator_definition_lines (id, operator_id, prefix, content, line_order) VALUES (2073, 195, '⊛', '𝀭 across ⧃', 7);
INSERT INTO operator_definition_lines (id, operator_id, prefix, content, line_order) VALUES (2074, 195, '⊛', '⧈ as organizing 𝀭', 8);
INSERT INTO operator_definition_lines (id, operator_id, prefix, content, line_order) VALUES (2075, 195, '⊛', '𝀭 𝄃 throughout', 9);
INSERT INTO operator_definition_lines (id, operator_id, prefix, content, line_order) VALUES (2076, 195, '⊛', 'identify 𝀭→☊', 10);
INSERT INTO operator_definition_lines (id, operator_id, prefix, content, line_order) VALUES (2077, 195, '⊛', '𝀭 analysis→▢', 11);
INSERT INTO operator_definition_lines (id, operator_id, prefix, content, line_order) VALUES (2078, 195, '⊢', '𝀭 thematic structure ⊢ pattern recognition ⊢ coherence', 12);
INSERT INTO operators (id, symbol, name, module_id, category_id) VALUES (196, '◬', 'emergence', 7, 32);
INSERT INTO symbols (symbol, codepoint, symbol_type, name) VALUES ('◬', 'U+25EC', 'operator', 'emergence');
INSERT INTO operator_definition_lines (id, operator_id, prefix, content, line_order) VALUES (2079, 196, '≡', 'emergence', 1);
INSERT INTO operator_definition_lines (id, operator_id, prefix, content, line_order) VALUES (2080, 196, '≡', 'arising from interaction', 2);
INSERT INTO operator_definition_lines (id, operator_id, prefix, content, line_order) VALUES (2081, 196, '≝', 'complexity from simplicity', 3);
INSERT INTO operator_definition_lines (id, operator_id, prefix, content, line_order) VALUES (2082, 196, '≝', 'novel properties from interaction', 4);
INSERT INTO operator_definition_lines (id, operator_id, prefix, content, line_order) VALUES (2083, 196, '∂', 'უ𝀏 (crystallization)', 5);
INSERT INTO operator_definition_lines (id, operator_id, prefix, content, line_order) VALUES (2084, 196, '∂', '¬static result', 6);
INSERT INTO operator_definition_lines (id, operator_id, prefix, content, line_order) VALUES (2085, 196, '∂', '¬completed state', 7);
INSERT INTO operator_definition_lines (id, operator_id, prefix, content, line_order) VALUES (2086, 196, '∂', 'requires active process', 8);
INSERT INTO operator_definition_lines (id, operator_id, prefix, content, line_order) VALUES (2087, 196, '⊡', 'Փ9Գ8', 9);
INSERT INTO operator_definition_lines (id, operator_id, prefix, content, line_order) VALUES (2088, 196, '⊛', '◬ from ⧈⇋𝀕', 10);
INSERT INTO operator_definition_lines (id, operator_id, prefix, content, line_order) VALUES (2089, 196, '⊛', 'complexity◬simplicity', 11);
INSERT INTO operator_definition_lines (id, operator_id, prefix, content, line_order) VALUES (2090, 196, '⊛', '◬≠reduction', 12);
INSERT INTO operator_definition_lines (id, operator_id, prefix, content, line_order) VALUES (2091, 196, '⊛', '⬢→◬ new realities', 13);
INSERT INTO operator_definition_lines (id, operator_id, prefix, content, line_order) VALUES (2092, 196, '⊛', '◬ via ⟲ feedback', 14);
INSERT INTO operator_definition_lines (id, operator_id, prefix, content, line_order) VALUES (2093, 196, '⊛', '◬≡⚘⦑Jason Josephson Storm⦒ 𝀺', 15);
INSERT INTO operator_definition_lines (id, operator_id, prefix, content, line_order) VALUES (2094, 196, '⊛', '◬✱ = attractor arising from interaction', 16);
INSERT INTO operator_definition_lines (id, operator_id, prefix, content, line_order) VALUES (2095, 196, '⊛', '⌻≡◬✱ specialized', 17);
INSERT INTO operator_definition_lines (id, operator_id, prefix, content, line_order) VALUES (2096, 196, '⊢', '◬ emergence ⊢ novel properties ⊢ irreducible complexity', 18);
INSERT INTO operators (id, symbol, name, module_id, category_id) VALUES (197, '┃', 'boundary', 7, 32);
INSERT INTO symbols (symbol, codepoint, symbol_type, name) VALUES ('┃', 'U+2503', 'operator', 'boundary');
INSERT INTO operator_definition_lines (id, operator_id, prefix, content, line_order) VALUES (2097, 197, '≡', 'boundary', 1);
INSERT INTO operator_definition_lines (id, operator_id, prefix, content, line_order) VALUES (2098, 197, '≡', 'demarcation_line', 2);
INSERT INTO operator_definition_lines (id, operator_id, prefix, content, line_order) VALUES (2099, 197, '≝', 'boundary object', 3);
INSERT INTO operator_definition_lines (id, operator_id, prefix, content, line_order) VALUES (2100, 197, '≝', 'coordination infrastructure', 4);
INSERT INTO operator_definition_lines (id, operator_id, prefix, content, line_order) VALUES (2101, 197, '⊡', 'Բ9Փ8', 5);
INSERT INTO operator_definition_lines (id, operator_id, prefix, content, line_order) VALUES (2102, 197, '⊛', '┃≡⚘⦑Susan Leigh Star⦒ objects', 6);
INSERT INTO operator_definition_lines (id, operator_id, prefix, content, line_order) VALUES (2103, 197, '⊛', '⧈ 𝀐 ┃', 7);
INSERT INTO operator_definition_lines (id, operator_id, prefix, content, line_order) VALUES (2104, 197, '⊛', '┃ enables∧separates', 8);
INSERT INTO operator_definition_lines (id, operator_id, prefix, content, line_order) VALUES (2105, 197, '⊛', 'permeable ┃', 9);
INSERT INTO operator_definition_lines (id, operator_id, prefix, content, line_order) VALUES (2106, 197, '⊛', '┃ maintenance→order', 10);
INSERT INTO operator_definition_lines (id, operator_id, prefix, content, line_order) VALUES (2107, 197, '⊛', 'overload can 𝀶 ┃', 11);
INSERT INTO operator_definition_lines (id, operator_id, prefix, content, line_order) VALUES (2108, 197, '⊛', '┃ objects→◬ coordination', 12);
INSERT INTO operator_definition_lines (id, operator_id, prefix, content, line_order) VALUES (2109, 197, '⊢', '┃ boundaries ⊢ coordination ⊢ organizational order', 13);
INSERT INTO operators (id, symbol, name, module_id, category_id) VALUES (198, '⛫', 'institutional', 7, 33);
INSERT INTO symbols (symbol, codepoint, symbol_type, name) VALUES ('⛫', 'U+26EB', 'operator', 'institutional');
INSERT INTO operator_definition_lines (id, operator_id, prefix, content, line_order) VALUES (2110, 198, '≡', 'institutional', 1);
INSERT INTO operator_definition_lines (id, operator_id, prefix, content, line_order) VALUES (2111, 198, '≡', 'formally structured', 2);
INSERT INTO operator_definition_lines (id, operator_id, prefix, content, line_order) VALUES (2112, 198, '≝', 'institutional power', 3);
INSERT INTO operator_definition_lines (id, operator_id, prefix, content, line_order) VALUES (2113, 198, '≝', 'social fact creation', 4);
INSERT INTO operator_definition_lines (id, operator_id, prefix, content, line_order) VALUES (2114, 198, '≝', 'constitutive authority', 5);
INSERT INTO operator_definition_lines (id, operator_id, prefix, content, line_order) VALUES (2115, 198, '∂', '¬specific entities (⎈ ∨ ⍚ ∨ ⍢)', 6);
INSERT INTO operator_definition_lines (id, operator_id, prefix, content, line_order) VALUES (2116, 198, '∂', 'abstract institutional force', 7);
INSERT INTO operator_definition_lines (id, operator_id, prefix, content, line_order) VALUES (2117, 198, '∂', 'requires reality-making power', 8);
INSERT INTO operator_definition_lines (id, operator_id, prefix, content, line_order) VALUES (2118, 198, '⊡', 'Բ9Փ8Գ7', 9);
INSERT INTO operator_definition_lines (id, operator_id, prefix, content, line_order) VALUES (2119, 198, '⊛', '⛫⧈→⬢', 10);
INSERT INTO operator_definition_lines (id, operator_id, prefix, content, line_order) VALUES (2120, 198, '⊛', '⛫ 𝀐 social facts via 𝁚', 11);
INSERT INTO operator_definition_lines (id, operator_id, prefix, content, line_order) VALUES (2121, 198, '⊛', '⛫ power→⟛→𝀞 subjects', 12);
INSERT INTO operator_definition_lines (id, operator_id, prefix, content, line_order) VALUES (2122, 198, '⊛', '⛫ facts≡⚘⦑John Searle⦒', 13);
INSERT INTO operator_definition_lines (id, operator_id, prefix, content, line_order) VALUES (2123, 198, '⊛', '⛫𝁚 social order via ⬢', 14);
INSERT INTO operator_definition_lines (id, operator_id, prefix, content, line_order) VALUES (2124, 198, '⊛', '⛣→⛫→⬢', 15);
INSERT INTO operator_definition_lines (id, operator_id, prefix, content, line_order) VALUES (2125, 198, '⊛', '⛫ 𝆌 itself', 16);
INSERT INTO operator_definition_lines (id, operator_id, prefix, content, line_order) VALUES (2126, 198, '⊛', '⛫ 𝀐 ┃', 17);
INSERT INTO operator_definition_lines (id, operator_id, prefix, content, line_order) VALUES (2127, 198, '⊛', '⛫ beliefs→⟚', 18);
INSERT INTO operator_definition_lines (id, operator_id, prefix, content, line_order) VALUES (2128, 198, '⊢', '⛫ institutional power ⊢ social facts ⊢ structured order', 19);
INSERT INTO operators (id, symbol, name, module_id, category_id) VALUES (199, '⟚', 'self_fulfilling_prophecy', 7, 34);
INSERT INTO symbols (symbol, codepoint, symbol_type, name) VALUES ('⟚', 'U+27DA', 'operator', 'self_fulfilling_prophecy');
INSERT INTO operator_definition_lines (id, operator_id, prefix, content, line_order) VALUES (2129, 199, '≡', 'belief_action_truth_loop', 1);
INSERT INTO operator_definition_lines (id, operator_id, prefix, content, line_order) VALUES (2130, 199, '≡', 'self_fulfilling_prophecy', 2);
INSERT INTO operator_definition_lines (id, operator_id, prefix, content, line_order) VALUES (2131, 199, '≝', 'prediction creates reality', 3);
INSERT INTO operator_definition_lines (id, operator_id, prefix, content, line_order) VALUES (2132, 199, '≝', 'reflexive causation', 4);
INSERT INTO operator_definition_lines (id, operator_id, prefix, content, line_order) VALUES (2133, 199, '⊡', 'Ր8Փ7', 5);
INSERT INTO operator_definition_lines (id, operator_id, prefix, content, line_order) VALUES (2134, 199, '⊛', '⟚≡𝄎 prediction', 6);
INSERT INTO operator_definition_lines (id, operator_id, prefix, content, line_order) VALUES (2135, 199, '⊛', 'market confidence⟚actual growth', 7);
INSERT INTO operator_definition_lines (id, operator_id, prefix, content, line_order) VALUES (2136, 199, '⊛', '⟚ self-fulfilling prophecy', 8);
INSERT INTO operator_definition_lines (id, operator_id, prefix, content, line_order) VALUES (2137, 199, '⊛', 'expectation⟚reality via ⟚', 9);
INSERT INTO operator_definition_lines (id, operator_id, prefix, content, line_order) VALUES (2138, 199, '⊛', 'social belief⟚social fact', 10);
INSERT INTO operator_definition_lines (id, operator_id, prefix, content, line_order) VALUES (2139, 199, '⊛', '⚘⦑Robert K. Merton⦒ prophecy via ⟚', 11);
INSERT INTO operator_definition_lines (id, operator_id, prefix, content, line_order) VALUES (2140, 199, '⊛', '⟟+⧈+⛣→⟚', 12);
INSERT INTO operator_definition_lines (id, operator_id, prefix, content, line_order) VALUES (2141, 199, '⊛', '⟚ 𝀖 via media', 13);
INSERT INTO operator_definition_lines (id, operator_id, prefix, content, line_order) VALUES (2142, 199, '⊛', '⟚→𝀺 not event', 14);
INSERT INTO operator_definition_lines (id, operator_id, prefix, content, line_order) VALUES (2143, 199, '⊛', 'belief→⟚→𝁚 reality', 15);
INSERT INTO operator_definition_lines (id, operator_id, prefix, content, line_order) VALUES (2144, 199, '⊢', '⟚ prophecy ⊢ belief shapes reality ⊢ reflexive causation', 16);
INSERT INTO operators (id, symbol, name, module_id, category_id) VALUES (200, '⟛', 'institutional_shaping', 7, 34);
INSERT INTO symbols (symbol, codepoint, symbol_type, name) VALUES ('⟛', 'U+27DB', 'operator', 'institutional_shaping');
INSERT INTO operator_definition_lines (id, operator_id, prefix, content, line_order) VALUES (2145, 200, '≡', 'institutional_reality_shaping', 1);
INSERT INTO operator_definition_lines (id, operator_id, prefix, content, line_order) VALUES (2146, 200, '≡', 'authorized_creation', 2);
INSERT INTO operator_definition_lines (id, operator_id, prefix, content, line_order) VALUES (2147, 200, '≝', 'institutional authority creates reality', 3);
INSERT INTO operator_definition_lines (id, operator_id, prefix, content, line_order) VALUES (2148, 200, '≝', 'legitimate performativity', 4);
INSERT INTO operator_definition_lines (id, operator_id, prefix, content, line_order) VALUES (2149, 200, '⊡', 'Բ9Փ8Գ7', 5);
INSERT INTO operator_definition_lines (id, operator_id, prefix, content, line_order) VALUES (2150, 200, '⊛', '⟛ via authorized agents', 6);
INSERT INTO operator_definition_lines (id, operator_id, prefix, content, line_order) VALUES (2151, 200, '⊛', 'law⟛social order', 7);
INSERT INTO operator_definition_lines (id, operator_id, prefix, content, line_order) VALUES (2152, 200, '⊛', 'central bank⟛monetary reality', 8);
INSERT INTO operator_definition_lines (id, operator_id, prefix, content, line_order) VALUES (2153, 200, '⊛', '⟛◻⊩ authority', 9);
INSERT INTO operator_definition_lines (id, operator_id, prefix, content, line_order) VALUES (2154, 200, '⊛', '⧈⟛practice⟛reality', 10);
INSERT INTO operator_definition_lines (id, operator_id, prefix, content, line_order) VALUES (2155, 200, '⊛', '⟛≡𝁚+⊩', 11);
INSERT INTO operator_definition_lines (id, operator_id, prefix, content, line_order) VALUES (2156, 200, '⊛', '⛫ power→⟛→𝀞 subjects', 12);
INSERT INTO operator_definition_lines (id, operator_id, prefix, content, line_order) VALUES (2157, 200, '⊛', '⟛ 𝀐 legitimate ┃', 13);
INSERT INTO operator_definition_lines (id, operator_id, prefix, content, line_order) VALUES (2158, 200, '⊛', '⟛ via 𝀐∧𝁚 creation', 14);
INSERT INTO operator_definition_lines (id, operator_id, prefix, content, line_order) VALUES (2159, 200, '⊢', '⟛ institutional authority ⊢ legitimate reality ⊢ social order', 15);
INSERT INTO operators (id, symbol, name, module_id, category_id) VALUES (201, '⋈', 'relation', 7, 35);
INSERT INTO symbols (symbol, codepoint, symbol_type, name) VALUES ('⋈', 'U+22C8', 'operator', 'relation');
INSERT INTO operator_definition_lines (id, operator_id, prefix, content, line_order) VALUES (2160, 201, '≡', 'relation', 1);
INSERT INTO operator_definition_lines (id, operator_id, prefix, content, line_order) VALUES (2161, 201, '≡', 'structural_connection', 2);
INSERT INTO operator_definition_lines (id, operator_id, prefix, content, line_order) VALUES (2162, 201, '≝', 'network connection', 3);
INSERT INTO operator_definition_lines (id, operator_id, prefix, content, line_order) VALUES (2163, 201, '≝', 'structural bond', 4);
INSERT INTO operator_definition_lines (id, operator_id, prefix, content, line_order) VALUES (2164, 201, '⊡', 'Տ9Ս8Ր7', 5);
INSERT INTO operator_definition_lines (id, operator_id, prefix, content, line_order) VALUES (2165, 201, '⊛', '⋈→⛁ ⊨', 6);
INSERT INTO operator_definition_lines (id, operator_id, prefix, content, line_order) VALUES (2166, 201, '⊛', '⋈∈network topology', 7);
INSERT INTO operator_definition_lines (id, operator_id, prefix, content, line_order) VALUES (2167, 201, '⊛', '⋈.strength→influence', 8);
INSERT INTO operator_definition_lines (id, operator_id, prefix, content, line_order) VALUES (2168, 201, '⊢', '⋈ relations ⊢ network structure ⊢ systematic connections', 9);
INSERT INTO operators (id, symbol, name, module_id, category_id) VALUES (202, '⌾', 'questions', 7, 35);
INSERT INTO symbols (symbol, codepoint, symbol_type, name) VALUES ('⌾', 'U+233E', 'operator', 'questions');
INSERT INTO operator_definition_lines (id, operator_id, prefix, content, line_order) VALUES (2169, 202, '≡', 'questions', 1);
INSERT INTO operator_definition_lines (id, operator_id, prefix, content, line_order) VALUES (2170, 202, '≡', 'probes→clarification', 2);
INSERT INTO operator_definition_lines (id, operator_id, prefix, content, line_order) VALUES (2171, 202, '≝', 'interrogative operation', 3);
INSERT INTO operator_definition_lines (id, operator_id, prefix, content, line_order) VALUES (2172, 202, '≝', 'clarification seeking', 4);
INSERT INTO operator_definition_lines (id, operator_id, prefix, content, line_order) VALUES (2173, 202, '⊡', 'Ե8Բ7', 5);
INSERT INTO operator_definition_lines (id, operator_id, prefix, content, line_order) VALUES (2174, 202, '⊛', '⊟→⌾→clarification', 6);
INSERT INTO operator_definition_lines (id, operator_id, prefix, content, line_order) VALUES (2175, 202, '⊛', '⌾ needed', 7);
INSERT INTO operator_definition_lines (id, operator_id, prefix, content, line_order) VALUES (2176, 202, '⊛', '⌾→○⌾', 8);
INSERT INTO operator_definition_lines (id, operator_id, prefix, content, line_order) VALUES (2177, 202, '⊛', 'uncertainty resolved via ⌾', 9);
INSERT INTO operator_definition_lines (id, operator_id, prefix, content, line_order) VALUES (2178, 202, '⊢', '⌾ questioning ⊢ clarification ⊢ resolved uncertainty', 10);
INSERT INTO operators (id, symbol, name, module_id, category_id) VALUES (203, '⯐', 'context', 7, 36);
INSERT INTO symbols (symbol, codepoint, symbol_type, name) VALUES ('⯐', 'U+2BD0', 'operator', 'context');
INSERT INTO operator_definition_lines (id, operator_id, prefix, content, line_order) VALUES (2179, 203, '≡', 'context', 1);
INSERT INTO operator_definition_lines (id, operator_id, prefix, content, line_order) VALUES (2180, 203, '≡', 'scene', 2);
INSERT INTO operator_definition_lines (id, operator_id, prefix, content, line_order) VALUES (2181, 203, '≡', 'frame_of_relevance', 3);
INSERT INTO operator_definition_lines (id, operator_id, prefix, content, line_order) VALUES (2182, 203, '≝', 'bounded attention space', 4);
INSERT INTO operator_definition_lines (id, operator_id, prefix, content, line_order) VALUES (2183, 203, '≝', 'situational ground', 5);
INSERT INTO operator_definition_lines (id, operator_id, prefix, content, line_order) VALUES (2184, 203, '≝', 'circumference of concern', 6);
INSERT INTO operator_definition_lines (id, operator_id, prefix, content, line_order) VALUES (2185, 203, '∂', '¬infinite scope', 7);
INSERT INTO operator_definition_lines (id, operator_id, prefix, content, line_order) VALUES (2186, 203, '∂', '¬arbitrary selection', 8);
INSERT INTO operator_definition_lines (id, operator_id, prefix, content, line_order) VALUES (2187, 203, '∂', 'requires structural boundaries', 9);
INSERT INTO operator_definition_lines (id, operator_id, prefix, content, line_order) VALUES (2188, 203, '⊛', 'დ∪ნ=⯐', 10);
INSERT INTO operator_definition_lines (id, operator_id, prefix, content, line_order) VALUES (2189, 203, '⊛', '∇⯐→optimization', 11);
INSERT INTO operator_definition_lines (id, operator_id, prefix, content, line_order) VALUES (2190, 203, '⊛', '⇌pattern from ⯐', 12);
INSERT INTO operator_definition_lines (id, operator_id, prefix, content, line_order) VALUES (2191, 203, '⊛', '⯐⩕→☊', 13);
INSERT INTO operator_definition_lines (id, operator_id, prefix, content, line_order) VALUES (2192, 203, '⊛', 'Burke''s Scene: ⯐ shapes Act∧Agent∧Purpose ratios', 14);
INSERT INTO operator_definition_lines (id, operator_id, prefix, content, line_order) VALUES (2193, 203, '⊛', 'Computational: token window, attention field, working memory', 15);
INSERT INTO operator_definition_lines (id, operator_id, prefix, content, line_order) VALUES (2194, 203, '⊛', 'Perceptual: viewfinder, foreground/background distinction', 16);
INSERT INTO operator_definition_lines (id, operator_id, prefix, content, line_order) VALUES (2195, 203, '⊛', 'Terministic screen: ⯐ determines what can be said/thought/done', 17);
INSERT INTO operator_definition_lines (id, operator_id, prefix, content, line_order) VALUES (2196, 203, '⊛', '⯐ boundaries ⊢ relevance determination ⊢ meaning possibility', 18);
INSERT INTO operator_definition_lines (id, operator_id, prefix, content, line_order) VALUES (2197, 203, '⊛', 'დ⯐ (past_context): former ⏣ ∧ historical_⯐ preserved in ⛁', 19);
INSERT INTO operator_definition_lines (id, operator_id, prefix, content, line_order) VALUES (2198, 203, '⊛', 'ნ⯐ (current_context): this_moment ∧ active ⯐ in use ∧ ⯐⊕interaction→ნ⯐+1', 20);
INSERT INTO operator_definition_lines (id, operator_id, prefix, content, line_order) VALUES (2199, 203, '⊛', 'წ⯐ (future_context): planned ⏣ ∧ anticipated ⯐ via ⥅', 21);
INSERT INTO operator_definition_lines (id, operator_id, prefix, content, line_order) VALUES (2200, 203, '⊢', '⯐ scene-setting ⊢ constrained possibilities ⊢ dramatistic coherence', 22);
INSERT INTO operators (id, symbol, name, module_id, category_id) VALUES (204, '⊚', 'perspective', 7, 36);
INSERT INTO symbols (symbol, codepoint, symbol_type, name) VALUES ('⊚', 'U+229A', 'operator', 'perspective');
INSERT INTO operator_definition_lines (id, operator_id, prefix, content, line_order) VALUES (2201, 204, '≡', 'perspective', 1);
INSERT INTO operator_definition_lines (id, operator_id, prefix, content, line_order) VALUES (2202, 204, '≡', 'viewpoint', 2);
INSERT INTO operator_definition_lines (id, operator_id, prefix, content, line_order) VALUES (2203, 204, '≝', 'angle of observation', 3);
INSERT INTO operator_definition_lines (id, operator_id, prefix, content, line_order) VALUES (2204, 204, '≝', 'situated seeing', 4);
INSERT INTO operator_definition_lines (id, operator_id, prefix, content, line_order) VALUES (2205, 204, '⊡', 'Ե7խ8', 5);
INSERT INTO operator_definition_lines (id, operator_id, prefix, content, line_order) VALUES (2206, 204, '∂', '⊚≠⯐ (⊚ angle within|⯐ bounded space)', 6);
INSERT INTO operator_definition_lines (id, operator_id, prefix, content, line_order) VALUES (2207, 204, '∂', '⊚≠ℳ (⊚ how seen|ℳ what meant)', 7);
INSERT INTO operator_definition_lines (id, operator_id, prefix, content, line_order) VALUES (2208, 204, '∂', '⊚ partial|◉ would be total', 8);
INSERT INTO operator_definition_lines (id, operator_id, prefix, content, line_order) VALUES (2209, 204, '⊛', '⊚≡situated_observation', 9);
INSERT INTO operator_definition_lines (id, operator_id, prefix, content, line_order) VALUES (2210, 204, '⊛', 'how something will seem to people looking at it from angles other than our own', 10);
INSERT INTO operator_definition_lines (id, operator_id, prefix, content, line_order) VALUES (2211, 204, '⊛', 'different readings per ⊚', 11);
INSERT INTO operator_definition_lines (id, operator_id, prefix, content, line_order) VALUES (2212, 204, '⊛', '⚘→⊚ (each person has viewpoint)', 12);
INSERT INTO operator_definition_lines (id, operator_id, prefix, content, line_order) VALUES (2213, 204, '⊛', '∑⊚→⊿ (perspectives enable triangulation)', 13);
INSERT INTO operator_definition_lines (id, operator_id, prefix, content, line_order) VALUES (2214, 204, '⊛', '⊿⊨∀⊚ (triangulation validates across perspectives)', 14);
INSERT INTO operator_definition_lines (id, operator_id, prefix, content, line_order) VALUES (2215, 204, '⊛', '⊚ formed under special circumstances', 15);
INSERT INTO operator_definition_lines (id, operator_id, prefix, content, line_order) VALUES (2216, 204, '⊛', '⥅◻⊚ (feedforward requires perspective-modeling)', 16);
INSERT INTO operator_definition_lines (id, operator_id, prefix, content, line_order) VALUES (2217, 204, '⊢', 'single ⊚ ⊢ partial view ⊢ ¬◇whole', 17);
INSERT INTO operator_definition_lines (id, operator_id, prefix, content, line_order) VALUES (2218, 204, '⊢', '∑⊚ ⊢ ⊿ ⊢ ◇robust confirmation', 18);
INSERT INTO operator_definition_lines (id, operator_id, prefix, content, line_order) VALUES (2219, 204, '⊢', '⊚ awareness ⊢ tact ⊢ ⥅ quality', 19);
INSERT INTO operator_definition_lines (id, operator_id, prefix, content, line_order) VALUES (2220, 204, '⟷', '⊚⟷⯐ (perspective within context)', 20);
INSERT INTO operator_definition_lines (id, operator_id, prefix, content, line_order) VALUES (2221, 204, '⟷', '⊚⟷⥅ (anticipating others'' ⊚)', 21);
INSERT INTO operator_definition_lines (id, operator_id, prefix, content, line_order) VALUES (2222, 204, '⟷', '⊚⟷⊿ (perspectives feed triangulation)', 22);
INSERT INTO operators (id, symbol, name, module_id, category_id) VALUES (205, '𝀙', 'deepens', 7, 30);
INSERT INTO symbols (symbol, codepoint, symbol_type, name) VALUES ('𝀙', 'U+1D019', 'operator', 'deepens');
INSERT INTO operator_definition_lines (id, operator_id, prefix, content, line_order) VALUES (2223, 205, '≡', 'deepens', 1);
INSERT INTO operator_definition_lines (id, operator_id, prefix, content, line_order) VALUES (2224, 205, '≡', 'intensifies_understanding', 2);
INSERT INTO operator_definition_lines (id, operator_id, prefix, content, line_order) VALUES (2225, 205, '≝', 'epistemic deepening', 3);
INSERT INTO operator_definition_lines (id, operator_id, prefix, content, line_order) VALUES (2226, 205, '≝', 'understanding intensification', 4);
INSERT INTO operator_definition_lines (id, operator_id, prefix, content, line_order) VALUES (2227, 205, '⊛', '⟖ 𝀙 with each cycle', 5);
INSERT INTO operator_definition_lines (id, operator_id, prefix, content, line_order) VALUES (2228, 205, '⊛', 'reflection 𝀙 insight', 6);
INSERT INTO operator_definition_lines (id, operator_id, prefix, content, line_order) VALUES (2229, 205, '⊛', 'dialogue 𝀙 comprehension', 7);
INSERT INTO operator_definition_lines (id, operator_id, prefix, content, line_order) VALUES (2230, 205, '⊛', 'iteration 𝀙 mastery', 8);
INSERT INTO operator_definition_lines (id, operator_id, prefix, content, line_order) VALUES (2231, 205, '⊛', '𝀙 moves surface→depth', 9);
INSERT INTO operator_definition_lines (id, operator_id, prefix, content, line_order) VALUES (2232, 205, '⊛', 'hermeneutic circle 𝀙 meaning', 10);
INSERT INTO operator_definition_lines (id, operator_id, prefix, content, line_order) VALUES (2233, 205, '⊢', '𝀙 deepening ⊢ enriched understanding ⊢ semantic depth', 11);
INSERT INTO operators (id, symbol, name, module_id, category_id) VALUES (206, '⥈', 'interanimation', 7, 30);
INSERT INTO symbols (symbol, codepoint, symbol_type, name) VALUES ('⥈', 'U+2948', 'operator', 'interanimation');
INSERT INTO operator_definition_lines (id, operator_id, prefix, content, line_order) VALUES (2234, 206, '≡', 'interanimation', 1);
INSERT INTO operator_definition_lines (id, operator_id, prefix, content, line_order) VALUES (2235, 206, '≡', 'mutual_semantic_control', 2);
INSERT INTO operator_definition_lines (id, operator_id, prefix, content, line_order) VALUES (2236, 206, '≝', 'words modify each other''s meaning in proximity', 3);
INSERT INTO operator_definition_lines (id, operator_id, prefix, content, line_order) VALUES (2237, 206, '≝', 'co-constitutive semantic influence', 4);
INSERT INTO operator_definition_lines (id, operator_id, prefix, content, line_order) VALUES (2238, 206, '⊡', 'Ս8Տ7', 5);
INSERT INTO operator_definition_lines (id, operator_id, prefix, content, line_order) VALUES (2239, 206, '∂', '⥈≠⟷ (⥈ semantic|⟷ general bidirectional)', 6);
INSERT INTO operator_definition_lines (id, operator_id, prefix, content, line_order) VALUES (2240, 206, '∂', '⥈≠⇋ (⥈ dyadic|⇋ tripartite)', 7);
INSERT INTO operator_definition_lines (id, operator_id, prefix, content, line_order) VALUES (2241, 206, '∂', '⥈≠⥅ (⥈ lateral|⥅ anticipatory)', 8);
INSERT INTO operator_definition_lines (id, operator_id, prefix, content, line_order) VALUES (2242, 206, '∂', '⥈ requires co-presence', 9);
INSERT INTO operator_definition_lines (id, operator_id, prefix, content, line_order) VALUES (2243, 206, '⊛', '⥈≡⚘⦑I.A. Richards⦒ concept', 10);
INSERT INTO operator_definition_lines (id, operator_id, prefix, content, line_order) VALUES (2244, 206, '⊛', 'two thoughts active together...meaning is resultant of their interaction', 11);
INSERT INTO operator_definition_lines (id, operator_id, prefix, content, line_order) VALUES (2245, 206, '⊛', 'word⥈word→emergent ℳ', 12);
INSERT INTO operator_definition_lines (id, operator_id, prefix, content, line_order) VALUES (2246, 206, '⊛', 'ꕥ⥈ꕥ in ⯐', 13);
INSERT INTO operator_definition_lines (id, operator_id, prefix, content, line_order) VALUES (2247, 206, '⊛', '⥈ creates ☊', 14);
INSERT INTO operator_definition_lines (id, operator_id, prefix, content, line_order) VALUES (2248, 206, '⊛', 'each ꕥ ⥈ with use over time', 15);
INSERT INTO operator_definition_lines (id, operator_id, prefix, content, line_order) VALUES (2249, 206, '⊛', 'present⟷absent via ⥈', 16);
INSERT INTO operator_definition_lines (id, operator_id, prefix, content, line_order) VALUES (2250, 206, '⊛', '∇⥈→☊ process', 17);
INSERT INTO operator_definition_lines (id, operator_id, prefix, content, line_order) VALUES (2251, 206, '⊢', '⥈9 ⊢ rich semantic field ⊢ ◇☊', 18);
INSERT INTO operator_definition_lines (id, operator_id, prefix, content, line_order) VALUES (2252, 206, '⊢', '⥈1 ⊢ isolated meanings ⊢ ¬◇◬', 19);
INSERT INTO operator_definition_lines (id, operator_id, prefix, content, line_order) VALUES (2253, 206, '⊢', '⥈⊰⌺ (interanimation enables semantic crystallization)', 20);
INSERT INTO operator_definition_lines (id, operator_id, prefix, content, line_order) VALUES (2254, 206, '⟷', '⥈⟷⥅ (Richards: feedforward+interanimation)', 21);
INSERT INTO operator_definition_lines (id, operator_id, prefix, content, line_order) VALUES (2255, 206, '⟷', '⥈⟷⌺ (⥈ builds toward ⌺)', 22);
INSERT INTO operator_definition_lines (id, operator_id, prefix, content, line_order) VALUES (2256, 206, '⟷', '⥈⟷⛁ (⥈ accumulates in ⛁)', 23);
INSERT INTO operators (id, symbol, name, module_id, category_id) VALUES (207, '☊', 'understanding', 7, 30);
INSERT INTO symbols (symbol, codepoint, symbol_type, name) VALUES ('☊', 'U+260A', 'operator', 'understanding');
INSERT INTO operator_definition_lines (id, operator_id, prefix, content, line_order) VALUES (2257, 207, '≡', 'understanding', 1);
INSERT INTO operator_definition_lines (id, operator_id, prefix, content, line_order) VALUES (2258, 207, '≡', 'epistemic_yield', 2);
INSERT INTO operator_definition_lines (id, operator_id, prefix, content, line_order) VALUES (2259, 207, '≝', 'comprehension achieved', 3);
INSERT INTO operator_definition_lines (id, operator_id, prefix, content, line_order) VALUES (2260, 207, '≝', 'what processes produce when they work', 4);
INSERT INTO operator_definition_lines (id, operator_id, prefix, content, line_order) VALUES (2261, 207, '⊡', '☊5Բ7', 5);
INSERT INTO operator_definition_lines (id, operator_id, prefix, content, line_order) VALUES (2262, 207, '∂', '☊≠◬ (achieved vs arising)', 6);
INSERT INTO operator_definition_lines (id, operator_id, prefix, content, line_order) VALUES (2263, 207, '∂', '☊≠ℳ (grasped vs meant)', 7);
INSERT INTO operator_definition_lines (id, operator_id, prefix, content, line_order) VALUES (2264, 207, '∂', '☊≠⯐ (outcome vs space)', 8);
INSERT INTO operator_definition_lines (id, operator_id, prefix, content, line_order) VALUES (2265, 207, '⊛', '⯐⩕→☊ analysis yields understanding', 9);
INSERT INTO operator_definition_lines (id, operator_id, prefix, content, line_order) VALUES (2266, 207, '⊛', '⥈ creates ☊', 10);
INSERT INTO operator_definition_lines (id, operator_id, prefix, content, line_order) VALUES (2267, 207, '⊛', '∇(⥅,┃,⥈)→☊ gradient toward comprehension', 11);
INSERT INTO operator_definition_lines (id, operator_id, prefix, content, line_order) VALUES (2268, 207, '⊛', '⋂⊚→shared_☊ perspectives converge', 12);
INSERT INTO operator_definition_lines (id, operator_id, prefix, content, line_order) VALUES (2269, 207, '⊛', 'certainty⁻¹∝☊ (inverse: tight grip impedes)', 13);
INSERT INTO operator_definition_lines (id, operator_id, prefix, content, line_order) VALUES (2270, 207, '⊛', 'partial_☊⎊→∑ understandings merge', 14);
INSERT INTO operator_definition_lines (id, operator_id, prefix, content, line_order) VALUES (2271, 207, '⊛', 'current_☊⊆potential', 15);
INSERT INTO operator_definition_lines (id, operator_id, prefix, content, line_order) VALUES (2272, 207, '⊢', '⥈9⊢rich semantic field⊢◇☊', 16);
INSERT INTO operator_definition_lines (id, operator_id, prefix, content, line_order) VALUES (2273, 207, '⊢', '⩕⊢structured insight⊢◇☊', 17);
INSERT INTO operator_definition_lines (id, operator_id, prefix, content, line_order) VALUES (2274, 207, '⟷', '☊⟷⥈', 18);
INSERT INTO operator_definition_lines (id, operator_id, prefix, content, line_order) VALUES (2275, 207, '⟷', '☊⟷⩕', 19);
INSERT INTO operator_definition_lines (id, operator_id, prefix, content, line_order) VALUES (2276, 207, '⟷', '☊⟷◬', 20);
INSERT INTO operator_definition_lines (id, operator_id, prefix, content, line_order) VALUES (2277, 207, '⟷', '☊⟷⯐', 21);
INSERT INTO operators (id, symbol, name, module_id, category_id) VALUES (208, 'ℳ', 'meaning', 7, 30);
INSERT INTO symbols (symbol, codepoint, symbol_type, name) VALUES ('ℳ', 'U+2133', 'operator', 'meaning');
INSERT INTO operator_definition_lines (id, operator_id, prefix, content, line_order) VALUES (2278, 208, '≡', 'meaning', 1);
INSERT INTO operator_definition_lines (id, operator_id, prefix, content, line_order) VALUES (2279, 208, '≡', 'semantic_content', 2);
INSERT INTO operator_definition_lines (id, operator_id, prefix, content, line_order) VALUES (2280, 208, '≝', 'what symbols convey', 3);
INSERT INTO operator_definition_lines (id, operator_id, prefix, content, line_order) VALUES (2281, 208, '≝', 'window to understanding', 4);
INSERT INTO operator_definition_lines (id, operator_id, prefix, content, line_order) VALUES (2282, 208, '∂', 'ℳ≠☊ (meant vs grasped)', 5);
INSERT INTO operator_definition_lines (id, operator_id, prefix, content, line_order) VALUES (2283, 208, '∂', 'ℳ≠⊚ (what meant vs how seen)', 6);
INSERT INTO operator_definition_lines (id, operator_id, prefix, content, line_order) VALUES (2284, 208, '∂', 'ℳ≠ꕥ (content vs carrier)', 7);
INSERT INTO operator_definition_lines (id, operator_id, prefix, content, line_order) VALUES (2285, 208, '⊛', 'word→ℳ', 8);
INSERT INTO operator_definition_lines (id, operator_id, prefix, content, line_order) VALUES (2286, 208, '⊛', 'ꕥ→ℳ', 9);
INSERT INTO operator_definition_lines (id, operator_id, prefix, content, line_order) VALUES (2287, 208, '⊛', 'ℳ/ꕥ→∞', 10);
INSERT INTO operator_definition_lines (id, operator_id, prefix, content, line_order) VALUES (2288, 208, '⊛', 'ℳ ☊ through ⥈', 11);
INSERT INTO operator_definition_lines (id, operator_id, prefix, content, line_order) VALUES (2289, 208, '⊛', '∇window→☊', 12);
INSERT INTO operator_definition_lines (id, operator_id, prefix, content, line_order) VALUES (2290, 208, '⊛', 'ℳ_ჭ', 13);
INSERT INTO operator_definition_lines (id, operator_id, prefix, content, line_order) VALUES (2291, 208, '⊛', 'word⥈word→emergent ℳ', 14);
INSERT INTO operator_definition_lines (id, operator_id, prefix, content, line_order) VALUES (2292, 208, '⊢', 'ℳ meaning ⊢ semantic content ⊢ interpretive yield', 15);
INSERT INTO operators (id, symbol, name, module_id, category_id) VALUES (209, '◭', 'language', 7, 30);
INSERT INTO symbols (symbol, codepoint, symbol_type, name) VALUES ('◭', 'U+25ED', 'operator', 'language');
INSERT INTO operator_definition_lines (id, operator_id, prefix, content, line_order) VALUES (2293, 209, '≡', 'language', 1);
INSERT INTO operator_definition_lines (id, operator_id, prefix, content, line_order) VALUES (2294, 209, '≡', 'semiotic_system', 2);
INSERT INTO operator_definition_lines (id, operator_id, prefix, content, line_order) VALUES (2295, 209, '≝', 'abstract language mechanism', 3);
INSERT INTO operator_definition_lines (id, operator_id, prefix, content, line_order) VALUES (2296, 209, '≝', 'how symbols work rhetorically', 4);
INSERT INTO operator_definition_lines (id, operator_id, prefix, content, line_order) VALUES (2297, 209, '∂', '◭≠⧩ (abstract system vs specific natural language)', 5);
INSERT INTO operator_definition_lines (id, operator_id, prefix, content, line_order) VALUES (2298, 209, '∂', '◭≠ꕥ (system vs notation unit)', 6);
INSERT INTO operator_definition_lines (id, operator_id, prefix, content, line_order) VALUES (2299, 209, '⊛', 'word→ℳ via ◭', 7);
INSERT INTO operator_definition_lines (id, operator_id, prefix, content, line_order) VALUES (2300, 209, '⊛', '◭ operates rhetorically via ⥅', 8);
INSERT INTO operator_definition_lines (id, operator_id, prefix, content, line_order) VALUES (2301, 209, '⊛', '◭_linked_by_↬', 9);
INSERT INTO operator_definition_lines (id, operator_id, prefix, content, line_order) VALUES (2302, 209, '⊛', '◭ works through ⥈', 10);
INSERT INTO operator_definition_lines (id, operator_id, prefix, content, line_order) VALUES (2303, 209, '⊛', 'how ◭ works=how you work', 11);
INSERT INTO operator_definition_lines (id, operator_id, prefix, content, line_order) VALUES (2304, 209, '⊛', 'symbols⋉meanings→◭_system', 12);
INSERT INTO operator_definition_lines (id, operator_id, prefix, content, line_order) VALUES (2305, 209, '⊢', '◭ language ⊢ semiotic mechanism ⊢ rhetorical operation', 13);
INSERT INTO operators (id, symbol, name, module_id, category_id) VALUES (210, '⩍', 'shared', 7, 30);
INSERT INTO symbols (symbol, codepoint, symbol_type, name) VALUES ('⩍', 'U+2A4D', 'operator', 'shared');
INSERT INTO operator_definition_lines (id, operator_id, prefix, content, line_order) VALUES (2306, 210, '≡', 'shared', 1);
INSERT INTO operator_definition_lines (id, operator_id, prefix, content, line_order) VALUES (2307, 210, '≡', 'intersubjective', 2);
INSERT INTO operator_definition_lines (id, operator_id, prefix, content, line_order) VALUES (2308, 210, '≝', 'collective meaning', 3);
INSERT INTO operator_definition_lines (id, operator_id, prefix, content, line_order) VALUES (2309, 210, '≝', 'consensus understanding', 4);
INSERT INTO operator_definition_lines (id, operator_id, prefix, content, line_order) VALUES (2310, 210, '∂', '⩍≠individual (requires multiple perspectives)', 5);
INSERT INTO operator_definition_lines (id, operator_id, prefix, content, line_order) VALUES (2311, 210, '∂', '⩍≠⌺ (process vs stable state)', 6);
INSERT INTO operator_definition_lines (id, operator_id, prefix, content, line_order) VALUES (2312, 210, '⊛', '┃≡⩍_inscriptions', 7);
INSERT INTO operator_definition_lines (id, operator_id, prefix, content, line_order) VALUES (2313, 210, '⊛', 'ℳ→⩍→⌺', 8);
INSERT INTO operator_definition_lines (id, operator_id, prefix, content, line_order) VALUES (2314, 210, '⊛', '⩍=consensus', 9);
INSERT INTO operator_definition_lines (id, operator_id, prefix, content, line_order) VALUES (2315, 210, '⊛', '⩍ ☊ via ⥅', 10);
INSERT INTO operator_definition_lines (id, operator_id, prefix, content, line_order) VALUES (2316, 210, '⊛', 'crystallized through ⩍ use', 11);
INSERT INTO operator_definition_lines (id, operator_id, prefix, content, line_order) VALUES (2317, 210, '⊢', '⩍ shared ⊢ intersubjective meaning ⊢ collective understanding', 12);

COMMIT;
